#
# There is insufficient memory for the Java Runtime Environment to continue.
# Native memory allocation (malloc) failed to allocate 1132576 bytes for Chunk::new
# Possible reasons:
#   The system is out of physical RAM or swap space
#   The process is running with CompressedOops enabled, and the Java Heap may be blocking the growth of the native heap
# Possible solutions:
#   Reduce memory load on the system
#   Increase physical memory or swap space
#   Check if swap backing store is full
#   Decrease Java heap size (-Xmx/-Xms)
#   Decrease number of Java threads
#   Decrease Java thread stack sizes (-Xss)
#   Set larger code cache with -XX:ReservedCodeCacheSize=
#   JVM is running with Unscaled Compressed Oops mode in which the Java heap is
#     placed in the first 4GB address space. The Java Heap base address is the
#     maximum limit for the native heap growth. Please use -XX:HeapBaseMinAddress
#     to set the Java Heap base and to place the Java Heap above 4GB virtual address.
# This output file may be truncated or incomplete.
#
#  Out of Memory Error (arena.cpp:189), pid=9460, tid=20592
#
# JRE version: Java(TM) SE Runtime Environment (17.0.11+7) (build 17.0.11+7-LTS-207)
# Java VM: Java HotSpot(TM) 64-Bit Server VM (17.0.11+7-LTS-207, mixed mode, sharing, tiered, compressed oops, compressed class ptrs, g1 gc, windows-amd64)
# No core dump will be written. Minidumps are not enabled by default on client versions of Windows
#

---------------  S U M M A R Y ------------

Command Line: -XX:MaxMetaspaceSize=512m --add-opens=java.base/java.util=ALL-UNNAMED --add-opens=java.base/java.lang=ALL-UNNAMED --add-opens=java.base/java.lang.invoke=ALL-UNNAMED --add-opens=java.prefs/java.util.prefs=ALL-UNNAMED --add-exports=jdk.compiler/com.sun.tools.javac.api=ALL-UNNAMED --add-exports=jdk.compiler/com.sun.tools.javac.util=ALL-UNNAMED --add-opens=java.base/java.nio.charset=ALL-UNNAMED --add-opens=java.base/java.net=ALL-UNNAMED --add-opens=java.base/java.util.concurrent.atomic=ALL-UNNAMED -Xmx2048m -Dfile.encoding=windows-1252 -Duser.country=IN -Duser.language=en -Duser.variant -javaagent:C:\Users\DELL\.gradle\wrapper\dists\gradle-8.10.2-all\7iv73wktx1xtkvlq19urqw1wm\gradle-8.10.2\lib\agents\gradle-instrumentation-agent-8.10.2.jar org.gradle.launcher.daemon.bootstrap.GradleDaemon 8.10.2

Host: 11th Gen Intel(R) Core(TM) i5-1135G7 @ 2.40GHz, 8 cores, 7G,  Windows 11 , 64 bit Build 22621 (10.0.22621.4391)
Time: Mon Dec  9 18:11:15 2024 India Standard Time elapsed time: 73.621451 seconds (0d 0h 1m 13s)

---------------  T H R E A D  ---------------

Current thread (0x0000019ff35fe970):  JavaThread "C2 CompilerThread1" daemon [_thread_in_native, id=20592, stack(0x0000005faaf00000,0x0000005fab000000)]


Current CompileTask:
C2:  73621 16245   !   4       org.gradle.internal.metaobject.BeanDynamicObject$MetaClassAdapter::getProperty (216 bytes)

Stack: [0x0000005faaf00000,0x0000005fab000000]
Native frames: (J=compiled Java code, j=interpreted, Vv=VM code, C=native code)
V  [jvm.dll+0x679cca]
V  [jvm.dll+0x7da13d]
V  [jvm.dll+0x7dba83]
V  [jvm.dll+0x7dc0f3]
V  [jvm.dll+0x2449af]
V  [jvm.dll+0xab83b]
V  [jvm.dll+0xabe1c]
V  [jvm.dll+0x3615ae]
V  [jvm.dll+0x1b9fca]
V  [jvm.dll+0x216337]
V  [jvm.dll+0x21560f]
V  [jvm.dll+0x1a2040]
V  [jvm.dll+0x225a2b]
V  [jvm.dll+0x223bcb]
V  [jvm.dll+0x7903ec]
V  [jvm.dll+0x78a85a]
V  [jvm.dll+0x678bb5]
C  [ucrtbase.dll+0x29333]
C  [KERNEL32.DLL+0x1259d]
C  [ntdll.dll+0x5af38]


---------------  P R O C E S S  ---------------

Threads class SMR info:
_java_thread_list=0x0000019feccb8fb0, length=146, elements={
0x0000019fa88ed7c0, 0x0000019fc8ab2430, 0x0000019fc8ab3790, 0x0000019fc8ac51f0,
0x0000019fc8ac5cc0, 0x0000019fc8ac8690, 0x0000019fc8acb060, 0x0000019fc8acbe00,
0x0000019fc8acf8d0, 0x0000019fc8ad02d0, 0x0000019fe80a0b50, 0x0000019fe813f7c0,
0x0000019fe951dc40, 0x0000019fe98681e0, 0x0000019fe8fe0530, 0x0000019fe925be90,
0x0000019fe9cc43f0, 0x0000019fe9cc4900, 0x0000019fe9cc2aa0, 0x0000019fe9cc4e10,
0x0000019fe9cc5830, 0x0000019fe9cc2590, 0x0000019fe9cc2fb0, 0x0000019fe9cc3ee0,
0x0000019fe9cc2080, 0x0000019fe9cc34c0, 0x0000019fe9cc5320, 0x0000019fe9cc39d0,
0x0000019fea91f750, 0x0000019fea91fc60, 0x0000019fea91ba90, 0x0000019fea921ac0,
0x0000019fea91e820, 0x0000019fea9210a0, 0x0000019fea91bfa0, 0x0000019fea91ed30,
0x0000019fea9224e0, 0x0000019fea91c4b0, 0x0000019fea91b580, 0x0000019fea91f240,
0x0000019fea91c9c0, 0x0000019fea91d8f0, 0x0000019fea920680, 0x0000019fea91de00,
0x0000019fea920170, 0x0000019fea920b90, 0x0000019fea91b070, 0x0000019fea9215b0,
0x0000019fea9229f0, 0x0000019fea91d3e0, 0x0000019fea91e310, 0x0000019febec13a0,
0x0000019febec4b50, 0x0000019febec5f90, 0x0000019febebff60, 0x0000019febec18b0,
0x0000019febec5060, 0x0000019febec27e0, 0x0000019febec2cf0, 0x0000019febec3200,
0x0000019febec5570, 0x0000019febec5a80, 0x0000019febec64a0, 0x0000019febec4130,
0x0000019febec1dc0, 0x0000019febec3710, 0x0000019febec22d0, 0x0000019febec3c20,
0x0000019febec4640, 0x0000019febec69b0, 0x0000019febec6ec0, 0x0000019febec73d0,
0x0000019febec78e0, 0x0000019febec0980, 0x0000019febec0e90, 0x0000019febf1c180,
0x0000019febf17fb0, 0x0000019febf1ef10, 0x0000019febf1d5c0, 0x0000019febf189d0,
0x0000019febf1ea00, 0x0000019febf193f0, 0x0000019febf1c690, 0x0000019febf1a830,
0x0000019febf1e4f0, 0x0000019febf18ee0, 0x0000019febf1f420, 0x0000019febf1a320,
0x0000019febf1f930, 0x0000019febf1ad40, 0x0000019febf19900, 0x0000019febf1d0b0,
0x0000019febf19e10, 0x0000019febf1dad0, 0x0000019febf1bc70, 0x0000019febf1b250,
0x0000019febf1dfe0, 0x0000019febf1b760, 0x0000019febf1cba0, 0x0000019febf184c0,
0x0000019fec846fd0, 0x0000019fec845680, 0x0000019fec8474e0, 0x0000019fec844750,
0x0000019fec8465b0, 0x0000019fec846ac0, 0x0000019fec845170, 0x0000019fec843d30,
0x0000019fec844c60, 0x0000019fec849340, 0x0000019fec8460a0, 0x0000019fec845b90,
0x0000019fec842e00, 0x0000019fec843820, 0x0000019fec849850, 0x0000019fec843310,
0x0000019fec844240, 0x0000019fec849d60, 0x0000019fec848410, 0x0000019fec8479f0,
0x0000019fec847f00, 0x0000019fec848920, 0x0000019fec848e30, 0x0000019fec8428f0,
0x0000019fec84a270, 0x0000019feb60ebb0, 0x0000019feb60fff0, 0x0000019feb60d260,
0x0000019feb60d770, 0x0000019feb60f0c0, 0x0000019feb60c840, 0x0000019feb610a10,
0x0000019feb610f20, 0x0000019feb60be20, 0x0000019feb60cd50, 0x0000019feb60b400,
0x0000019feb60dc80, 0x0000019feb609ab0, 0x0000019feb60e6a0, 0x0000019feb611430,
0x0000019feb609fc0, 0x0000019feb60e190, 0x0000019feccdd440, 0x0000019fecce2a50,
0x0000019feccdf2a0, 0x0000019ff35fe970
}

Java Threads: ( => current thread )
  0x0000019fa88ed7c0 JavaThread "main" [_thread_blocked, id=21820, stack(0x0000005fab200000,0x0000005fab300000)]
  0x0000019fc8ab2430 JavaThread "Reference Handler" daemon [_thread_blocked, id=22508, stack(0x0000005fab900000,0x0000005faba00000)]
  0x0000019fc8ab3790 JavaThread "Finalizer" daemon [_thread_blocked, id=8368, stack(0x0000005faba00000,0x0000005fabb00000)]
  0x0000019fc8ac51f0 JavaThread "Signal Dispatcher" daemon [_thread_blocked, id=22368, stack(0x0000005fabb00000,0x0000005fabc00000)]
  0x0000019fc8ac5cc0 JavaThread "Attach Listener" daemon [_thread_blocked, id=22500, stack(0x0000005fabc00000,0x0000005fabd00000)]
  0x0000019fc8ac8690 JavaThread "Service Thread" daemon [_thread_blocked, id=19260, stack(0x0000005fabd00000,0x0000005fabe00000)]
  0x0000019fc8acb060 JavaThread "Monitor Deflation Thread" daemon [_thread_blocked, id=21012, stack(0x0000005fabe00000,0x0000005fabf00000)]
  0x0000019fc8acbe00 JavaThread "C2 CompilerThread0" daemon [_thread_in_native, id=1764, stack(0x0000005fabf00000,0x0000005fac000000)]
  0x0000019fc8acf8d0 JavaThread "C1 CompilerThread0" daemon [_thread_blocked, id=20496, stack(0x0000005fac000000,0x0000005fac100000)]
  0x0000019fc8ad02d0 JavaThread "Sweeper thread" daemon [_thread_blocked, id=5788, stack(0x0000005fac100000,0x0000005fac200000)]
  0x0000019fe80a0b50 JavaThread "Common-Cleaner" daemon [_thread_blocked, id=1476, stack(0x0000005fac200000,0x0000005fac300000)]
  0x0000019fe813f7c0 JavaThread "Notification Thread" daemon [_thread_blocked, id=19956, stack(0x0000005fac300000,0x0000005fac400000)]
  0x0000019fe951dc40 JavaThread "Daemon health stats" [_thread_blocked, id=19808, stack(0x0000005fac900000,0x0000005faca00000)]
  0x0000019fe98681e0 JavaThread "Incoming local TCP Connector on port 50959" [_thread_in_native, id=10028, stack(0x0000005faca00000,0x0000005facb00000)]
  0x0000019fe8fe0530 JavaThread "Daemon periodic checks" [_thread_blocked, id=6936, stack(0x0000005facb00000,0x0000005facc00000)]
  0x0000019fe925be90 JavaThread "Daemon" [_thread_blocked, id=13744, stack(0x0000005facc00000,0x0000005facd00000)]
  0x0000019fe9cc43f0 JavaThread "Handler for socket connection from /127.0.0.1:50959 to /127.0.0.1:50960" [_thread_in_native, id=21028, stack(0x0000005facd00000,0x0000005face00000)]
  0x0000019fe9cc4900 JavaThread "Cancel handler" [_thread_blocked, id=11836, stack(0x0000005face00000,0x0000005facf00000)]
  0x0000019fe9cc2aa0 JavaThread "Daemon worker" [_thread_in_vm, id=4800, stack(0x0000005facf00000,0x0000005fad000000)]
  0x0000019fe9cc4e10 JavaThread "Asynchronous log dispatcher for DefaultDaemonConnection: socket connection from /127.0.0.1:50959 to /127.0.0.1:50960" [_thread_blocked, id=6564, stack(0x0000005fad000000,0x0000005fad100000)]
  0x0000019fe9cc5830 JavaThread "Stdin handler" [_thread_blocked, id=22040, stack(0x0000005fad100000,0x0000005fad200000)]
  0x0000019fe9cc2590 JavaThread "Daemon client event forwarder" [_thread_blocked, id=16200, stack(0x0000005fad200000,0x0000005fad300000)]
  0x0000019fe9cc2fb0 JavaThread "Cache worker for journal cache (C:\Users\DELL\.gradle\caches\journal-1)" [_thread_blocked, id=19900, stack(0x0000005fad300000,0x0000005fad400000)]
  0x0000019fe9cc3ee0 JavaThread "File lock request listener" [_thread_in_native, id=20412, stack(0x0000005fad400000,0x0000005fad500000)]
  0x0000019fe9cc2080 JavaThread "Cache worker for file hash cache (C:\Users\DELL\.gradle\caches\8.10.2\fileHashes)" [_thread_blocked, id=21472, stack(0x0000005fad500000,0x0000005fad600000)]
  0x0000019fe9cc34c0 JavaThread "File lock release action executor" [_thread_in_vm, id=10272, stack(0x0000005fad600000,0x0000005fad700000)]
  0x0000019fe9cc5320 JavaThread "Cache worker for file hash cache (C:\Users\DELL\mobile-App-v4\android\.gradle\8.10.2\fileHashes)" [_thread_blocked, id=18780, stack(0x0000005fada00000,0x0000005fadb00000)]
  0x0000019fe9cc39d0 JavaThread "Cache worker for Build Output Cleanup Cache (C:\Users\DELL\mobile-App-v4\android\.gradle\buildOutputCleanup)" [_thread_blocked, id=10612, stack(0x0000005fadb00000,0x0000005fadc00000)]
  0x0000019fea91f750 JavaThread "File watcher server" daemon [_thread_in_native, id=5364, stack(0x0000005fadd00000,0x0000005fade00000)]
  0x0000019fea91fc60 JavaThread "File watcher consumer" daemon [_thread_blocked, id=21676, stack(0x0000005fade00000,0x0000005fadf00000)]
  0x0000019fea91ba90 JavaThread "Cache worker for checksums cache (C:\Users\DELL\mobile-App-v4\android\.gradle\8.10.2\checksums)" [_thread_blocked, id=15012, stack(0x0000005fadf00000,0x0000005fae000000)]
  0x0000019fea921ac0 JavaThread "Cache worker for file content cache (C:\Users\DELL\.gradle\caches\8.10.2\fileContent)" [_thread_blocked, id=2720, stack(0x0000005fae000000,0x0000005fae100000)]
  0x0000019fea91e820 JavaThread "Cache worker for cache directory md-rule (C:\Users\DELL\.gradle\caches\8.10.2\md-rule)" [_thread_blocked, id=7144, stack(0x0000005fae100000,0x0000005fae200000)]
  0x0000019fea9210a0 JavaThread "Cache worker for cache directory md-supplier (C:\Users\DELL\.gradle\caches\8.10.2\md-supplier)" [_thread_blocked, id=22468, stack(0x0000005fae200000,0x0000005fae300000)]
  0x0000019fea91bfa0 JavaThread "jar transforms" [_thread_blocked, id=9304, stack(0x0000005fae300000,0x0000005fae400000)]
  0x0000019fea91ed30 JavaThread "Cache worker for Build Output Cleanup Cache (C:\Users\DELL\mobile-App-v4\node_modules\@react-native\gradle-plugin\.gradle\buildOutputCleanup)" [_thread_blocked, id=120, stack(0x0000005fae400000,0x0000005fae500000)]
  0x0000019fea9224e0 JavaThread "Unconstrained build operations" [_thread_blocked, id=18756, stack(0x0000005fae500000,0x0000005fae600000)]
  0x0000019fea91c4b0 JavaThread "Unconstrained build operations Thread 2" [_thread_blocked, id=20632, stack(0x0000005fae600000,0x0000005fae700000)]
  0x0000019fea91b580 JavaThread "Unconstrained build operations Thread 3" [_thread_blocked, id=8716, stack(0x0000005fae700000,0x0000005fae800000)]
  0x0000019fea91f240 JavaThread "Unconstrained build operations Thread 4" [_thread_blocked, id=22068, stack(0x0000005fae800000,0x0000005fae900000)]
  0x0000019fea91c9c0 JavaThread "Unconstrained build operations Thread 5" [_thread_blocked, id=18732, stack(0x0000005fae900000,0x0000005faea00000)]
  0x0000019fea91d8f0 JavaThread "Unconstrained build operations Thread 6" [_thread_blocked, id=14664, stack(0x0000005faea00000,0x0000005faeb00000)]
  0x0000019fea920680 JavaThread "Unconstrained build operations Thread 7" [_thread_blocked, id=19692, stack(0x0000005faec00000,0x0000005faed00000)]
  0x0000019fea91de00 JavaThread "Unconstrained build operations Thread 8" [_thread_blocked, id=21772, stack(0x0000005faed00000,0x0000005faee00000)]
  0x0000019fea920170 JavaThread "Unconstrained build operations Thread 9" [_thread_blocked, id=15024, stack(0x0000005faee00000,0x0000005faef00000)]
  0x0000019fea920b90 JavaThread "Unconstrained build operations Thread 10" [_thread_blocked, id=10248, stack(0x0000005faef00000,0x0000005faf000000)]
  0x0000019fea91b070 JavaThread "Unconstrained build operations Thread 11" [_thread_blocked, id=4756, stack(0x0000005faf000000,0x0000005faf100000)]
  0x0000019fea9215b0 JavaThread "Unconstrained build operations Thread 12" [_thread_blocked, id=21852, stack(0x0000005faf100000,0x0000005faf200000)]
  0x0000019fea9229f0 JavaThread "Unconstrained build operations Thread 13" [_thread_blocked, id=5440, stack(0x0000005faf200000,0x0000005faf300000)]
  0x0000019fea91d3e0 JavaThread "Unconstrained build operations Thread 14" [_thread_blocked, id=6716, stack(0x0000005faeb00000,0x0000005faec00000)]
  0x0000019fea91e310 JavaThread "Unconstrained build operations Thread 15" [_thread_blocked, id=8580, stack(0x0000005faf300000,0x0000005faf400000)]
  0x0000019febec13a0 JavaThread "Unconstrained build operations Thread 16" [_thread_blocked, id=12824, stack(0x0000005faf400000,0x0000005faf500000)]
  0x0000019febec4b50 JavaThread "Unconstrained build operations Thread 17" [_thread_blocked, id=17116, stack(0x0000005faf500000,0x0000005faf600000)]
  0x0000019febec5f90 JavaThread "Unconstrained build operations Thread 18" [_thread_blocked, id=21880, stack(0x0000005faf600000,0x0000005faf700000)]
  0x0000019febebff60 JavaThread "Unconstrained build operations Thread 19" [_thread_blocked, id=21920, stack(0x0000005faf700000,0x0000005faf800000)]
  0x0000019febec18b0 JavaThread "Unconstrained build operations Thread 20" [_thread_blocked, id=21152, stack(0x0000005faf800000,0x0000005faf900000)]
  0x0000019febec5060 JavaThread "Unconstrained build operations Thread 21" [_thread_blocked, id=21992, stack(0x0000005faf900000,0x0000005fafa00000)]
  0x0000019febec27e0 JavaThread "Unconstrained build operations Thread 22" [_thread_blocked, id=4116, stack(0x0000005fafa00000,0x0000005fafb00000)]
  0x0000019febec2cf0 JavaThread "Unconstrained build operations Thread 23" [_thread_blocked, id=18816, stack(0x0000005fafb00000,0x0000005fafc00000)]
  0x0000019febec3200 JavaThread "Unconstrained build operations Thread 24" [_thread_blocked, id=1324, stack(0x0000005fafc00000,0x0000005fafd00000)]
  0x0000019febec5570 JavaThread "Unconstrained build operations Thread 25" [_thread_blocked, id=11092, stack(0x0000005fafd00000,0x0000005fafe00000)]
  0x0000019febec5a80 JavaThread "Unconstrained build operations Thread 26" [_thread_blocked, id=12348, stack(0x0000005fafe00000,0x0000005faff00000)]
  0x0000019febec64a0 JavaThread "Unconstrained build operations Thread 27" [_thread_blocked, id=13664, stack(0x0000005faff00000,0x0000005fb0000000)]
  0x0000019febec4130 JavaThread "Memory manager" [_thread_blocked, id=21868, stack(0x0000005fb0100000,0x0000005fb0200000)]
  0x0000019febec1dc0 JavaThread "build event listener" [_thread_blocked, id=16464, stack(0x0000005fb0200000,0x0000005fb0300000)]
  0x0000019febec3710 JavaThread "ForkJoinPool.commonPool-worker-1" daemon [_thread_blocked, id=2660, stack(0x0000005fb0000000,0x0000005fb0100000)]
  0x0000019febec22d0 JavaThread "ForkJoinPool.commonPool-worker-2" daemon [_thread_blocked, id=11276, stack(0x0000005fb0500000,0x0000005fb0600000)]
  0x0000019febec3c20 JavaThread "ForkJoinPool.commonPool-worker-3" daemon [_thread_blocked, id=21792, stack(0x0000005fb0600000,0x0000005fb0700000)]
  0x0000019febec4640 JavaThread "ForkJoinPool.commonPool-worker-4" daemon [_thread_blocked, id=20756, stack(0x0000005fb0700000,0x0000005fb0800000)]
  0x0000019febec69b0 JavaThread "ForkJoinPool.commonPool-worker-5" daemon [_thread_blocked, id=8424, stack(0x0000005fb0800000,0x0000005fb0900000)]
  0x0000019febec6ec0 JavaThread "ForkJoinPool.commonPool-worker-6" daemon [_thread_blocked, id=19944, stack(0x0000005fb0900000,0x0000005fb0a00000)]
  0x0000019febec73d0 JavaThread "ForkJoinPool.commonPool-worker-7" daemon [_thread_blocked, id=13320, stack(0x0000005fb0a00000,0x0000005fb0b00000)]
  0x0000019febec78e0 JavaThread "Exec process" [_thread_blocked, id=16320, stack(0x0000005fb0b00000,0x0000005fb0c00000)]
  0x0000019febec0980 JavaThread "Exec process Thread 2" [_thread_blocked, id=16564, stack(0x0000005fb0c00000,0x0000005fb0d00000)]
  0x0000019febec0e90 JavaThread "Exec process Thread 3" [_thread_blocked, id=7692, stack(0x0000005fb0d00000,0x0000005fb0e00000)]
  0x0000019febf1c180 JavaThread "included builds" [_thread_blocked, id=21848, stack(0x0000005fb0f00000,0x0000005fb1000000)]
  0x0000019febf17fb0 JavaThread "Execution worker" [_thread_blocked, id=3132, stack(0x0000005fb1000000,0x0000005fb1100000)]
  0x0000019febf1ef10 JavaThread "Execution worker Thread 2" [_thread_blocked, id=15420, stack(0x0000005fb1100000,0x0000005fb1200000)]
  0x0000019febf1d5c0 JavaThread "Execution worker Thread 3" [_thread_blocked, id=16612, stack(0x0000005fb1200000,0x0000005fb1300000)]
  0x0000019febf189d0 JavaThread "Execution worker Thread 4" [_thread_blocked, id=18992, stack(0x0000005fb1300000,0x0000005fb1400000)]
  0x0000019febf1ea00 JavaThread "Execution worker Thread 5" [_thread_blocked, id=20760, stack(0x0000005fb1400000,0x0000005fb1500000)]
  0x0000019febf193f0 JavaThread "Execution worker Thread 6" [_thread_blocked, id=12720, stack(0x0000005fb1500000,0x0000005fb1600000)]
  0x0000019febf1c690 JavaThread "Execution worker Thread 7" [_thread_blocked, id=3572, stack(0x0000005fb1600000,0x0000005fb1700000)]
  0x0000019febf1a830 JavaThread "Cache worker for execution history cache (C:\Users\DELL\mobile-App-v4\node_modules\@react-native\gradle-plugin\.gradle\8.10.2\executionHistory)" [_thread_blocked, id=15280, stack(0x0000005fb1700000,0x0000005fb1800000)]
  0x0000019febf1e4f0 JavaThread "Unconstrained build operations Thread 28" [_thread_blocked, id=18544, stack(0x0000005fb1800000,0x0000005fb1900000)]
  0x0000019febf18ee0 JavaThread "Unconstrained build operations Thread 29" [_thread_blocked, id=7556, stack(0x0000005fb1900000,0x0000005fb1a00000)]
  0x0000019febf1f420 JavaThread "Unconstrained build operations Thread 30" [_thread_blocked, id=11044, stack(0x0000005fb1a00000,0x0000005fb1b00000)]
  0x0000019febf1a320 JavaThread "Unconstrained build operations Thread 31" [_thread_blocked, id=20348, stack(0x0000005fb1b00000,0x0000005fb1c00000)]
  0x0000019febf1f930 JavaThread "Unconstrained build operations Thread 32" [_thread_blocked, id=19020, stack(0x0000005fb1c00000,0x0000005fb1d00000)]
  0x0000019febf1ad40 JavaThread "Unconstrained build operations Thread 33" [_thread_blocked, id=3584, stack(0x0000005fb1d00000,0x0000005fb1e00000)]
  0x0000019febf19900 JavaThread "Unconstrained build operations Thread 34" [_thread_blocked, id=2672, stack(0x0000005fb1e00000,0x0000005fb1f00000)]
  0x0000019febf1d0b0 JavaThread "Unconstrained build operations Thread 35" [_thread_blocked, id=19748, stack(0x0000005fb1f00000,0x0000005fb2000000)]
  0x0000019febf19e10 JavaThread "Unconstrained build operations Thread 36" [_thread_blocked, id=1740, stack(0x0000005fb2000000,0x0000005fb2100000)]
  0x0000019febf1dad0 JavaThread "Unconstrained build operations Thread 37" [_thread_blocked, id=19600, stack(0x0000005fb2100000,0x0000005fb2200000)]
  0x0000019febf1bc70 JavaThread "Unconstrained build operations Thread 38" [_thread_blocked, id=7920, stack(0x0000005fb2200000,0x0000005fb2300000)]
  0x0000019febf1b250 JavaThread "Unconstrained build operations Thread 39" [_thread_blocked, id=20132, stack(0x0000005fb2300000,0x0000005fb2400000)]
  0x0000019febf1dfe0 JavaThread "Unconstrained build operations Thread 40" [_thread_blocked, id=12372, stack(0x0000005fb2400000,0x0000005fb2500000)]
  0x0000019febf1b760 JavaThread "Unconstrained build operations Thread 41" [_thread_blocked, id=18488, stack(0x0000005fb2500000,0x0000005fb2600000)]
  0x0000019febf1cba0 JavaThread "Unconstrained build operations Thread 42" [_thread_blocked, id=19064, stack(0x0000005fb2600000,0x0000005fb2700000)]
  0x0000019febf184c0 JavaThread "Unconstrained build operations Thread 43" [_thread_blocked, id=21368, stack(0x0000005fb2700000,0x0000005fb2800000)]
  0x0000019fec846fd0 JavaThread "Unconstrained build operations Thread 44" [_thread_blocked, id=20848, stack(0x0000005fb2800000,0x0000005fb2900000)]
  0x0000019fec845680 JavaThread "Unconstrained build operations Thread 45" [_thread_blocked, id=2388, stack(0x0000005fb2900000,0x0000005fb2a00000)]
  0x0000019fec8474e0 JavaThread "Unconstrained build operations Thread 46" [_thread_blocked, id=20468, stack(0x0000005fb2a00000,0x0000005fb2b00000)]
  0x0000019fec844750 JavaThread "Unconstrained build operations Thread 47" [_thread_blocked, id=14648, stack(0x0000005fb2b00000,0x0000005fb2c00000)]
  0x0000019fec8465b0 JavaThread "Unconstrained build operations Thread 48" [_thread_blocked, id=10144, stack(0x0000005fb2c00000,0x0000005fb2d00000)]
  0x0000019fec846ac0 JavaThread "Unconstrained build operations Thread 49" [_thread_blocked, id=21928, stack(0x0000005fb2d00000,0x0000005fb2e00000)]
  0x0000019fec845170 JavaThread "Unconstrained build operations Thread 50" [_thread_blocked, id=12044, stack(0x0000005fb2e00000,0x0000005fb2f00000)]
  0x0000019fec843d30 JavaThread "Unconstrained build operations Thread 51" [_thread_blocked, id=21784, stack(0x0000005fb2f00000,0x0000005fb3000000)]
  0x0000019fec844c60 JavaThread "Unconstrained build operations Thread 52" [_thread_blocked, id=4684, stack(0x0000005fb3000000,0x0000005fb3100000)]
  0x0000019fec849340 JavaThread "Unconstrained build operations Thread 53" [_thread_blocked, id=2592, stack(0x0000005fb3100000,0x0000005fb3200000)]
  0x0000019fec8460a0 JavaThread "Unconstrained build operations Thread 54" [_thread_blocked, id=22452, stack(0x0000005fb3200000,0x0000005fb3300000)]
  0x0000019fec845b90 JavaThread "Unconstrained build operations Thread 55" [_thread_blocked, id=21656, stack(0x0000005fb3300000,0x0000005fb3400000)]
  0x0000019fec842e00 JavaThread "Unconstrained build operations Thread 56" [_thread_blocked, id=800, stack(0x0000005fb3400000,0x0000005fb3500000)]
  0x0000019fec843820 JavaThread "Unconstrained build operations Thread 57" [_thread_blocked, id=20552, stack(0x0000005fb3500000,0x0000005fb3600000)]
  0x0000019fec849850 JavaThread "Unconstrained build operations Thread 58" [_thread_blocked, id=7620, stack(0x0000005fb3600000,0x0000005fb3700000)]
  0x0000019fec843310 JavaThread "Unconstrained build operations Thread 59" [_thread_blocked, id=8492, stack(0x0000005fb3700000,0x0000005fb3800000)]
  0x0000019fec844240 JavaThread "Unconstrained build operations Thread 60" [_thread_blocked, id=13624, stack(0x0000005fb3800000,0x0000005fb3900000)]
  0x0000019fec849d60 JavaThread "Unconstrained build operations Thread 61" [_thread_blocked, id=15548, stack(0x0000005fb3900000,0x0000005fb3a00000)]
  0x0000019fec848410 JavaThread "Unconstrained build operations Thread 62" [_thread_blocked, id=6072, stack(0x0000005fb3a00000,0x0000005fb3b00000)]
  0x0000019fec8479f0 JavaThread "Unconstrained build operations Thread 63" [_thread_blocked, id=9280, stack(0x0000005fb3b00000,0x0000005fb3c00000)]
  0x0000019fec847f00 JavaThread "Unconstrained build operations Thread 64" [_thread_blocked, id=1752, stack(0x0000005fb3c00000,0x0000005fb3d00000)]
  0x0000019fec848920 JavaThread "Unconstrained build operations Thread 65" [_thread_blocked, id=8660, stack(0x0000005fb3d00000,0x0000005fb3e00000)]
  0x0000019fec848e30 JavaThread "Unconstrained build operations Thread 66" [_thread_blocked, id=22116, stack(0x0000005fb3e00000,0x0000005fb3f00000)]
  0x0000019fec8428f0 JavaThread "Unconstrained build operations Thread 67" [_thread_blocked, id=9348, stack(0x0000005fb3f00000,0x0000005fb4000000)]
  0x0000019fec84a270 JavaThread "Unconstrained build operations Thread 68" [_thread_blocked, id=4536, stack(0x0000005fb4000000,0x0000005fb4100000)]
  0x0000019feb60ebb0 JavaThread "Unconstrained build operations Thread 69" [_thread_blocked, id=19840, stack(0x0000005fb4100000,0x0000005fb4200000)]
  0x0000019feb60fff0 JavaThread "Unconstrained build operations Thread 70" [_thread_blocked, id=7560, stack(0x0000005fb4200000,0x0000005fb4300000)]
  0x0000019feb60d260 JavaThread "Unconstrained build operations Thread 71" [_thread_blocked, id=7016, stack(0x0000005fb4300000,0x0000005fb4400000)]
  0x0000019feb60d770 JavaThread "Unconstrained build operations Thread 72" [_thread_blocked, id=14388, stack(0x0000005fb4400000,0x0000005fb4500000)]
  0x0000019feb60f0c0 JavaThread "jar transforms Thread 2" [_thread_blocked, id=10756, stack(0x0000005fb4500000,0x0000005fb4600000)]
  0x0000019feb60c840 JavaThread "jar transforms Thread 3" [_thread_blocked, id=4788, stack(0x0000005fb4600000,0x0000005fb4700000)]
  0x0000019feb610a10 JavaThread "Unconstrained build operations Thread 73" [_thread_blocked, id=1936, stack(0x0000005fb4700000,0x0000005fb4800000)]
  0x0000019feb610f20 JavaThread "Unconstrained build operations Thread 74" [_thread_blocked, id=15096, stack(0x0000005fb4800000,0x0000005fb4900000)]
  0x0000019feb60be20 JavaThread "Unconstrained build operations Thread 75" [_thread_blocked, id=19152, stack(0x0000005fb4900000,0x0000005fb4a00000)]
  0x0000019feb60cd50 JavaThread "Unconstrained build operations Thread 76" [_thread_blocked, id=14096, stack(0x0000005fb4a00000,0x0000005fb4b00000)]
  0x0000019feb60b400 JavaThread "Unconstrained build operations Thread 77" [_thread_blocked, id=22444, stack(0x0000005fb4b00000,0x0000005fb4c00000)]
  0x0000019feb60dc80 JavaThread "Unconstrained build operations Thread 78" [_thread_blocked, id=18684, stack(0x0000005fb4c00000,0x0000005fb4d00000)]
  0x0000019feb609ab0 JavaThread "Unconstrained build operations Thread 79" [_thread_blocked, id=22136, stack(0x0000005fb4d00000,0x0000005fb4e00000)]
  0x0000019feb60e6a0 JavaThread "Unconstrained build operations Thread 80" [_thread_blocked, id=8912, stack(0x0000005fb4e00000,0x0000005fb4f00000)]
  0x0000019feb611430 JavaThread "jar transforms Thread 4" [_thread_blocked, id=2172, stack(0x0000005fb4f00000,0x0000005fb5000000)]
  0x0000019feb609fc0 JavaThread "jar transforms Thread 5" [_thread_blocked, id=13396, stack(0x0000005fb5000000,0x0000005fb5100000)]
  0x0000019feb60e190 JavaThread "jar transforms Thread 6" [_thread_blocked, id=18052, stack(0x0000005fb5100000,0x0000005fb5200000)]
  0x0000019feccdd440 JavaThread "build event listener" [_thread_blocked, id=22164, stack(0x0000005fb0e00000,0x0000005fb0f00000)]
  0x0000019fecce2a50 JavaThread "jar transforms Thread 7" [_thread_blocked, id=20932, stack(0x0000005fb5200000,0x0000005fb5300000)]
  0x0000019feccdf2a0 JavaThread "jar transforms Thread 8" [_thread_blocked, id=112, stack(0x0000005fb5300000,0x0000005fb5400000)]
=>0x0000019ff35fe970 JavaThread "C2 CompilerThread1" daemon [_thread_in_native, id=20592, stack(0x0000005faaf00000,0x0000005fab000000)]

Other Threads:
  0x0000019fc8aac620 VMThread "VM Thread" [stack: 0x0000005fab800000,0x0000005fab900000] [id=12948]
  0x0000019fe81b5190 WatcherThread [stack: 0x0000005fac400000,0x0000005fac500000] [id=21872]
  0x0000019fa8949740 GCTaskThread "GC Thread#0" [stack: 0x0000005fab300000,0x0000005fab400000] [id=16524]
  0x0000019fe860ed00 GCTaskThread "GC Thread#1" [stack: 0x0000005fac500000,0x0000005fac600000] [id=19644]
  0x0000019fe8805320 GCTaskThread "GC Thread#2" [stack: 0x0000005fac600000,0x0000005fac700000] [id=12148]
  0x0000019fe8348930 GCTaskThread "GC Thread#3" [stack: 0x0000005fac700000,0x0000005fac800000] [id=9968]
  0x0000019fe8ff9aa0 GCTaskThread "GC Thread#4" [stack: 0x0000005fac800000,0x0000005fac900000] [id=21280]
  0x0000019fe8edea50 GCTaskThread "GC Thread#5" [stack: 0x0000005fad700000,0x0000005fad800000] [id=1932]
  0x0000019fea8ab020 GCTaskThread "GC Thread#6" [stack: 0x0000005fad800000,0x0000005fad900000] [id=16040]
  0x0000019fea8ab2e0 GCTaskThread "GC Thread#7" [stack: 0x0000005fad900000,0x0000005fada00000] [id=14932]
  0x0000019fa895a690 ConcurrentGCThread "G1 Main Marker" [stack: 0x0000005fab400000,0x0000005fab500000] [id=21812]
  0x0000019fa895b0a0 ConcurrentGCThread "G1 Conc#0" [stack: 0x0000005fab500000,0x0000005fab600000] [id=17336]
  0x0000019fe9f6f470 ConcurrentGCThread "G1 Conc#1" [stack: 0x0000005fadc00000,0x0000005fadd00000] [id=17460]
  0x0000019fa89ae9c0 ConcurrentGCThread "G1 Refine#0" [stack: 0x0000005fab600000,0x0000005fab700000] [id=21636]
  0x0000019fc8965d70 ConcurrentGCThread "G1 Service" [stack: 0x0000005fab700000,0x0000005fab800000] [id=2452]

Threads with active compile tasks:
C2 CompilerThread0    73656 16327       4       kotlin.text.StringsKt__StringsJVMKt::startsWith$default (15 bytes)
C2 CompilerThread1    73656 16245   !   4       org.gradle.internal.metaobject.BeanDynamicObject$MetaClassAdapter::getProperty (216 bytes)

VM state: not at safepoint (normal execution)

VM Mutex/Monitor currently owned by a thread: None

Heap address: 0x0000000080000000, size: 2048 MB, Compressed Oops mode: 32-bit

CDS archive(s) mapped at: [0x0000019fc9000000-0x0000019fc9bd0000-0x0000019fc9bd0000), size 12386304, SharedBaseAddress: 0x0000019fc9000000, ArchiveRelocationMode: 1.
Compressed class space mapped at: 0x0000019fca000000-0x0000019fe4000000, reserved size: 436207616
Narrow klass base: 0x0000019fc9000000, Narrow klass shift: 0, Narrow klass range: 0x100000000

GC Precious Log:
 CPUs: 8 total, 8 available
 Memory: 7926M
 Large Page Support: Disabled
 NUMA Support: Disabled
 Compressed Oops: Enabled (32-bit)
 Heap Region Size: 1M
 Heap Min Capacity: 8M
 Heap Initial Capacity: 124M
 Heap Max Capacity: 2G
 Pre-touch: Disabled
 Parallel Workers: 8
 Concurrent Workers: 2
 Concurrent Refinement Workers: 8
 Periodic GC: Disabled

Heap:
 garbage-first heap   total 394240K, used 258415K [0x0000000080000000, 0x0000000100000000)
  region size 1024K, 45 young (46080K), 4 survivors (4096K)
 Metaspace       used 107920K, committed 109440K, reserved 557056K
  class space    used 15147K, committed 15808K, reserved 425984K

Heap Regions: E=young(eden), S=young(survivor), O=old, HS=humongous(starts), HC=humongous(continues), CS=collection set, F=free, OA=open archive, CA=closed archive, TAMS=top-at-mark-start (previous, next)
|   0|0x0000000080000000, 0x0000000080100000, 0x0000000080100000|100%| O|  |TAMS 0x0000000080100000, 0x0000000080000000| Untracked 
|   1|0x0000000080100000, 0x0000000080200000, 0x0000000080200000|100%| O|  |TAMS 0x0000000080200000, 0x0000000080100000| Untracked 
|   2|0x0000000080200000, 0x0000000080300000, 0x0000000080300000|100%|HS|  |TAMS 0x0000000080300000, 0x0000000080200000| Complete 
|   3|0x0000000080300000, 0x0000000080400000, 0x0000000080400000|100%|HC|  |TAMS 0x0000000080400000, 0x0000000080300000| Complete 
|   4|0x0000000080400000, 0x0000000080500000, 0x0000000080500000|100%|HC|  |TAMS 0x0000000080500000, 0x0000000080400000| Complete 
|   5|0x0000000080500000, 0x0000000080600000, 0x0000000080600000|100%|HC|  |TAMS 0x0000000080600000, 0x0000000080500000| Complete 
|   6|0x0000000080600000, 0x0000000080700000, 0x0000000080700000|100%| O|  |TAMS 0x0000000080700000, 0x0000000080600000| Untracked 
|   7|0x0000000080700000, 0x0000000080800000, 0x0000000080800000|100%| O|  |TAMS 0x0000000080800000, 0x0000000080700000| Untracked 
|   8|0x0000000080800000, 0x0000000080900000, 0x0000000080900000|100%| O|  |TAMS 0x0000000080900000, 0x0000000080800000| Untracked 
|   9|0x0000000080900000, 0x0000000080a00000, 0x0000000080a00000|100%|HS|  |TAMS 0x0000000080a00000, 0x0000000080900000| Complete 
|  10|0x0000000080a00000, 0x0000000080b00000, 0x0000000080b00000|100%| O|  |TAMS 0x0000000080b00000, 0x0000000080a00000| Untracked 
|  11|0x0000000080b00000, 0x0000000080c00000, 0x0000000080c00000|100%| O|  |TAMS 0x0000000080c00000, 0x0000000080b00000| Untracked 
|  12|0x0000000080c00000, 0x0000000080d00000, 0x0000000080d00000|100%| O|  |TAMS 0x0000000080d00000, 0x0000000080c00000| Untracked 
|  13|0x0000000080d00000, 0x0000000080e00000, 0x0000000080e00000|100%| O|  |TAMS 0x0000000080e00000, 0x0000000080d00000| Untracked 
|  14|0x0000000080e00000, 0x0000000080f00000, 0x0000000080f00000|100%| O|  |TAMS 0x0000000080f00000, 0x0000000080e00000| Untracked 
|  15|0x0000000080f00000, 0x0000000081000000, 0x0000000081000000|100%| O|  |TAMS 0x0000000081000000, 0x0000000080f00000| Untracked 
|  16|0x0000000081000000, 0x0000000081100000, 0x0000000081100000|100%| O|  |TAMS 0x0000000081100000, 0x0000000081000000| Untracked 
|  17|0x0000000081100000, 0x0000000081200000, 0x0000000081200000|100%| O|  |TAMS 0x0000000081200000, 0x0000000081100000| Untracked 
|  18|0x0000000081200000, 0x0000000081300000, 0x0000000081300000|100%| O|  |TAMS 0x0000000081300000, 0x0000000081200000| Untracked 
|  19|0x0000000081300000, 0x0000000081400000, 0x0000000081400000|100%| O|  |TAMS 0x0000000081400000, 0x0000000081300000| Untracked 
|  20|0x0000000081400000, 0x0000000081500000, 0x0000000081500000|100%| O|  |TAMS 0x0000000081500000, 0x0000000081400000| Untracked 
|  21|0x0000000081500000, 0x0000000081600000, 0x0000000081600000|100%| O|  |TAMS 0x0000000081600000, 0x0000000081500000| Untracked 
|  22|0x0000000081600000, 0x0000000081700000, 0x0000000081700000|100%|HS|  |TAMS 0x0000000081700000, 0x0000000081600000| Complete 
|  23|0x0000000081700000, 0x0000000081800000, 0x0000000081800000|100%| O|  |TAMS 0x0000000081800000, 0x0000000081700000| Untracked 
|  24|0x0000000081800000, 0x0000000081900000, 0x0000000081900000|100%| O|  |TAMS 0x0000000081900000, 0x0000000081800000| Untracked 
|  25|0x0000000081900000, 0x0000000081a00000, 0x0000000081a00000|100%| O|  |TAMS 0x0000000081a00000, 0x0000000081900000| Untracked 
|  26|0x0000000081a00000, 0x0000000081b00000, 0x0000000081b00000|100%| O|  |TAMS 0x0000000081b00000, 0x0000000081a00000| Untracked 
|  27|0x0000000081b00000, 0x0000000081c00000, 0x0000000081c00000|100%| O|  |TAMS 0x0000000081c00000, 0x0000000081b00000| Untracked 
|  28|0x0000000081c00000, 0x0000000081d00000, 0x0000000081d00000|100%| O|  |TAMS 0x0000000081d00000, 0x0000000081c00000| Untracked 
|  29|0x0000000081d00000, 0x0000000081e00000, 0x0000000081e00000|100%| O|  |TAMS 0x0000000081e00000, 0x0000000081d00000| Untracked 
|  30|0x0000000081e00000, 0x0000000081f00000, 0x0000000081f00000|100%| O|  |TAMS 0x0000000081f00000, 0x0000000081e00000| Untracked 
|  31|0x0000000081f00000, 0x0000000082000000, 0x0000000082000000|100%| O|  |TAMS 0x0000000082000000, 0x0000000081f00000| Untracked 
|  32|0x0000000082000000, 0x0000000082100000, 0x0000000082100000|100%| O|  |TAMS 0x0000000082100000, 0x0000000082000000| Untracked 
|  33|0x0000000082100000, 0x0000000082200000, 0x0000000082200000|100%| O|  |TAMS 0x0000000082200000, 0x0000000082100000| Untracked 
|  34|0x0000000082200000, 0x0000000082300000, 0x0000000082300000|100%| O|  |TAMS 0x0000000082300000, 0x0000000082200000| Untracked 
|  35|0x0000000082300000, 0x0000000082400000, 0x0000000082400000|100%| O|  |TAMS 0x0000000082400000, 0x0000000082300000| Untracked 
|  36|0x0000000082400000, 0x0000000082500000, 0x0000000082500000|100%| O|  |TAMS 0x0000000082500000, 0x0000000082400000| Untracked 
|  37|0x0000000082500000, 0x0000000082600000, 0x0000000082600000|100%| O|  |TAMS 0x0000000082600000, 0x0000000082500000| Untracked 
|  38|0x0000000082600000, 0x0000000082700000, 0x0000000082700000|100%| O|  |TAMS 0x0000000082700000, 0x0000000082600000| Untracked 
|  39|0x0000000082700000, 0x0000000082800000, 0x0000000082800000|100%| O|  |TAMS 0x0000000082800000, 0x0000000082700000| Untracked 
|  40|0x0000000082800000, 0x0000000082900000, 0x0000000082900000|100%|HS|  |TAMS 0x0000000082900000, 0x0000000082800000| Complete 
|  41|0x0000000082900000, 0x0000000082a00000, 0x0000000082a00000|100%|HC|  |TAMS 0x0000000082a00000, 0x0000000082900000| Complete 
|  42|0x0000000082a00000, 0x0000000082b00000, 0x0000000082b00000|100%|HS|  |TAMS 0x0000000082b00000, 0x0000000082a00000| Complete 
|  43|0x0000000082b00000, 0x0000000082c00000, 0x0000000082c00000|100%|HC|  |TAMS 0x0000000082c00000, 0x0000000082b00000| Complete 
|  44|0x0000000082c00000, 0x0000000082d00000, 0x0000000082d00000|100%| O|  |TAMS 0x0000000082d00000, 0x0000000082c00000| Untracked 
|  45|0x0000000082d00000, 0x0000000082e00000, 0x0000000082e00000|100%|HS|  |TAMS 0x0000000082e00000, 0x0000000082d00000| Complete 
|  46|0x0000000082e00000, 0x0000000082f00000, 0x0000000082f00000|100%|HC|  |TAMS 0x0000000082f00000, 0x0000000082e00000| Complete 
|  47|0x0000000082f00000, 0x0000000083000000, 0x0000000083000000|100%|HC|  |TAMS 0x0000000083000000, 0x0000000082f00000| Complete 
|  48|0x0000000083000000, 0x0000000083100000, 0x0000000083100000|100%|HC|  |TAMS 0x0000000083100000, 0x0000000083000000| Complete 
|  49|0x0000000083100000, 0x0000000083200000, 0x0000000083200000|100%|HS|  |TAMS 0x0000000083200000, 0x0000000083100000| Complete 
|  50|0x0000000083200000, 0x0000000083300000, 0x0000000083300000|100%|HC|  |TAMS 0x0000000083300000, 0x0000000083200000| Complete 
|  51|0x0000000083300000, 0x0000000083400000, 0x0000000083400000|100%|HC|  |TAMS 0x0000000083400000, 0x0000000083300000| Complete 
|  52|0x0000000083400000, 0x0000000083500000, 0x0000000083500000|100%|HC|  |TAMS 0x0000000083500000, 0x0000000083400000| Complete 
|  53|0x0000000083500000, 0x0000000083600000, 0x0000000083600000|100%| O|  |TAMS 0x0000000083600000, 0x0000000083500000| Untracked 
|  54|0x0000000083600000, 0x0000000083700000, 0x0000000083700000|100%| O|  |TAMS 0x0000000083700000, 0x0000000083600000| Untracked 
|  55|0x0000000083700000, 0x0000000083800000, 0x0000000083800000|100%| O|  |TAMS 0x0000000083800000, 0x0000000083700000| Untracked 
|  56|0x0000000083800000, 0x0000000083900000, 0x0000000083900000|100%| O|  |TAMS 0x0000000083900000, 0x0000000083800000| Untracked 
|  57|0x0000000083900000, 0x0000000083a00000, 0x0000000083a00000|100%| O|  |TAMS 0x0000000083a00000, 0x0000000083900000| Untracked 
|  58|0x0000000083a00000, 0x0000000083b00000, 0x0000000083b00000|100%| O|  |TAMS 0x0000000083b00000, 0x0000000083a00000| Untracked 
|  59|0x0000000083b00000, 0x0000000083c00000, 0x0000000083c00000|100%| O|  |TAMS 0x0000000083c00000, 0x0000000083b00000| Untracked 
|  60|0x0000000083c00000, 0x0000000083d00000, 0x0000000083d00000|100%| O|  |TAMS 0x0000000083d00000, 0x0000000083c00000| Untracked 
|  61|0x0000000083d00000, 0x0000000083e00000, 0x0000000083e00000|100%| O|  |TAMS 0x0000000083e00000, 0x0000000083d00000| Untracked 
|  62|0x0000000083e00000, 0x0000000083f00000, 0x0000000083f00000|100%| O|  |TAMS 0x0000000083f00000, 0x0000000083e00000| Untracked 
|  63|0x0000000083f00000, 0x0000000084000000, 0x0000000084000000|100%| O|  |TAMS 0x0000000084000000, 0x0000000083f00000| Untracked 
|  64|0x0000000084000000, 0x0000000084100000, 0x0000000084100000|100%| O|  |TAMS 0x0000000084100000, 0x0000000084000000| Untracked 
|  65|0x0000000084100000, 0x0000000084200000, 0x0000000084200000|100%| O|  |TAMS 0x0000000084200000, 0x0000000084100000| Untracked 
|  66|0x0000000084200000, 0x0000000084300000, 0x0000000084300000|100%| O|  |TAMS 0x0000000084300000, 0x0000000084200000| Untracked 
|  67|0x0000000084300000, 0x0000000084400000, 0x0000000084400000|100%| O|  |TAMS 0x0000000084400000, 0x0000000084300000| Untracked 
|  68|0x0000000084400000, 0x0000000084500000, 0x0000000084500000|100%| O|  |TAMS 0x0000000084500000, 0x0000000084400000| Untracked 
|  69|0x0000000084500000, 0x0000000084600000, 0x0000000084600000|100%|HS|  |TAMS 0x0000000084600000, 0x0000000084500000| Complete 
|  70|0x0000000084600000, 0x0000000084700000, 0x0000000084700000|100%| O|  |TAMS 0x0000000084700000, 0x0000000084600000| Untracked 
|  71|0x0000000084700000, 0x0000000084800000, 0x0000000084800000|100%|HS|  |TAMS 0x0000000084800000, 0x0000000084700000| Complete 
|  72|0x0000000084800000, 0x0000000084900000, 0x0000000084900000|100%|HS|  |TAMS 0x0000000084900000, 0x0000000084800000| Complete 
|  73|0x0000000084900000, 0x0000000084a00000, 0x0000000084a00000|100%| O|  |TAMS 0x0000000084a00000, 0x0000000084900000| Untracked 
|  74|0x0000000084a00000, 0x0000000084b00000, 0x0000000084b00000|100%| O|  |TAMS 0x0000000084b00000, 0x0000000084a00000| Untracked 
|  75|0x0000000084b00000, 0x0000000084c00000, 0x0000000084c00000|100%| O|  |TAMS 0x0000000084c00000, 0x0000000084b00000| Untracked 
|  76|0x0000000084c00000, 0x0000000084d00000, 0x0000000084d00000|100%| O|  |TAMS 0x0000000084d00000, 0x0000000084c00000| Untracked 
|  77|0x0000000084d00000, 0x0000000084e00000, 0x0000000084e00000|100%| O|  |TAMS 0x0000000084e00000, 0x0000000084d00000| Untracked 
|  78|0x0000000084e00000, 0x0000000084f00000, 0x0000000084f00000|100%| O|  |TAMS 0x0000000084f00000, 0x0000000084e00000| Untracked 
|  79|0x0000000084f00000, 0x0000000085000000, 0x0000000085000000|100%| O|  |TAMS 0x0000000085000000, 0x0000000084f00000| Untracked 
|  80|0x0000000085000000, 0x0000000085100000, 0x0000000085100000|100%|HS|  |TAMS 0x0000000085100000, 0x0000000085000000| Complete 
|  81|0x0000000085100000, 0x0000000085200000, 0x0000000085200000|100%| O|  |TAMS 0x0000000085200000, 0x0000000085100000| Untracked 
|  82|0x0000000085200000, 0x0000000085300000, 0x0000000085300000|100%|HS|  |TAMS 0x0000000085300000, 0x0000000085200000| Complete 
|  83|0x0000000085300000, 0x0000000085400000, 0x0000000085400000|100%|HS|  |TAMS 0x0000000085400000, 0x0000000085300000| Complete 
|  84|0x0000000085400000, 0x0000000085500000, 0x0000000085500000|100%| O|  |TAMS 0x0000000085500000, 0x0000000085400000| Untracked 
|  85|0x0000000085500000, 0x0000000085600000, 0x0000000085600000|100%|HS|  |TAMS 0x0000000085600000, 0x0000000085500000| Complete 
|  86|0x0000000085600000, 0x0000000085700000, 0x0000000085700000|100%|HS|  |TAMS 0x0000000085700000, 0x0000000085600000| Complete 
|  87|0x0000000085700000, 0x0000000085800000, 0x0000000085800000|100%| O|  |TAMS 0x0000000085800000, 0x0000000085700000| Untracked 
|  88|0x0000000085800000, 0x0000000085900000, 0x0000000085900000|100%| O|  |TAMS 0x0000000085900000, 0x0000000085800000| Untracked 
|  89|0x0000000085900000, 0x0000000085a00000, 0x0000000085a00000|100%| O|  |TAMS 0x0000000085a00000, 0x0000000085900000| Untracked 
|  90|0x0000000085a00000, 0x0000000085b00000, 0x0000000085b00000|100%| O|  |TAMS 0x0000000085b00000, 0x0000000085a00000| Untracked 
|  91|0x0000000085b00000, 0x0000000085c00000, 0x0000000085c00000|100%|HS|  |TAMS 0x0000000085c00000, 0x0000000085b00000| Complete 
|  92|0x0000000085c00000, 0x0000000085d00000, 0x0000000085d00000|100%| O|  |TAMS 0x0000000085d00000, 0x0000000085c00000| Untracked 
|  93|0x0000000085d00000, 0x0000000085e00000, 0x0000000085e00000|100%| O|  |TAMS 0x0000000085e00000, 0x0000000085d00000| Untracked 
|  94|0x0000000085e00000, 0x0000000085f00000, 0x0000000085f00000|100%| O|  |TAMS 0x0000000085f00000, 0x0000000085e00000| Untracked 
|  95|0x0000000085f00000, 0x0000000086000000, 0x0000000086000000|100%| O|  |TAMS 0x0000000086000000, 0x0000000085f00000| Untracked 
|  96|0x0000000086000000, 0x0000000086100000, 0x0000000086100000|100%| O|  |TAMS 0x0000000086100000, 0x0000000086000000| Untracked 
|  97|0x0000000086100000, 0x0000000086200000, 0x0000000086200000|100%| O|  |TAMS 0x0000000086200000, 0x0000000086100000| Untracked 
|  98|0x0000000086200000, 0x0000000086300000, 0x0000000086300000|100%| O|  |TAMS 0x0000000086300000, 0x0000000086200000| Untracked 
|  99|0x0000000086300000, 0x0000000086400000, 0x0000000086400000|100%| O|  |TAMS 0x0000000086400000, 0x0000000086300000| Untracked 
| 100|0x0000000086400000, 0x0000000086500000, 0x0000000086500000|100%| O|  |TAMS 0x0000000086500000, 0x0000000086400000| Untracked 
| 101|0x0000000086500000, 0x0000000086600000, 0x0000000086600000|100%|HS|  |TAMS 0x0000000086600000, 0x0000000086500000| Complete 
| 102|0x0000000086600000, 0x0000000086700000, 0x0000000086700000|100%|HC|  |TAMS 0x0000000086700000, 0x0000000086600000| Complete 
| 103|0x0000000086700000, 0x0000000086800000, 0x0000000086800000|100%| O|  |TAMS 0x0000000086800000, 0x0000000086700000| Untracked 
| 104|0x0000000086800000, 0x0000000086900000, 0x0000000086900000|100%| O|  |TAMS 0x0000000086900000, 0x0000000086800000| Untracked 
| 105|0x0000000086900000, 0x0000000086a00000, 0x0000000086a00000|100%| O|  |TAMS 0x0000000086a00000, 0x0000000086900000| Untracked 
| 106|0x0000000086a00000, 0x0000000086b00000, 0x0000000086b00000|100%| O|  |TAMS 0x0000000086b00000, 0x0000000086a00000| Untracked 
| 107|0x0000000086b00000, 0x0000000086c00000, 0x0000000086c00000|100%| O|  |TAMS 0x0000000086c00000, 0x0000000086b00000| Untracked 
| 108|0x0000000086c00000, 0x0000000086d00000, 0x0000000086d00000|100%| O|  |TAMS 0x0000000086d00000, 0x0000000086c00000| Untracked 
| 109|0x0000000086d00000, 0x0000000086e00000, 0x0000000086e00000|100%| O|  |TAMS 0x0000000086e00000, 0x0000000086d00000| Untracked 
| 110|0x0000000086e00000, 0x0000000086f00000, 0x0000000086f00000|100%| O|  |TAMS 0x0000000086f00000, 0x0000000086e00000| Untracked 
| 111|0x0000000086f00000, 0x0000000087000000, 0x0000000087000000|100%| O|  |TAMS 0x0000000087000000, 0x0000000086f00000| Untracked 
| 112|0x0000000087000000, 0x0000000087100000, 0x0000000087100000|100%| O|  |TAMS 0x0000000087100000, 0x0000000087000000| Untracked 
| 113|0x0000000087100000, 0x0000000087200000, 0x0000000087200000|100%| O|  |TAMS 0x0000000087200000, 0x0000000087100000| Untracked 
| 114|0x0000000087200000, 0x0000000087300000, 0x0000000087300000|100%| O|  |TAMS 0x0000000087300000, 0x0000000087200000| Untracked 
| 115|0x0000000087300000, 0x0000000087400000, 0x0000000087400000|100%| O|  |TAMS 0x0000000087400000, 0x0000000087300000| Untracked 
| 116|0x0000000087400000, 0x0000000087500000, 0x0000000087500000|100%| O|  |TAMS 0x0000000087500000, 0x0000000087400000| Untracked 
| 117|0x0000000087500000, 0x0000000087600000, 0x0000000087600000|100%| O|  |TAMS 0x0000000087600000, 0x0000000087500000| Untracked 
| 118|0x0000000087600000, 0x0000000087700000, 0x0000000087700000|100%| O|  |TAMS 0x0000000087700000, 0x0000000087600000| Untracked 
| 119|0x0000000087700000, 0x0000000087800000, 0x0000000087800000|100%| O|  |TAMS 0x0000000087800000, 0x0000000087700000| Untracked 
| 120|0x0000000087800000, 0x0000000087900000, 0x0000000087900000|100%| O|  |TAMS 0x0000000087900000, 0x0000000087800000| Untracked 
| 121|0x0000000087900000, 0x0000000087a00000, 0x0000000087a00000|100%| O|  |TAMS 0x0000000087a00000, 0x0000000087900000| Untracked 
| 122|0x0000000087a00000, 0x0000000087b00000, 0x0000000087b00000|100%| O|  |TAMS 0x0000000087b00000, 0x0000000087a00000| Untracked 
| 123|0x0000000087b00000, 0x0000000087c00000, 0x0000000087c00000|100%| O|  |TAMS 0x0000000087c00000, 0x0000000087b00000| Untracked 
| 124|0x0000000087c00000, 0x0000000087d00000, 0x0000000087d00000|100%| O|  |TAMS 0x0000000087d00000, 0x0000000087c00000| Untracked 
| 125|0x0000000087d00000, 0x0000000087e00000, 0x0000000087e00000|100%|HS|  |TAMS 0x0000000087e00000, 0x0000000087d00000| Complete 
| 126|0x0000000087e00000, 0x0000000087f00000, 0x0000000087f00000|100%|HS|  |TAMS 0x0000000087f00000, 0x0000000087e00000| Complete 
| 127|0x0000000087f00000, 0x0000000088000000, 0x0000000088000000|100%|HS|  |TAMS 0x0000000088000000, 0x0000000087f00000| Complete 
| 128|0x0000000088000000, 0x0000000088100000, 0x0000000088100000|100%|HC|  |TAMS 0x0000000088100000, 0x0000000088000000| Complete 
| 129|0x0000000088100000, 0x0000000088200000, 0x0000000088200000|100%| O|  |TAMS 0x0000000088200000, 0x0000000088100000| Untracked 
| 130|0x0000000088200000, 0x0000000088300000, 0x0000000088300000|100%| O|  |TAMS 0x0000000088300000, 0x0000000088200000| Untracked 
| 131|0x0000000088300000, 0x0000000088400000, 0x0000000088400000|100%| O|  |TAMS 0x0000000088400000, 0x0000000088300000| Untracked 
| 132|0x0000000088400000, 0x0000000088500000, 0x0000000088500000|100%| O|  |TAMS 0x0000000088500000, 0x0000000088400000| Untracked 
| 133|0x0000000088500000, 0x0000000088600000, 0x0000000088600000|100%| O|  |TAMS 0x0000000088600000, 0x0000000088500000| Untracked 
| 134|0x0000000088600000, 0x0000000088700000, 0x0000000088700000|100%| O|  |TAMS 0x0000000088700000, 0x0000000088600000| Complete 
| 135|0x0000000088700000, 0x0000000088800000, 0x0000000088800000|100%| O|  |TAMS 0x0000000088800000, 0x0000000088700000| Untracked 
| 136|0x0000000088800000, 0x0000000088900000, 0x0000000088900000|100%| O|  |TAMS 0x0000000088900000, 0x0000000088800000| Untracked 
| 137|0x0000000088900000, 0x0000000088a00000, 0x0000000088a00000|100%| O|  |TAMS 0x0000000088a00000, 0x0000000088900000| Untracked 
| 138|0x0000000088a00000, 0x0000000088b00000, 0x0000000088b00000|100%| O|  |TAMS 0x0000000088b00000, 0x0000000088a00000| Untracked 
| 139|0x0000000088b00000, 0x0000000088c00000, 0x0000000088c00000|100%| O|  |TAMS 0x0000000088c00000, 0x0000000088b00000| Untracked 
| 140|0x0000000088c00000, 0x0000000088d00000, 0x0000000088d00000|100%| O|  |TAMS 0x0000000088d00000, 0x0000000088c00000| Untracked 
| 141|0x0000000088d00000, 0x0000000088e00000, 0x0000000088e00000|100%| O|  |TAMS 0x0000000088e00000, 0x0000000088d00000| Untracked 
| 142|0x0000000088e00000, 0x0000000088f00000, 0x0000000088f00000|100%| O|  |TAMS 0x0000000088f00000, 0x0000000088e00000| Untracked 
| 143|0x0000000088f00000, 0x0000000089000000, 0x0000000089000000|100%| O|  |TAMS 0x0000000089000000, 0x0000000088f00000| Untracked 
| 144|0x0000000089000000, 0x0000000089100000, 0x0000000089100000|100%| O|  |TAMS 0x0000000089100000, 0x0000000089000000| Untracked 
| 145|0x0000000089100000, 0x0000000089200000, 0x0000000089200000|100%| O|  |TAMS 0x0000000089200000, 0x0000000089100000| Untracked 
| 146|0x0000000089200000, 0x0000000089300000, 0x0000000089300000|100%| O|  |TAMS 0x0000000089300000, 0x0000000089200000| Untracked 
| 147|0x0000000089300000, 0x0000000089400000, 0x0000000089400000|100%| O|  |TAMS 0x0000000089400000, 0x0000000089300000| Untracked 
| 148|0x0000000089400000, 0x0000000089500000, 0x0000000089500000|100%| O|  |TAMS 0x0000000089500000, 0x0000000089400000| Untracked 
| 149|0x0000000089500000, 0x0000000089600000, 0x0000000089600000|100%| O|  |TAMS 0x0000000089600000, 0x0000000089500000| Untracked 
| 150|0x0000000089600000, 0x0000000089700000, 0x0000000089700000|100%| O|  |TAMS 0x0000000089700000, 0x0000000089600000| Untracked 
| 151|0x0000000089700000, 0x0000000089800000, 0x0000000089800000|100%| O|  |TAMS 0x0000000089800000, 0x0000000089700000| Untracked 
| 152|0x0000000089800000, 0x0000000089900000, 0x0000000089900000|100%| O|  |TAMS 0x0000000089900000, 0x0000000089800000| Untracked 
| 153|0x0000000089900000, 0x0000000089a00000, 0x0000000089a00000|100%| O|  |TAMS 0x0000000089a00000, 0x0000000089900000| Untracked 
| 154|0x0000000089a00000, 0x0000000089b00000, 0x0000000089b00000|100%| O|  |TAMS 0x0000000089b00000, 0x0000000089a00000| Untracked 
| 155|0x0000000089b00000, 0x0000000089c00000, 0x0000000089c00000|100%| O|  |TAMS 0x0000000089c00000, 0x0000000089b00000| Untracked 
| 156|0x0000000089c00000, 0x0000000089d00000, 0x0000000089d00000|100%| O|  |TAMS 0x0000000089d00000, 0x0000000089c00000| Untracked 
| 157|0x0000000089d00000, 0x0000000089e00000, 0x0000000089e00000|100%| O|  |TAMS 0x0000000089e00000, 0x0000000089d00000| Untracked 
| 158|0x0000000089e00000, 0x0000000089f00000, 0x0000000089f00000|100%| O|  |TAMS 0x0000000089f00000, 0x0000000089e00000| Untracked 
| 159|0x0000000089f00000, 0x000000008a000000, 0x000000008a000000|100%| O|  |TAMS 0x000000008a000000, 0x0000000089f00000| Untracked 
| 160|0x000000008a000000, 0x000000008a100000, 0x000000008a100000|100%| O|  |TAMS 0x000000008a100000, 0x000000008a000000| Untracked 
| 161|0x000000008a100000, 0x000000008a200000, 0x000000008a200000|100%| O|  |TAMS 0x000000008a200000, 0x000000008a100000| Untracked 
| 162|0x000000008a200000, 0x000000008a300000, 0x000000008a300000|100%| O|  |TAMS 0x000000008a300000, 0x000000008a200000| Untracked 
| 163|0x000000008a300000, 0x000000008a400000, 0x000000008a400000|100%| O|  |TAMS 0x000000008a400000, 0x000000008a300000| Untracked 
| 164|0x000000008a400000, 0x000000008a500000, 0x000000008a500000|100%| O|  |TAMS 0x000000008a500000, 0x000000008a400000| Untracked 
| 165|0x000000008a500000, 0x000000008a600000, 0x000000008a600000|100%| O|  |TAMS 0x000000008a600000, 0x000000008a500000| Untracked 
| 166|0x000000008a600000, 0x000000008a700000, 0x000000008a700000|100%| O|  |TAMS 0x000000008a700000, 0x000000008a600000| Untracked 
| 167|0x000000008a700000, 0x000000008a800000, 0x000000008a800000|100%| O|  |TAMS 0x000000008a800000, 0x000000008a700000| Untracked 
| 168|0x000000008a800000, 0x000000008a900000, 0x000000008a900000|100%| O|  |TAMS 0x000000008a900000, 0x000000008a800000| Untracked 
| 169|0x000000008a900000, 0x000000008aa00000, 0x000000008aa00000|100%| O|  |TAMS 0x000000008aa00000, 0x000000008a900000| Untracked 
| 170|0x000000008aa00000, 0x000000008ab00000, 0x000000008ab00000|100%| O|  |TAMS 0x000000008ab00000, 0x000000008aa00000| Untracked 
| 171|0x000000008ab00000, 0x000000008ac00000, 0x000000008ac00000|100%| O|  |TAMS 0x000000008ac00000, 0x000000008ab00000| Untracked 
| 172|0x000000008ac00000, 0x000000008ad00000, 0x000000008ad00000|100%| O|  |TAMS 0x000000008ad00000, 0x000000008ac00000| Untracked 
| 173|0x000000008ad00000, 0x000000008ae00000, 0x000000008ae00000|100%| O|  |TAMS 0x000000008ae00000, 0x000000008ad00000| Untracked 
| 174|0x000000008ae00000, 0x000000008af00000, 0x000000008af00000|100%| O|  |TAMS 0x000000008af00000, 0x000000008ae00000| Untracked 
| 175|0x000000008af00000, 0x000000008b000000, 0x000000008b000000|100%| O|  |TAMS 0x000000008b000000, 0x000000008af00000| Untracked 
| 176|0x000000008b000000, 0x000000008b100000, 0x000000008b100000|100%| O|  |TAMS 0x000000008b100000, 0x000000008b000000| Complete 
| 177|0x000000008b100000, 0x000000008b200000, 0x000000008b200000|100%| O|  |TAMS 0x000000008b200000, 0x000000008b100000| Untracked 
| 178|0x000000008b200000, 0x000000008b300000, 0x000000008b300000|100%| O|  |TAMS 0x000000008b300000, 0x000000008b200000| Untracked 
| 179|0x000000008b300000, 0x000000008b400000, 0x000000008b400000|100%| O|  |TAMS 0x000000008b400000, 0x000000008b300000| Untracked 
| 180|0x000000008b400000, 0x000000008b500000, 0x000000008b500000|100%| O|  |TAMS 0x000000008b500000, 0x000000008b400000| Untracked 
| 181|0x000000008b500000, 0x000000008b600000, 0x000000008b600000|100%| O|  |TAMS 0x000000008b600000, 0x000000008b500000| Untracked 
| 182|0x000000008b600000, 0x000000008b700000, 0x000000008b700000|100%| O|  |TAMS 0x000000008b700000, 0x000000008b600000| Untracked 
| 183|0x000000008b700000, 0x000000008b800000, 0x000000008b800000|100%| O|  |TAMS 0x000000008b800000, 0x000000008b700000| Untracked 
| 184|0x000000008b800000, 0x000000008b900000, 0x000000008b900000|100%| O|  |TAMS 0x000000008b900000, 0x000000008b800000| Untracked 
| 185|0x000000008b900000, 0x000000008ba00000, 0x000000008ba00000|100%| O|  |TAMS 0x000000008ba00000, 0x000000008b900000| Complete 
| 186|0x000000008ba00000, 0x000000008bb00000, 0x000000008bb00000|100%| O|  |TAMS 0x000000008bb00000, 0x000000008ba00000| Complete 
| 187|0x000000008bb00000, 0x000000008bc00000, 0x000000008bc00000|100%| O|  |TAMS 0x000000008bc00000, 0x000000008bb00000| Untracked 
| 188|0x000000008bc00000, 0x000000008bd00000, 0x000000008bd00000|100%| O|  |TAMS 0x000000008bd00000, 0x000000008bc00000| Complete 
| 189|0x000000008bd00000, 0x000000008be00000, 0x000000008be00000|100%| O|  |TAMS 0x000000008be00000, 0x000000008bd00000| Untracked 
| 190|0x000000008be00000, 0x000000008bf00000, 0x000000008bf00000|100%| O|  |TAMS 0x000000008bf00000, 0x000000008be00000| Untracked 
| 191|0x000000008bf00000, 0x000000008c000000, 0x000000008c000000|100%| O|  |TAMS 0x000000008c000000, 0x000000008bf00000| Untracked 
| 192|0x000000008c000000, 0x000000008c100000, 0x000000008c100000|100%| O|  |TAMS 0x000000008c100000, 0x000000008c000000| Untracked 
| 193|0x000000008c100000, 0x000000008c200000, 0x000000008c200000|100%| O|  |TAMS 0x000000008c200000, 0x000000008c100000| Untracked 
| 194|0x000000008c200000, 0x000000008c300000, 0x000000008c300000|100%| O|  |TAMS 0x000000008c300000, 0x000000008c200000| Untracked 
| 195|0x000000008c300000, 0x000000008c400000, 0x000000008c400000|100%| O|  |TAMS 0x000000008c400000, 0x000000008c300000| Untracked 
| 196|0x000000008c400000, 0x000000008c500000, 0x000000008c500000|100%| O|  |TAMS 0x000000008c500000, 0x000000008c400000| Untracked 
| 197|0x000000008c500000, 0x000000008c600000, 0x000000008c600000|100%| O|  |TAMS 0x000000008c600000, 0x000000008c500000| Complete 
| 198|0x000000008c600000, 0x000000008c700000, 0x000000008c700000|100%| O|  |TAMS 0x000000008c693000, 0x000000008c600000| Untracked 
| 199|0x000000008c700000, 0x000000008c800000, 0x000000008c800000|100%| O|  |TAMS 0x000000008c700000, 0x000000008c700000| Untracked 
| 200|0x000000008c800000, 0x000000008c900000, 0x000000008c900000|100%| O|  |TAMS 0x000000008c800000, 0x000000008c800000| Untracked 
| 201|0x000000008c900000, 0x000000008ca00000, 0x000000008ca00000|100%| O|  |TAMS 0x000000008c900000, 0x000000008c900000| Untracked 
| 202|0x000000008ca00000, 0x000000008cb00000, 0x000000008cb00000|100%| O|  |TAMS 0x000000008ca00000, 0x000000008ca00000| Untracked 
| 203|0x000000008cb00000, 0x000000008cc00000, 0x000000008cc00000|100%| O|  |TAMS 0x000000008cb00000, 0x000000008cb00000| Untracked 
| 204|0x000000008cc00000, 0x000000008cd00000, 0x000000008cd00000|100%| O|  |TAMS 0x000000008cc00000, 0x000000008cc00000| Untracked 
| 205|0x000000008cd00000, 0x000000008ce00000, 0x000000008ce00000|100%| O|  |TAMS 0x000000008cd00000, 0x000000008cd00000| Untracked 
| 206|0x000000008ce00000, 0x000000008cf00000, 0x000000008cf00000|100%| O|  |TAMS 0x000000008ce00000, 0x000000008ce00000| Untracked 
| 207|0x000000008cf00000, 0x000000008cfb4600, 0x000000008d000000| 70%| O|  |TAMS 0x000000008cf00000, 0x000000008cf00000| Untracked 
| 208|0x000000008d000000, 0x000000008d100000, 0x000000008d100000|100%|HS|  |TAMS 0x000000008d000000, 0x000000008d000000| Complete 
| 209|0x000000008d100000, 0x000000008d200000, 0x000000008d200000|100%|HS|  |TAMS 0x000000008d100000, 0x000000008d100000| Complete 
| 210|0x000000008d200000, 0x000000008d200000, 0x000000008d300000|  0%| F|  |TAMS 0x000000008d200000, 0x000000008d200000| Untracked 
| 211|0x000000008d300000, 0x000000008d300000, 0x000000008d400000|  0%| F|  |TAMS 0x000000008d300000, 0x000000008d300000| Untracked 
| 212|0x000000008d400000, 0x000000008d400000, 0x000000008d500000|  0%| F|  |TAMS 0x000000008d400000, 0x000000008d400000| Untracked 
| 213|0x000000008d500000, 0x000000008d500000, 0x000000008d600000|  0%| F|  |TAMS 0x000000008d500000, 0x000000008d500000| Untracked 
| 214|0x000000008d600000, 0x000000008d600000, 0x000000008d700000|  0%| F|  |TAMS 0x000000008d600000, 0x000000008d600000| Untracked 
| 215|0x000000008d700000, 0x000000008d700000, 0x000000008d800000|  0%| F|  |TAMS 0x000000008d700000, 0x000000008d700000| Untracked 
| 216|0x000000008d800000, 0x000000008d800000, 0x000000008d900000|  0%| F|  |TAMS 0x000000008d800000, 0x000000008d800000| Untracked 
| 217|0x000000008d900000, 0x000000008d900000, 0x000000008da00000|  0%| F|  |TAMS 0x000000008d900000, 0x000000008d900000| Untracked 
| 218|0x000000008da00000, 0x000000008da00000, 0x000000008db00000|  0%| F|  |TAMS 0x000000008da00000, 0x000000008da00000| Untracked 
| 219|0x000000008db00000, 0x000000008db00000, 0x000000008dc00000|  0%| F|  |TAMS 0x000000008db00000, 0x000000008db00000| Untracked 
| 220|0x000000008dc00000, 0x000000008dc00000, 0x000000008dd00000|  0%| F|  |TAMS 0x000000008dc00000, 0x000000008dc00000| Untracked 
| 221|0x000000008dd00000, 0x000000008dd00000, 0x000000008de00000|  0%| F|  |TAMS 0x000000008dd00000, 0x000000008dd00000| Untracked 
| 222|0x000000008de00000, 0x000000008de00000, 0x000000008df00000|  0%| F|  |TAMS 0x000000008de00000, 0x000000008de00000| Untracked 
| 223|0x000000008df00000, 0x000000008df00000, 0x000000008e000000|  0%| F|  |TAMS 0x000000008df00000, 0x000000008df00000| Untracked 
| 224|0x000000008e000000, 0x000000008e000000, 0x000000008e100000|  0%| F|  |TAMS 0x000000008e000000, 0x000000008e000000| Untracked 
| 225|0x000000008e100000, 0x000000008e100000, 0x000000008e200000|  0%| F|  |TAMS 0x000000008e100000, 0x000000008e100000| Untracked 
| 226|0x000000008e200000, 0x000000008e200000, 0x000000008e300000|  0%| F|  |TAMS 0x000000008e200000, 0x000000008e200000| Untracked 
| 227|0x000000008e300000, 0x000000008e300000, 0x000000008e400000|  0%| F|  |TAMS 0x000000008e300000, 0x000000008e300000| Untracked 
| 228|0x000000008e400000, 0x000000008e400000, 0x000000008e500000|  0%| F|  |TAMS 0x000000008e400000, 0x000000008e400000| Untracked 
| 229|0x000000008e500000, 0x000000008e500000, 0x000000008e600000|  0%| F|  |TAMS 0x000000008e500000, 0x000000008e500000| Untracked 
| 230|0x000000008e600000, 0x000000008e600000, 0x000000008e700000|  0%| F|  |TAMS 0x000000008e600000, 0x000000008e600000| Untracked 
| 231|0x000000008e700000, 0x000000008e700000, 0x000000008e800000|  0%| F|  |TAMS 0x000000008e700000, 0x000000008e700000| Untracked 
| 232|0x000000008e800000, 0x000000008e800000, 0x000000008e900000|  0%| F|  |TAMS 0x000000008e800000, 0x000000008e800000| Untracked 
| 233|0x000000008e900000, 0x000000008e900000, 0x000000008ea00000|  0%| F|  |TAMS 0x000000008e900000, 0x000000008e900000| Untracked 
| 234|0x000000008ea00000, 0x000000008ea00000, 0x000000008eb00000|  0%| F|  |TAMS 0x000000008ea00000, 0x000000008ea00000| Untracked 
| 235|0x000000008eb00000, 0x000000008eb00000, 0x000000008ec00000|  0%| F|  |TAMS 0x000000008eb00000, 0x000000008eb00000| Untracked 
| 236|0x000000008ec00000, 0x000000008ec00000, 0x000000008ed00000|  0%| F|  |TAMS 0x000000008ec00000, 0x000000008ec00000| Untracked 
| 237|0x000000008ed00000, 0x000000008ed00000, 0x000000008ee00000|  0%| F|  |TAMS 0x000000008ed00000, 0x000000008ed00000| Untracked 
| 238|0x000000008ee00000, 0x000000008ee00000, 0x000000008ef00000|  0%| F|  |TAMS 0x000000008ee00000, 0x000000008ee00000| Untracked 
| 239|0x000000008ef00000, 0x000000008ef00000, 0x000000008f000000|  0%| F|  |TAMS 0x000000008ef00000, 0x000000008ef00000| Untracked 
| 240|0x000000008f000000, 0x000000008f000000, 0x000000008f100000|  0%| F|  |TAMS 0x000000008f000000, 0x000000008f000000| Untracked 
| 241|0x000000008f100000, 0x000000008f100000, 0x000000008f200000|  0%| F|  |TAMS 0x000000008f100000, 0x000000008f100000| Untracked 
| 242|0x000000008f200000, 0x000000008f200000, 0x000000008f300000|  0%| F|  |TAMS 0x000000008f200000, 0x000000008f200000| Untracked 
| 243|0x000000008f300000, 0x000000008f300000, 0x000000008f400000|  0%| F|  |TAMS 0x000000008f300000, 0x000000008f300000| Untracked 
| 244|0x000000008f400000, 0x000000008f400000, 0x000000008f500000|  0%| F|  |TAMS 0x000000008f400000, 0x000000008f400000| Untracked 
| 245|0x000000008f500000, 0x000000008f500000, 0x000000008f600000|  0%| F|  |TAMS 0x000000008f500000, 0x000000008f500000| Untracked 
| 246|0x000000008f600000, 0x000000008f600000, 0x000000008f700000|  0%| F|  |TAMS 0x000000008f600000, 0x000000008f600000| Untracked 
| 247|0x000000008f700000, 0x000000008f700000, 0x000000008f800000|  0%| F|  |TAMS 0x000000008f700000, 0x000000008f700000| Untracked 
| 248|0x000000008f800000, 0x000000008f800000, 0x000000008f900000|  0%| F|  |TAMS 0x000000008f800000, 0x000000008f800000| Untracked 
| 249|0x000000008f900000, 0x000000008f900000, 0x000000008fa00000|  0%| F|  |TAMS 0x000000008f900000, 0x000000008f900000| Untracked 
| 250|0x000000008fa00000, 0x000000008fa00000, 0x000000008fb00000|  0%| F|  |TAMS 0x000000008fa00000, 0x000000008fa00000| Untracked 
| 251|0x000000008fb00000, 0x000000008fb00000, 0x000000008fc00000|  0%| F|  |TAMS 0x000000008fb00000, 0x000000008fb00000| Untracked 
| 252|0x000000008fc00000, 0x000000008fc00000, 0x000000008fd00000|  0%| F|  |TAMS 0x000000008fc00000, 0x000000008fc00000| Untracked 
| 253|0x000000008fd00000, 0x000000008fd00000, 0x000000008fe00000|  0%| F|  |TAMS 0x000000008fd00000, 0x000000008fd00000| Untracked 
| 254|0x000000008fe00000, 0x000000008fe00000, 0x000000008ff00000|  0%| F|  |TAMS 0x000000008fe00000, 0x000000008fe00000| Untracked 
| 255|0x000000008ff00000, 0x000000008ff00000, 0x0000000090000000|  0%| F|  |TAMS 0x000000008ff00000, 0x000000008ff00000| Untracked 
| 256|0x0000000090000000, 0x0000000090000000, 0x0000000090100000|  0%| F|  |TAMS 0x0000000090000000, 0x0000000090000000| Untracked 
| 257|0x0000000090100000, 0x0000000090100000, 0x0000000090200000|  0%| F|  |TAMS 0x0000000090100000, 0x0000000090100000| Untracked 
| 258|0x0000000090200000, 0x0000000090200000, 0x0000000090300000|  0%| F|  |TAMS 0x0000000090200000, 0x0000000090200000| Untracked 
| 259|0x0000000090300000, 0x0000000090300000, 0x0000000090400000|  0%| F|  |TAMS 0x0000000090300000, 0x0000000090300000| Untracked 
| 260|0x0000000090400000, 0x0000000090400000, 0x0000000090500000|  0%| F|  |TAMS 0x0000000090400000, 0x0000000090400000| Untracked 
| 261|0x0000000090500000, 0x0000000090500000, 0x0000000090600000|  0%| F|  |TAMS 0x0000000090500000, 0x0000000090500000| Untracked 
| 262|0x0000000090600000, 0x00000000906a7990, 0x0000000090700000| 65%| S|CS|TAMS 0x0000000090600000, 0x0000000090600000| Complete 
| 263|0x0000000090700000, 0x0000000090800000, 0x0000000090800000|100%| S|CS|TAMS 0x0000000090700000, 0x0000000090700000| Complete 
| 264|0x0000000090800000, 0x0000000090900000, 0x0000000090900000|100%| S|CS|TAMS 0x0000000090800000, 0x0000000090800000| Complete 
| 265|0x0000000090900000, 0x0000000090a00000, 0x0000000090a00000|100%| S|CS|TAMS 0x0000000090900000, 0x0000000090900000| Complete 
| 266|0x0000000090a00000, 0x0000000090a00000, 0x0000000090b00000|  0%| F|  |TAMS 0x0000000090a00000, 0x0000000090a00000| Untracked 
| 267|0x0000000090b00000, 0x0000000090b00000, 0x0000000090c00000|  0%| F|  |TAMS 0x0000000090b00000, 0x0000000090b00000| Untracked 
| 268|0x0000000090c00000, 0x0000000090c00000, 0x0000000090d00000|  0%| F|  |TAMS 0x0000000090c00000, 0x0000000090c00000| Untracked 
| 269|0x0000000090d00000, 0x0000000090d00000, 0x0000000090e00000|  0%| F|  |TAMS 0x0000000090d00000, 0x0000000090d00000| Untracked 
| 270|0x0000000090e00000, 0x0000000090e00000, 0x0000000090f00000|  0%| F|  |TAMS 0x0000000090e00000, 0x0000000090e00000| Untracked 
| 271|0x0000000090f00000, 0x0000000090f00000, 0x0000000091000000|  0%| F|  |TAMS 0x0000000090f00000, 0x0000000090f00000| Untracked 
| 272|0x0000000091000000, 0x0000000091000000, 0x0000000091100000|  0%| F|  |TAMS 0x0000000091000000, 0x0000000091000000| Untracked 
| 273|0x0000000091100000, 0x0000000091100000, 0x0000000091200000|  0%| F|  |TAMS 0x0000000091100000, 0x0000000091100000| Untracked 
| 274|0x0000000091200000, 0x0000000091200000, 0x0000000091300000|  0%| F|  |TAMS 0x0000000091200000, 0x0000000091200000| Untracked 
| 275|0x0000000091300000, 0x0000000091300000, 0x0000000091400000|  0%| F|  |TAMS 0x0000000091300000, 0x0000000091300000| Untracked 
| 276|0x0000000091400000, 0x0000000091400000, 0x0000000091500000|  0%| F|  |TAMS 0x0000000091400000, 0x0000000091400000| Untracked 
| 277|0x0000000091500000, 0x0000000091500000, 0x0000000091600000|  0%| F|  |TAMS 0x0000000091500000, 0x0000000091500000| Untracked 
| 278|0x0000000091600000, 0x0000000091600000, 0x0000000091700000|  0%| F|  |TAMS 0x0000000091600000, 0x0000000091600000| Untracked 
| 279|0x0000000091700000, 0x0000000091700000, 0x0000000091800000|  0%| F|  |TAMS 0x0000000091700000, 0x0000000091700000| Untracked 
| 280|0x0000000091800000, 0x0000000091800000, 0x0000000091900000|  0%| F|  |TAMS 0x0000000091800000, 0x0000000091800000| Untracked 
| 281|0x0000000091900000, 0x0000000091900000, 0x0000000091a00000|  0%| F|  |TAMS 0x0000000091900000, 0x0000000091900000| Untracked 
| 282|0x0000000091a00000, 0x0000000091a00000, 0x0000000091b00000|  0%| F|  |TAMS 0x0000000091a00000, 0x0000000091a00000| Untracked 
| 283|0x0000000091b00000, 0x0000000091b00000, 0x0000000091c00000|  0%| F|  |TAMS 0x0000000091b00000, 0x0000000091b00000| Untracked 
| 284|0x0000000091c00000, 0x0000000091c00000, 0x0000000091d00000|  0%| F|  |TAMS 0x0000000091c00000, 0x0000000091c00000| Untracked 
| 285|0x0000000091d00000, 0x0000000091d00000, 0x0000000091e00000|  0%| F|  |TAMS 0x0000000091d00000, 0x0000000091d00000| Untracked 
| 286|0x0000000091e00000, 0x0000000091e00000, 0x0000000091f00000|  0%| F|  |TAMS 0x0000000091e00000, 0x0000000091e00000| Untracked 
| 287|0x0000000091f00000, 0x0000000091f00000, 0x0000000092000000|  0%| F|  |TAMS 0x0000000091f00000, 0x0000000091f00000| Untracked 
| 288|0x0000000092000000, 0x0000000092000000, 0x0000000092100000|  0%| F|  |TAMS 0x0000000092000000, 0x0000000092000000| Untracked 
| 289|0x0000000092100000, 0x0000000092100000, 0x0000000092200000|  0%| F|  |TAMS 0x0000000092100000, 0x0000000092100000| Untracked 
| 290|0x0000000092200000, 0x0000000092200000, 0x0000000092300000|  0%| F|  |TAMS 0x0000000092200000, 0x0000000092200000| Untracked 
| 291|0x0000000092300000, 0x0000000092300000, 0x0000000092400000|  0%| F|  |TAMS 0x0000000092300000, 0x0000000092300000| Untracked 
| 292|0x0000000092400000, 0x0000000092400000, 0x0000000092500000|  0%| F|  |TAMS 0x0000000092400000, 0x0000000092400000| Untracked 
| 293|0x0000000092500000, 0x0000000092500000, 0x0000000092600000|  0%| F|  |TAMS 0x0000000092500000, 0x0000000092500000| Untracked 
| 294|0x0000000092600000, 0x0000000092600000, 0x0000000092700000|  0%| F|  |TAMS 0x0000000092600000, 0x0000000092600000| Untracked 
| 295|0x0000000092700000, 0x0000000092700000, 0x0000000092800000|  0%| F|  |TAMS 0x0000000092700000, 0x0000000092700000| Untracked 
| 296|0x0000000092800000, 0x0000000092800000, 0x0000000092900000|  0%| F|  |TAMS 0x0000000092800000, 0x0000000092800000| Untracked 
| 297|0x0000000092900000, 0x0000000092900000, 0x0000000092a00000|  0%| F|  |TAMS 0x0000000092900000, 0x0000000092900000| Untracked 
| 298|0x0000000092a00000, 0x0000000092a00000, 0x0000000092b00000|  0%| F|  |TAMS 0x0000000092a00000, 0x0000000092a00000| Untracked 
| 299|0x0000000092b00000, 0x0000000092b00000, 0x0000000092c00000|  0%| F|  |TAMS 0x0000000092b00000, 0x0000000092b00000| Untracked 
| 300|0x0000000092c00000, 0x0000000092c00000, 0x0000000092d00000|  0%| F|  |TAMS 0x0000000092c00000, 0x0000000092c00000| Untracked 
| 301|0x0000000092d00000, 0x0000000092d00000, 0x0000000092e00000|  0%| F|  |TAMS 0x0000000092d00000, 0x0000000092d00000| Untracked 
| 302|0x0000000092e00000, 0x0000000092e00000, 0x0000000092f00000|  0%| F|  |TAMS 0x0000000092e00000, 0x0000000092e00000| Untracked 
| 303|0x0000000092f00000, 0x0000000092f00000, 0x0000000093000000|  0%| F|  |TAMS 0x0000000092f00000, 0x0000000092f00000| Untracked 
| 304|0x0000000093000000, 0x0000000093000000, 0x0000000093100000|  0%| F|  |TAMS 0x0000000093000000, 0x0000000093000000| Untracked 
| 305|0x0000000093100000, 0x0000000093100000, 0x0000000093200000|  0%| F|  |TAMS 0x0000000093100000, 0x0000000093100000| Untracked 
| 306|0x0000000093200000, 0x0000000093200000, 0x0000000093300000|  0%| F|  |TAMS 0x0000000093200000, 0x0000000093200000| Untracked 
| 307|0x0000000093300000, 0x0000000093300000, 0x0000000093400000|  0%| F|  |TAMS 0x0000000093300000, 0x0000000093300000| Untracked 
| 308|0x0000000093400000, 0x0000000093400000, 0x0000000093500000|  0%| F|  |TAMS 0x0000000093400000, 0x0000000093400000| Untracked 
| 309|0x0000000093500000, 0x0000000093500000, 0x0000000093600000|  0%| F|  |TAMS 0x0000000093500000, 0x0000000093500000| Untracked 
| 310|0x0000000093600000, 0x0000000093600000, 0x0000000093700000|  0%| F|  |TAMS 0x0000000093600000, 0x0000000093600000| Untracked 
| 311|0x0000000093700000, 0x0000000093700000, 0x0000000093800000|  0%| F|  |TAMS 0x0000000093700000, 0x0000000093700000| Untracked 
| 312|0x0000000093800000, 0x0000000093900000, 0x0000000093900000|100%| E|CS|TAMS 0x0000000093800000, 0x0000000093800000| Complete 
| 313|0x0000000093900000, 0x0000000093a00000, 0x0000000093a00000|100%| E|CS|TAMS 0x0000000093900000, 0x0000000093900000| Complete 
| 314|0x0000000093a00000, 0x0000000093b00000, 0x0000000093b00000|100%| E|CS|TAMS 0x0000000093a00000, 0x0000000093a00000| Complete 
| 315|0x0000000093b00000, 0x0000000093c00000, 0x0000000093c00000|100%| E|CS|TAMS 0x0000000093b00000, 0x0000000093b00000| Complete 
| 316|0x0000000093c00000, 0x0000000093d00000, 0x0000000093d00000|100%| E|CS|TAMS 0x0000000093c00000, 0x0000000093c00000| Complete 
| 317|0x0000000093d00000, 0x0000000093e00000, 0x0000000093e00000|100%| E|  |TAMS 0x0000000093d00000, 0x0000000093d00000| Complete 
| 318|0x0000000093e00000, 0x0000000093f00000, 0x0000000093f00000|100%| E|CS|TAMS 0x0000000093e00000, 0x0000000093e00000| Complete 
| 319|0x0000000093f00000, 0x0000000094000000, 0x0000000094000000|100%| E|CS|TAMS 0x0000000093f00000, 0x0000000093f00000| Complete 
| 320|0x0000000094000000, 0x0000000094100000, 0x0000000094100000|100%| E|CS|TAMS 0x0000000094000000, 0x0000000094000000| Complete 
| 321|0x0000000094100000, 0x0000000094200000, 0x0000000094200000|100%| E|CS|TAMS 0x0000000094100000, 0x0000000094100000| Complete 
| 322|0x0000000094200000, 0x0000000094300000, 0x0000000094300000|100%| E|CS|TAMS 0x0000000094200000, 0x0000000094200000| Complete 
| 323|0x0000000094300000, 0x0000000094400000, 0x0000000094400000|100%| E|CS|TAMS 0x0000000094300000, 0x0000000094300000| Complete 
| 324|0x0000000094400000, 0x0000000094500000, 0x0000000094500000|100%| E|CS|TAMS 0x0000000094400000, 0x0000000094400000| Complete 
| 325|0x0000000094500000, 0x0000000094600000, 0x0000000094600000|100%| E|CS|TAMS 0x0000000094500000, 0x0000000094500000| Complete 
| 326|0x0000000094600000, 0x0000000094700000, 0x0000000094700000|100%| E|CS|TAMS 0x0000000094600000, 0x0000000094600000| Complete 
| 327|0x0000000094700000, 0x0000000094800000, 0x0000000094800000|100%| E|CS|TAMS 0x0000000094700000, 0x0000000094700000| Complete 
| 328|0x0000000094800000, 0x0000000094900000, 0x0000000094900000|100%| E|CS|TAMS 0x0000000094800000, 0x0000000094800000| Complete 
| 329|0x0000000094900000, 0x0000000094900000, 0x0000000094a00000|  0%| F|  |TAMS 0x0000000094900000, 0x0000000094900000| Untracked 
| 330|0x0000000094a00000, 0x0000000094a00000, 0x0000000094b00000|  0%| F|  |TAMS 0x0000000094a00000, 0x0000000094a00000| Untracked 
| 331|0x0000000094b00000, 0x0000000094b00000, 0x0000000094c00000|  0%| F|  |TAMS 0x0000000094b00000, 0x0000000094b00000| Untracked 
| 332|0x0000000094c00000, 0x0000000094c00000, 0x0000000094d00000|  0%| F|  |TAMS 0x0000000094c00000, 0x0000000094c00000| Untracked 
| 333|0x0000000094d00000, 0x0000000094d00000, 0x0000000094e00000|  0%| F|  |TAMS 0x0000000094d00000, 0x0000000094d00000| Untracked 
| 334|0x0000000094e00000, 0x0000000094e00000, 0x0000000094f00000|  0%| F|  |TAMS 0x0000000094e00000, 0x0000000094e00000| Untracked 
| 335|0x0000000094f00000, 0x0000000094f00000, 0x0000000095000000|  0%| F|  |TAMS 0x0000000094f00000, 0x0000000094f00000| Untracked 
| 336|0x0000000095000000, 0x0000000095000000, 0x0000000095100000|  0%| F|  |TAMS 0x0000000095000000, 0x0000000095000000| Untracked 
| 337|0x0000000095100000, 0x0000000095100000, 0x0000000095200000|  0%| F|  |TAMS 0x0000000095100000, 0x0000000095100000| Untracked 
| 338|0x0000000095200000, 0x0000000095200000, 0x0000000095300000|  0%| F|  |TAMS 0x0000000095200000, 0x0000000095200000| Untracked 
| 339|0x0000000095300000, 0x0000000095300000, 0x0000000095400000|  0%| F|  |TAMS 0x0000000095300000, 0x0000000095300000| Untracked 
| 340|0x0000000095400000, 0x0000000095400000, 0x0000000095500000|  0%| F|  |TAMS 0x0000000095400000, 0x0000000095400000| Untracked 
| 341|0x0000000095500000, 0x0000000095500000, 0x0000000095600000|  0%| F|  |TAMS 0x0000000095500000, 0x0000000095500000| Untracked 
| 342|0x0000000095600000, 0x0000000095600000, 0x0000000095700000|  0%| F|  |TAMS 0x0000000095600000, 0x0000000095600000| Untracked 
| 343|0x0000000095700000, 0x0000000095700000, 0x0000000095800000|  0%| F|  |TAMS 0x0000000095700000, 0x0000000095700000| Untracked 
| 344|0x0000000095800000, 0x0000000095800000, 0x0000000095900000|  0%| F|  |TAMS 0x0000000095800000, 0x0000000095800000| Untracked 
| 345|0x0000000095900000, 0x0000000095900000, 0x0000000095a00000|  0%| F|  |TAMS 0x0000000095900000, 0x0000000095900000| Untracked 
| 346|0x0000000095a00000, 0x0000000095a00000, 0x0000000095b00000|  0%| F|  |TAMS 0x0000000095a00000, 0x0000000095a00000| Untracked 
| 347|0x0000000095b00000, 0x0000000095b00000, 0x0000000095c00000|  0%| F|  |TAMS 0x0000000095b00000, 0x0000000095b00000| Untracked 
| 348|0x0000000095c00000, 0x0000000095c00000, 0x0000000095d00000|  0%| F|  |TAMS 0x0000000095c00000, 0x0000000095c00000| Untracked 
| 349|0x0000000095d00000, 0x0000000095d00000, 0x0000000095e00000|  0%| F|  |TAMS 0x0000000095d00000, 0x0000000095d00000| Untracked 
| 350|0x0000000095e00000, 0x0000000095e00000, 0x0000000095f00000|  0%| F|  |TAMS 0x0000000095e00000, 0x0000000095e00000| Untracked 
| 351|0x0000000095f00000, 0x0000000095f00000, 0x0000000096000000|  0%| F|  |TAMS 0x0000000095f00000, 0x0000000095f00000| Untracked 
| 352|0x0000000096000000, 0x0000000096000000, 0x0000000096100000|  0%| F|  |TAMS 0x0000000096000000, 0x0000000096000000| Untracked 
| 353|0x0000000096100000, 0x0000000096100000, 0x0000000096200000|  0%| F|  |TAMS 0x0000000096100000, 0x0000000096100000| Untracked 
| 354|0x0000000096200000, 0x0000000096200000, 0x0000000096300000|  0%| F|  |TAMS 0x0000000096200000, 0x0000000096200000| Untracked 
| 355|0x0000000096300000, 0x0000000096300000, 0x0000000096400000|  0%| F|  |TAMS 0x0000000096300000, 0x0000000096300000| Untracked 
| 356|0x0000000096400000, 0x0000000096400000, 0x0000000096500000|  0%| F|  |TAMS 0x0000000096400000, 0x0000000096400000| Untracked 
| 357|0x0000000096500000, 0x0000000096500000, 0x0000000096600000|  0%| F|  |TAMS 0x0000000096500000, 0x0000000096500000| Untracked 
| 358|0x0000000096600000, 0x0000000096600000, 0x0000000096700000|  0%| F|  |TAMS 0x0000000096600000, 0x0000000096600000| Untracked 
| 359|0x0000000096700000, 0x0000000096700000, 0x0000000096800000|  0%| F|  |TAMS 0x0000000096700000, 0x0000000096700000| Untracked 
| 360|0x0000000096800000, 0x0000000096800000, 0x0000000096900000|  0%| F|  |TAMS 0x0000000096800000, 0x0000000096800000| Untracked 
| 361|0x0000000096900000, 0x000000009690f5c8, 0x0000000096a00000|  6%| E|  |TAMS 0x0000000096900000, 0x0000000096900000| Complete 
| 362|0x0000000096a00000, 0x0000000096b00000, 0x0000000096b00000|100%| E|CS|TAMS 0x0000000096a00000, 0x0000000096a00000| Complete 
| 363|0x0000000096b00000, 0x0000000096c00000, 0x0000000096c00000|100%| E|CS|TAMS 0x0000000096b00000, 0x0000000096b00000| Complete 
| 364|0x0000000096c00000, 0x0000000096d00000, 0x0000000096d00000|100%| E|CS|TAMS 0x0000000096c00000, 0x0000000096c00000| Complete 
| 365|0x0000000096d00000, 0x0000000096e00000, 0x0000000096e00000|100%| E|CS|TAMS 0x0000000096d00000, 0x0000000096d00000| Complete 
| 366|0x0000000096e00000, 0x0000000096f00000, 0x0000000096f00000|100%| E|CS|TAMS 0x0000000096e00000, 0x0000000096e00000| Complete 
| 367|0x0000000096f00000, 0x0000000097000000, 0x0000000097000000|100%| E|CS|TAMS 0x0000000096f00000, 0x0000000096f00000| Complete 
| 368|0x0000000097000000, 0x0000000097100000, 0x0000000097100000|100%| E|CS|TAMS 0x0000000097000000, 0x0000000097000000| Complete 
| 369|0x0000000097100000, 0x0000000097200000, 0x0000000097200000|100%| E|CS|TAMS 0x0000000097100000, 0x0000000097100000| Complete 
| 370|0x0000000097200000, 0x0000000097300000, 0x0000000097300000|100%| E|CS|TAMS 0x0000000097200000, 0x0000000097200000| Complete 
| 371|0x0000000097300000, 0x0000000097400000, 0x0000000097400000|100%| E|CS|TAMS 0x0000000097300000, 0x0000000097300000| Complete 
| 372|0x0000000097400000, 0x0000000097500000, 0x0000000097500000|100%| E|CS|TAMS 0x0000000097400000, 0x0000000097400000| Complete 
| 373|0x0000000097500000, 0x0000000097600000, 0x0000000097600000|100%| E|CS|TAMS 0x0000000097500000, 0x0000000097500000| Complete 
| 374|0x0000000097600000, 0x0000000097700000, 0x0000000097700000|100%| E|CS|TAMS 0x0000000097600000, 0x0000000097600000| Complete 
| 375|0x0000000097700000, 0x0000000097800000, 0x0000000097800000|100%| E|CS|TAMS 0x0000000097700000, 0x0000000097700000| Complete 
| 376|0x0000000097800000, 0x0000000097900000, 0x0000000097900000|100%| E|CS|TAMS 0x0000000097800000, 0x0000000097800000| Complete 
| 377|0x0000000097900000, 0x0000000097a00000, 0x0000000097a00000|100%| E|CS|TAMS 0x0000000097900000, 0x0000000097900000| Complete 
| 378|0x0000000097a00000, 0x0000000097b00000, 0x0000000097b00000|100%| E|CS|TAMS 0x0000000097a00000, 0x0000000097a00000| Complete 
| 379|0x0000000097b00000, 0x0000000097c00000, 0x0000000097c00000|100%| E|CS|TAMS 0x0000000097b00000, 0x0000000097b00000| Complete 
| 380|0x0000000097c00000, 0x0000000097d00000, 0x0000000097d00000|100%| E|CS|TAMS 0x0000000097c00000, 0x0000000097c00000| Complete 
| 381|0x0000000097d00000, 0x0000000097e00000, 0x0000000097e00000|100%| E|CS|TAMS 0x0000000097d00000, 0x0000000097d00000| Complete 
| 382|0x0000000097e00000, 0x0000000097f00000, 0x0000000097f00000|100%| E|CS|TAMS 0x0000000097e00000, 0x0000000097e00000| Complete 
| 383|0x0000000097f00000, 0x0000000098000000, 0x0000000098000000|100%| E|CS|TAMS 0x0000000097f00000, 0x0000000097f00000| Complete 
| 384|0x0000000098000000, 0x0000000098100000, 0x0000000098100000|100%| E|CS|TAMS 0x0000000098000000, 0x0000000098000000| Complete 

Card table byte_map: [0x0000019fc1810000,0x0000019fc1c10000] _byte_map_base: 0x0000019fc1410000

Marking Bits (Prev, Next): (CMBitMap*) 0x0000019fa8949d60, (CMBitMap*) 0x0000019fa8949da0
 Prev Bits: [0x0000019fc2010000, 0x0000019fc4010000)
 Next Bits: [0x0000019fc4010000, 0x0000019fc6010000)

Polling page: 0x0000019fa89b0000

Metaspace:

Usage:
  Non-class:     90.60 MB used.
      Class:     14.79 MB used.
       Both:    105.39 MB used.

Virtual space:
  Non-class space:      128.00 MB reserved,      91.44 MB ( 71%) committed,  2 nodes.
      Class space:      416.00 MB reserved,      15.44 MB (  4%) committed,  1 nodes.
             Both:      544.00 MB reserved,     106.88 MB ( 20%) committed. 

Chunk freelists:
   Non-Class:  4.07 MB
       Class:  463.00 KB
        Both:  4.52 MB

MaxMetaspaceSize: 512.00 MB
CompressedClassSpaceSize: 416.00 MB
Initial GC threshold: 21.00 MB
Current GC threshold: 176.69 MB
CDS: on
MetaspaceReclaimPolicy: balanced
 - commit_granule_bytes: 65536.
 - commit_granule_words: 8192.
 - virtual_space_node_default_size: 8388608.
 - enlarge_chunks_in_place: 1.
 - new_chunks_are_fully_committed: 0.
 - uncommit_free_chunks: 1.
 - use_allocation_guard: 0.
 - handle_deallocations: 1.


Internal statistics:

num_allocs_failed_limit: 6.
num_arena_births: 1948.
num_arena_deaths: 0.
num_vsnodes_births: 3.
num_vsnodes_deaths: 0.
num_space_committed: 1710.
num_space_uncommitted: 0.
num_chunks_returned_to_freelist: 6.
num_chunks_taken_from_freelist: 7047.
num_chunk_merges: 6.
num_chunk_splits: 4362.
num_chunks_enlarged: 2539.
num_inconsistent_stats: 0.

CodeHeap 'non-profiled nmethods': size=120000Kb used=9921Kb max_used=9921Kb free=110078Kb
 bounds [0x0000019fb9480000, 0x0000019fb9e40000, 0x0000019fc09b0000]
CodeHeap 'profiled nmethods': size=120000Kb used=28613Kb max_used=28613Kb free=91386Kb
 bounds [0x0000019fb19b0000, 0x0000019fb35b0000, 0x0000019fb8ee0000]
CodeHeap 'non-nmethods': size=5760Kb used=2455Kb max_used=2513Kb free=3304Kb
 bounds [0x0000019fb8ee0000, 0x0000019fb9160000, 0x0000019fb9480000]
 total_blobs=14940 nmethods=13956 adapters=896
 compilation: enabled
              stopped_count=0, restarted_count=0
 full_count=0

Compilation events (20 events):
Event: 73.411 Thread 0x0000019fc8acf8d0 16325       3       org.jetbrains.kotlin.gradle.plugin.PropertiesProvider::getKeepAndroidBuildTypeAttribute (20 bytes)
Event: 73.413 Thread 0x0000019fc8acf8d0 nmethod 16325 0x0000019fb359c390 code [0x0000019fb359c640, 0x0000019fb359d358]
Event: 73.414 Thread 0x0000019fc8acf8d0 16326       3       org.gradle.initialization.DefaultGradleProperties::find (11 bytes)
Event: 73.415 Thread 0x0000019fc8acf8d0 nmethod 16326 0x0000019fb359d790 code [0x0000019fb359d940, 0x0000019fb359db08]
Event: 73.415 Thread 0x0000019fc8acf8d0 16328       3       org.gradle.api.internal.provider.sources.GradlePropertyValueSource$Parameters_Decorated::unpackState (14 bytes)
Event: 73.416 Thread 0x0000019fc8acf8d0 nmethod 16328 0x0000019fb359dc10 code [0x0000019fb359ddc0, 0x0000019fb359e128]
Event: 73.416 Thread 0x0000019fc8acf8d0 16329       3       org.gradle.api.internal.provider.sources.GradlePropertyValueSource$Parameters_Decorated::getFactoryId (4 bytes)
Event: 73.417 Thread 0x0000019fc8acf8d0 nmethod 16329 0x0000019fb359e210 code [0x0000019fb359e3a0, 0x0000019fb359e4b8]
Event: 73.417 Thread 0x0000019fc8acf8d0 16330   !   3       jdk.internal.reflect.GeneratedSerializationConstructorAccessor23::newInstance (49 bytes)
Event: 73.417 Thread 0x0000019fc8acf8d0 nmethod 16330 0x0000019fb359e590 code [0x0000019fb359e760, 0x0000019fb359eb88]
Event: 73.417 Thread 0x0000019fc8acf8d0 16331       3       org.gradle.api.internal.provider.sources.GradlePropertyValueSource$Parameters$Inject$$Lambda$1185/0x0000019fca7c2598::run (8 bytes)
Event: 73.417 Thread 0x0000019fc8acf8d0 nmethod 16331 0x0000019fb359ed90 code [0x0000019fb359ef80, 0x0000019fb359f4b8]
Event: 73.417 Thread 0x0000019fc8acf8d0 16332       3       org.gradle.api.internal.provider.sources.GradlePropertyValueSource$Parameters$Inject::$gradleInitWork (19 bytes)
Event: 73.418 Thread 0x0000019fc8acf8d0 nmethod 16332 0x0000019fb359f690 code [0x0000019fb359f860, 0x0000019fb359fd18]
Event: 73.418 Thread 0x0000019fc8acf8d0 16333       3       org.gradle.api.internal.provider.sources.GradlePropertyValueSource$Parameters$Inject::$gradleInitAttach (1 bytes)
Event: 73.418 Thread 0x0000019fc8acf8d0 nmethod 16333 0x0000019fb359fe90 code [0x0000019fb35a0020, 0x0000019fb35a0138]
Event: 73.418 Thread 0x0000019fc8acf8d0 16334       3       org.gradle.api.internal.provider.sources.GradlePropertyValueSource$Inject$$Lambda$1186/0x0000019fca7c2b18::run (8 bytes)
Event: 73.418 Thread 0x0000019fc8acf8d0 nmethod 16334 0x0000019fb35a0210 code [0x0000019fb35a0400, 0x0000019fb35a0b18]
Event: 73.418 Thread 0x0000019fc8acf8d0 16335       3       org.gradle.api.internal.provider.sources.GradlePropertyValueSource$Inject::$gradleInitWork (19 bytes)
Event: 73.419 Thread 0x0000019fc8acf8d0 nmethod 16335 0x0000019fb35a0d10 code [0x0000019fb35a0f00, 0x0000019fb35a15b8]

GC Heap History (20 events):
Event: 60.881 GC heap before
{Heap before GC invocations=55 (full 0):
 garbage-first heap   total 307200K, used 177515K [0x0000000080000000, 0x0000000100000000)
  region size 1024K, 23 young (23552K), 5 survivors (5120K)
 Metaspace       used 99771K, committed 100992K, reserved 557056K
  class space    used 13992K, committed 14528K, reserved 425984K
}
Event: 60.887 GC heap after
{Heap after GC invocations=56 (full 0):
 garbage-first heap   total 307200K, used 164987K [0x0000000080000000, 0x0000000100000000)
  region size 1024K, 9 young (9216K), 9 survivors (9216K)
 Metaspace       used 99771K, committed 100992K, reserved 557056K
  class space    used 13992K, committed 14528K, reserved 425984K
}
Event: 62.950 GC heap before
{Heap before GC invocations=56 (full 0):
 garbage-first heap   total 307200K, used 244859K [0x0000000080000000, 0x0000000100000000)
  region size 1024K, 86 young (88064K), 9 survivors (9216K)
 Metaspace       used 103620K, committed 104896K, reserved 557056K
  class space    used 14562K, committed 15104K, reserved 425984K
}
Event: 62.960 GC heap after
{Heap after GC invocations=57 (full 0):
 garbage-first heap   total 307200K, used 169641K [0x0000000080000000, 0x0000000100000000)
  region size 1024K, 8 young (8192K), 8 survivors (8192K)
 Metaspace       used 103620K, committed 104896K, reserved 557056K
  class space    used 14562K, committed 15104K, reserved 425984K
}
Event: 64.575 GC heap before
{Heap before GC invocations=57 (full 0):
 garbage-first heap   total 307200K, used 246441K [0x0000000080000000, 0x0000000100000000)
  region size 1024K, 83 young (84992K), 8 survivors (8192K)
 Metaspace       used 106256K, committed 107520K, reserved 557056K
  class space    used 14920K, committed 15488K, reserved 425984K
}
Event: 64.587 GC heap after
{Heap after GC invocations=58 (full 0):
 garbage-first heap   total 307200K, used 177727K [0x0000000080000000, 0x0000000100000000)
  region size 1024K, 9 young (9216K), 9 survivors (9216K)
 Metaspace       used 106256K, committed 107520K, reserved 557056K
  class space    used 14920K, committed 15488K, reserved 425984K
}
Event: 66.033 GC heap before
{Heap before GC invocations=58 (full 0):
 garbage-first heap   total 307200K, used 249407K [0x0000000080000000, 0x0000000100000000)
  region size 1024K, 79 young (80896K), 9 survivors (9216K)
 Metaspace       used 106368K, committed 107648K, reserved 557056K
  class space    used 14930K, committed 15488K, reserved 425984K
}
Event: 66.049 GC heap after
{Heap after GC invocations=59 (full 0):
 garbage-first heap   total 307200K, used 190965K [0x0000000080000000, 0x0000000100000000)
  region size 1024K, 10 young (10240K), 10 survivors (10240K)
 Metaspace       used 106368K, committed 107648K, reserved 557056K
  class space    used 14930K, committed 15488K, reserved 425984K
}
Event: 66.227 GC heap before
{Heap before GC invocations=59 (full 0):
 garbage-first heap   total 307200K, used 250357K [0x0000000080000000, 0x0000000100000000)
  region size 1024K, 69 young (70656K), 10 survivors (10240K)
 Metaspace       used 106368K, committed 107648K, reserved 557056K
  class space    used 14930K, committed 15488K, reserved 425984K
}
Event: 66.236 GC heap after
{Heap after GC invocations=60 (full 0):
 garbage-first heap   total 307200K, used 195262K [0x0000000080000000, 0x0000000100000000)
  region size 1024K, 5 young (5120K), 5 survivors (5120K)
 Metaspace       used 106368K, committed 107648K, reserved 557056K
  class space    used 14930K, committed 15488K, reserved 425984K
}
Event: 68.394 GC heap before
{Heap before GC invocations=61 (full 0):
 garbage-first heap   total 336896K, used 254654K [0x0000000080000000, 0x0000000100000000)
  region size 1024K, 63 young (64512K), 5 survivors (5120K)
 Metaspace       used 106699K, committed 108032K, reserved 557056K
  class space    used 14967K, committed 15552K, reserved 425984K
}
Event: 68.406 GC heap after
{Heap after GC invocations=62 (full 0):
 garbage-first heap   total 336896K, used 200937K [0x0000000080000000, 0x0000000100000000)
  region size 1024K, 8 young (8192K), 8 survivors (8192K)
 Metaspace       used 106699K, committed 108032K, reserved 557056K
  class space    used 14967K, committed 15552K, reserved 425984K
}
Event: 68.468 GC heap before
{Heap before GC invocations=62 (full 0):
 garbage-first heap   total 336896K, used 209129K [0x0000000080000000, 0x0000000100000000)
  region size 1024K, 16 young (16384K), 8 survivors (8192K)
 Metaspace       used 106700K, committed 108032K, reserved 557056K
  class space    used 14967K, committed 15552K, reserved 425984K
}
Event: 68.483 GC heap after
{Heap after GC invocations=63 (full 0):
 garbage-first heap   total 336896K, used 200117K [0x0000000080000000, 0x0000000100000000)
  region size 1024K, 2 young (2048K), 2 survivors (2048K)
 Metaspace       used 106700K, committed 108032K, reserved 557056K
  class space    used 14967K, committed 15552K, reserved 425984K
}
Event: 68.949 GC heap before
{Heap before GC invocations=63 (full 0):
 garbage-first heap   total 336896K, used 273845K [0x0000000080000000, 0x0000000100000000)
  region size 1024K, 75 young (76800K), 2 survivors (2048K)
 Metaspace       used 106700K, committed 108032K, reserved 557056K
  class space    used 14967K, committed 15552K, reserved 425984K
}
Event: 68.956 GC heap after
{Heap after GC invocations=64 (full 0):
 garbage-first heap   total 336896K, used 202367K [0x0000000080000000, 0x0000000100000000)
  region size 1024K, 4 young (4096K), 4 survivors (4096K)
 Metaspace       used 106700K, committed 108032K, reserved 557056K
  class space    used 14967K, committed 15552K, reserved 425984K
}
Event: 71.627 GC heap before
{Heap before GC invocations=64 (full 0):
 garbage-first heap   total 336896K, used 279167K [0x0000000080000000, 0x0000000100000000)
  region size 1024K, 79 young (80896K), 4 survivors (4096K)
 Metaspace       used 107171K, committed 108544K, reserved 557056K
  class space    used 15013K, committed 15616K, reserved 425984K
}
Event: 71.639 GC heap after
{Heap after GC invocations=65 (full 0):
 garbage-first heap   total 336896K, used 213580K [0x0000000080000000, 0x0000000100000000)
  region size 1024K, 10 young (10240K), 10 survivors (10240K)
 Metaspace       used 107171K, committed 108544K, reserved 557056K
  class space    used 15013K, committed 15616K, reserved 425984K
}
Event: 71.882 GC heap before
{Heap before GC invocations=65 (full 0):
 garbage-first heap   total 336896K, used 277068K [0x0000000080000000, 0x0000000100000000)
  region size 1024K, 73 young (74752K), 10 survivors (10240K)
 Metaspace       used 107171K, committed 108544K, reserved 557056K
  class space    used 15013K, committed 15616K, reserved 425984K
}
Event: 71.890 GC heap after
{Heap after GC invocations=66 (full 0):
 garbage-first heap   total 336896K, used 216431K [0x0000000080000000, 0x0000000100000000)
  region size 1024K, 4 young (4096K), 4 survivors (4096K)
 Metaspace       used 107171K, committed 108544K, reserved 557056K
  class space    used 15013K, committed 15616K, reserved 425984K
}

Deoptimization events (20 events):
Event: 72.821 Thread 0x0000019fe9cc2aa0 Uncommon trap: trap_request=0xffffff45 fr.pc=0x0000019fb9cf5b3c relative=0x000000000000009c
Event: 72.821 Thread 0x0000019fe9cc2aa0 Uncommon trap: reason=unstable_if action=reinterpret pc=0x0000019fb9cf5b3c method=org.codehaus.groovy.reflection.CachedClass$3.lambda$initValue$1(Ljava/lang/reflect/Method;)Z @ 16 c2
Event: 72.821 Thread 0x0000019fe9cc2aa0 DEOPT PACKING pc=0x0000019fb9cf5b3c sp=0x0000005facff6ed0
Event: 72.821 Thread 0x0000019fe9cc2aa0 DEOPT UNPACKING pc=0x0000019fb8f35ba3 sp=0x0000005facff6df0 mode 2
Event: 72.835 Thread 0x0000019fe9cc2aa0 Uncommon trap: trap_request=0xffffffbe fr.pc=0x0000019fb9cbbe54 relative=0x0000000000000334
Event: 72.835 Thread 0x0000019fe9cc2aa0 Uncommon trap: reason=profile_predicate action=maybe_recompile pc=0x0000019fb9cbbe54 method=java.util.HashMap.valuesToArray([Ljava/lang/Object;)[Ljava/lang/Object; @ 32 c2
Event: 72.835 Thread 0x0000019fe9cc2aa0 DEOPT PACKING pc=0x0000019fb9cbbe54 sp=0x0000005facff70b0
Event: 72.835 Thread 0x0000019fe9cc2aa0 DEOPT UNPACKING pc=0x0000019fb8f35ba3 sp=0x0000005facff7060 mode 2
Event: 72.836 Thread 0x0000019fe9cc2aa0 Uncommon trap: trap_request=0xffffffde fr.pc=0x0000019fb989a508 relative=0x0000000000000d28
Event: 72.836 Thread 0x0000019fe9cc2aa0 Uncommon trap: reason=class_check action=maybe_recompile pc=0x0000019fb989a508 method=org.gradle.internal.logging.sink.OutputEventTransformer.onOutput(Lorg/gradle/internal/logging/events/OutputEvent;)V @ 272 c2
Event: 72.836 Thread 0x0000019fe9cc2aa0 DEOPT PACKING pc=0x0000019fb989a508 sp=0x0000005facff65d0
Event: 72.836 Thread 0x0000019fe9cc2aa0 DEOPT UNPACKING pc=0x0000019fb8f35ba3 sp=0x0000005facff6588 mode 2
Event: 72.881 Thread 0x0000019fe9cc2aa0 Uncommon trap: trap_request=0xffffffbe fr.pc=0x0000019fb9e022cc relative=0x000000000000022c
Event: 72.881 Thread 0x0000019fe9cc2aa0 Uncommon trap: reason=profile_predicate action=maybe_recompile pc=0x0000019fb9e022cc method=java.util.HashMap.valuesToArray([Ljava/lang/Object;)[Ljava/lang/Object; @ 48 c2
Event: 72.881 Thread 0x0000019fe9cc2aa0 DEOPT PACKING pc=0x0000019fb9e022cc sp=0x0000005facff4020
Event: 72.881 Thread 0x0000019fe9cc2aa0 DEOPT UNPACKING pc=0x0000019fb8f35ba3 sp=0x0000005facff3fc8 mode 2
Event: 72.895 Thread 0x0000019fe9cc2aa0 Uncommon trap: trap_request=0xffffffbe fr.pc=0x0000019fb9e022cc relative=0x000000000000022c
Event: 72.895 Thread 0x0000019fe9cc2aa0 Uncommon trap: reason=profile_predicate action=maybe_recompile pc=0x0000019fb9e022cc method=java.util.HashMap.valuesToArray([Ljava/lang/Object;)[Ljava/lang/Object; @ 48 c2
Event: 72.895 Thread 0x0000019fe9cc2aa0 DEOPT PACKING pc=0x0000019fb9e022cc sp=0x0000005facff5780
Event: 72.895 Thread 0x0000019fe9cc2aa0 DEOPT UNPACKING pc=0x0000019fb8f35ba3 sp=0x0000005facff5728 mode 2

Classes unloaded (0 events):
No events

Classes redefined (0 events):
No events

Internal exceptions (20 events):
Event: 72.136 Thread 0x0000019fe9cc2aa0 Exception <a 'java/lang/ClassNotFoundException'{0x00000000939f5608}: build_7fy1kftlv5dvdtuydvc4ege0p$_run_closure1BeanInfo> (0x00000000939f5608) 
thrown [s\open\src\hotspot\share\classfile\systemDictionary.cpp, line 256]
Event: 72.149 Thread 0x0000019fe9cc2aa0 Exception <a 'java/lang/ClassNotFoundException'{0x0000000093803070}: build_7fy1kftlv5dvdtuydvc4ege0p$_run_closure1Customizer> (0x0000000093803070) 
thrown [s\open\src\hotspot\share\classfile\systemDictionary.cpp, line 256]
Event: 72.484 Thread 0x0000019fe9cc2aa0 Exception <a 'java/lang/ClassNotFoundException'{0x0000000097d0dda0}: build_275tye85e8xa3b1son6erp44bBeanInfo> (0x0000000097d0dda0) 
thrown [s\open\src\hotspot\share\classfile\systemDictionary.cpp, line 256]
Event: 72.485 Thread 0x0000019fe9cc2aa0 Exception <a 'java/lang/ClassNotFoundException'{0x0000000097d14f38}: build_275tye85e8xa3b1son6erp44bCustomizer> (0x0000000097d14f38) 
thrown [s\open\src\hotspot\share\classfile\systemDictionary.cpp, line 256]
Event: 72.557 Thread 0x0000019fe9cc2aa0 Exception <a 'java/lang/ClassNotFoundException'{0x0000000097c68f80}: java/lang/MathBeanInfo> (0x0000000097c68f80) 
thrown [s\open\src\hotspot\share\classfile\systemDictionary.cpp, line 256]
Event: 72.557 Thread 0x0000019fe9cc2aa0 Exception <a 'java/lang/ClassNotFoundException'{0x0000000097c6fe78}: java/lang/MathCustomizer> (0x0000000097c6fe78) 
thrown [s\open\src\hotspot\share\classfile\systemDictionary.cpp, line 256]
Event: 72.626 Thread 0x0000019fe9cc2aa0 Exception <a 'java/lang/ClassNotFoundException'{0x00000000978244d8}: build_275tye85e8xa3b1son6erp44bBeanInfo> (0x00000000978244d8) 
thrown [s\open\src\hotspot\share\classfile\systemDictionary.cpp, line 256]
Event: 72.626 Thread 0x0000019fe9cc2aa0 Exception <a 'java/lang/ClassNotFoundException'{0x000000009782b600}: build_275tye85e8xa3b1son6erp44bCustomizer> (0x000000009782b600) 
thrown [s\open\src\hotspot\share\classfile\systemDictionary.cpp, line 256]
Event: 72.829 Thread 0x0000019fe9cc2aa0 Exception <a 'java/lang/ClassNotFoundException'{0x0000000097213808}: org/gradle/internal/io/LinePerThreadBufferingOutputStreamBeanInfo> (0x0000000097213808) 
thrown [s\open\src\hotspot\share\classfile\systemDictionary.cpp, line 256]
Event: 72.830 Thread 0x0000019fe9cc2aa0 Exception <a 'java/lang/ClassNotFoundException'{0x000000009721db00}: java/io/PrintStreamBeanInfo> (0x000000009721db00) 
thrown [s\open\src\hotspot\share\classfile\systemDictionary.cpp, line 256]
Event: 72.830 Thread 0x0000019fe9cc2aa0 Exception <a 'java/lang/ClassNotFoundException'{0x0000000097228130}: java/io/FilterOutputStreamBeanInfo> (0x0000000097228130) 
thrown [s\open\src\hotspot\share\classfile\systemDictionary.cpp, line 256]
Event: 72.831 Thread 0x0000019fe9cc2aa0 Exception <a 'java/lang/ClassNotFoundException'{0x00000000972326c8}: java/io/OutputStreamBeanInfo> (0x00000000972326c8) 
thrown [s\open\src\hotspot\share\classfile\systemDictionary.cpp, line 256]
Event: 72.831 Thread 0x0000019fe9cc2aa0 Exception <a 'java/lang/ClassNotFoundException'{0x000000009723cc40}: java/io/OutputStreamCustomizer> (0x000000009723cc40) 
thrown [s\open\src\hotspot\share\classfile\systemDictionary.cpp, line 256]
Event: 72.832 Thread 0x0000019fe9cc2aa0 Exception <a 'java/lang/ClassNotFoundException'{0x000000009724ae78}: java/io/FilterOutputStreamCustomizer> (0x000000009724ae78) 
thrown [s\open\src\hotspot\share\classfile\systemDictionary.cpp, line 256]
Event: 72.833 Thread 0x0000019fe9cc2aa0 Exception <a 'java/lang/ClassNotFoundException'{0x000000009725a9a0}: java/io/PrintStreamCustomizer> (0x000000009725a9a0) 
thrown [s\open\src\hotspot\share\classfile\systemDictionary.cpp, line 256]
Event: 72.835 Thread 0x0000019fe9cc2aa0 Exception <a 'java/lang/ClassNotFoundException'{0x0000000097283208}: org/gradle/internal/io/LinePerThreadBufferingOutputStreamCustomizer> (0x0000000097283208) 
thrown [s\open\src\hotspot\share\classfile\systemDictionary.cpp, line 256]
Event: 72.880 Thread 0x0000019fe9cc2aa0 Exception <a 'java/lang/ClassNotFoundException'{0x000000009718c350}: com/android/build/gradle/internal/api/DefaultAndroidSourceFileBeanInfo> (0x000000009718c350) 
thrown [s\open\src\hotspot\share\classfile\systemDictionary.cpp, line 256]
Event: 72.881 Thread 0x0000019fe9cc2aa0 Exception <a 'java/lang/ClassNotFoundException'{0x000000009719df48}: com/android/build/gradle/internal/api/DefaultAndroidSourceFileCustomizer> (0x000000009719df48) 
thrown [s\open\src\hotspot\share\classfile\systemDictionary.cpp, line 256]
Event: 72.890 Thread 0x0000019fe9cc2aa0 Exception <a 'java/lang/ClassNotFoundException'{0x00000000971d6ec0}: build_275tye85e8xa3b1son6erp44b$_run_closure4BeanInfo> (0x00000000971d6ec0) 
thrown [s\open\src\hotspot\share\classfile\systemDictionary.cpp, line 256]
Event: 72.895 Thread 0x0000019fe9cc2aa0 Exception <a 'java/lang/ClassNotFoundException'{0x00000000971e3f90}: build_275tye85e8xa3b1son6erp44b$_run_closure4Customizer> (0x00000000971e3f90) 
thrown [s\open\src\hotspot\share\classfile\systemDictionary.cpp, line 256]

VM Operations (20 events):
Event: 68.468 Executing VM operation: G1CollectForAllocation
Event: 68.484 Executing VM operation: G1CollectForAllocation done
Event: 68.514 Executing VM operation: HandshakeAllThreads
Event: 68.514 Executing VM operation: HandshakeAllThreads done
Event: 68.948 Executing VM operation: G1CollectForAllocation
Event: 68.956 Executing VM operation: G1CollectForAllocation done
Event: 69.965 Executing VM operation: Cleanup
Event: 69.966 Executing VM operation: Cleanup done
Event: 70.982 Executing VM operation: Cleanup
Event: 70.984 Executing VM operation: Cleanup done
Event: 71.627 Executing VM operation: G1CollectForAllocation
Event: 71.640 Executing VM operation: G1CollectForAllocation done
Event: 71.882 Executing VM operation: G1CollectForAllocation
Event: 71.892 Executing VM operation: G1CollectForAllocation done
Event: 72.198 Executing VM operation: G1Concurrent
Event: 72.210 Executing VM operation: G1Concurrent done
Event: 72.347 Executing VM operation: G1Concurrent
Event: 72.348 Executing VM operation: G1Concurrent done
Event: 72.777 Executing VM operation: HandshakeAllThreads
Event: 72.777 Executing VM operation: HandshakeAllThreads done

Events (20 events):
Event: 72.830 loading class java/io/FilterOutputStreamBeanInfo
Event: 72.830 loading class java/io/FilterOutputStreamBeanInfo done
Event: 72.830 loading class java/io/FilterOutputStreamBeanInfo
Event: 72.830 loading class java/io/FilterOutputStreamBeanInfo done
Event: 72.830 loading class java/io/OutputStreamBeanInfo
Event: 72.830 loading class java/io/OutputStreamBeanInfo done
Event: 72.831 loading class java/io/OutputStreamBeanInfo
Event: 72.831 loading class java/io/OutputStreamBeanInfo done
Event: 72.831 loading class java/io/OutputStreamCustomizer
Event: 72.831 loading class java/io/OutputStreamCustomizer done
Event: 72.831 loading class java/io/OutputStreamCustomizer
Event: 72.831 loading class java/io/OutputStreamCustomizer done
Event: 72.831 loading class java/io/FilterOutputStreamCustomizer
Event: 72.832 loading class java/io/FilterOutputStreamCustomizer done
Event: 72.832 loading class java/io/FilterOutputStreamCustomizer
Event: 72.832 loading class java/io/FilterOutputStreamCustomizer done
Event: 72.832 loading class java/io/PrintStreamCustomizer
Event: 72.832 loading class java/io/PrintStreamCustomizer done
Event: 72.833 loading class java/io/PrintStreamCustomizer
Event: 72.833 loading class java/io/PrintStreamCustomizer done


Dynamic libraries:
0x00007ff7a9130000 - 0x00007ff7a9140000 	C:\Program Files\Java\jdk-17\bin\java.exe
0x00007ffd74150000 - 0x00007ffd74367000 	C:\WINDOWS\SYSTEM32\ntdll.dll
0x00007ffd72d30000 - 0x00007ffd72df4000 	C:\WINDOWS\System32\KERNEL32.DLL
0x00007ffd718d0000 - 0x00007ffd71c8a000 	C:\WINDOWS\System32\KERNELBASE.dll
0x00007ffd71610000 - 0x00007ffd71721000 	C:\WINDOWS\System32\ucrtbase.dll
0x00007ffcdd450000 - 0x00007ffcdd469000 	C:\Program Files\Java\jdk-17\bin\jli.dll
0x00007ffd57300000 - 0x00007ffd5731b000 	C:\Program Files\Java\jdk-17\bin\VCRUNTIME140.dll
0x00007ffd732e0000 - 0x00007ffd73392000 	C:\WINDOWS\System32\ADVAPI32.dll
0x00007ffd726f0000 - 0x00007ffd72797000 	C:\WINDOWS\System32\msvcrt.dll
0x00007ffd73e90000 - 0x00007ffd73f37000 	C:\WINDOWS\System32\sechost.dll
0x00007ffd71e30000 - 0x00007ffd71e58000 	C:\WINDOWS\System32\bcrypt.dll
0x00007ffd72950000 - 0x00007ffd72a64000 	C:\WINDOWS\System32\RPCRT4.dll
0x00007ffd727a0000 - 0x00007ffd7294e000 	C:\WINDOWS\System32\USER32.dll
0x00007ffd57d30000 - 0x00007ffd57fc2000 	C:\WINDOWS\WinSxS\amd64_microsoft.windows.common-controls_6595b64144ccf1df_6.0.22621.4541_none_2710d1c57384c085\COMCTL32.dll
0x00007ffd71c90000 - 0x00007ffd71cb6000 	C:\WINDOWS\System32\win32u.dll
0x00007ffd72ba0000 - 0x00007ffd72bc9000 	C:\WINDOWS\System32\GDI32.dll
0x00007ffd717b0000 - 0x00007ffd718cb000 	C:\WINDOWS\System32\gdi32full.dll
0x00007ffd71570000 - 0x00007ffd7160a000 	C:\WINDOWS\System32\msvcp_win.dll
0x00007ffd620c0000 - 0x00007ffd620ca000 	C:\WINDOWS\SYSTEM32\VERSION.dll
0x00007ffd72bd0000 - 0x00007ffd72c01000 	C:\WINDOWS\System32\IMM32.DLL
0x00007ffd572f0000 - 0x00007ffd572fc000 	C:\Program Files\Java\jdk-17\bin\vcruntime140_1.dll
0x00007ffcd9c90000 - 0x00007ffcd9d1e000 	C:\Program Files\Java\jdk-17\bin\msvcp140.dll
0x00007ffcd3710000 - 0x00007ffcd42f0000 	C:\Program Files\Java\jdk-17\bin\server\jvm.dll
0x00007ffd72c10000 - 0x00007ffd72c18000 	C:\WINDOWS\System32\PSAPI.DLL
0x00007ffceac30000 - 0x00007ffceac39000 	C:\WINDOWS\SYSTEM32\WSOCK32.dll
0x00007ffd68740000 - 0x00007ffd68774000 	C:\WINDOWS\SYSTEM32\WINMM.dll
0x00007ffd72ac0000 - 0x00007ffd72b31000 	C:\WINDOWS\System32\WS2_32.dll
0x00007ffd70560000 - 0x00007ffd70578000 	C:\WINDOWS\SYSTEM32\kernel.appcore.dll
0x00007ffcdf670000 - 0x00007ffcdf67a000 	C:\Program Files\Java\jdk-17\bin\jimage.dll
0x00007ffd6ec30000 - 0x00007ffd6ee62000 	C:\WINDOWS\SYSTEM32\DBGHELP.DLL
0x00007ffd722d0000 - 0x00007ffd7265f000 	C:\WINDOWS\System32\combase.dll
0x00007ffd733a0000 - 0x00007ffd73477000 	C:\WINDOWS\System32\OLEAUT32.dll
0x00007ffd651d0000 - 0x00007ffd65202000 	C:\WINDOWS\SYSTEM32\dbgcore.DLL
0x00007ffd71730000 - 0x00007ffd717ab000 	C:\WINDOWS\System32\bcryptPrimitives.dll
0x00007ffcd3520000 - 0x00007ffcd352e000 	C:\Program Files\Java\jdk-17\bin\instrument.dll
0x00007ffcdca20000 - 0x00007ffcdca45000 	C:\Program Files\Java\jdk-17\bin\java.dll
0x00007ffcd3630000 - 0x00007ffcd3707000 	C:\Program Files\Java\jdk-17\bin\jsvml.dll
0x00007ffd73480000 - 0x00007ffd73cf8000 	C:\WINDOWS\System32\SHELL32.dll
0x00007ffd6f330000 - 0x00007ffd6fc38000 	C:\WINDOWS\SYSTEM32\windows.storage.dll
0x00007ffd6f1f0000 - 0x00007ffd6f32f000 	C:\WINDOWS\SYSTEM32\wintypes.dll
0x00007ffd72030000 - 0x00007ffd7212a000 	C:\WINDOWS\System32\SHCORE.dll
0x00007ffd721e0000 - 0x00007ffd7223e000 	C:\WINDOWS\System32\shlwapi.dll
0x00007ffd71360000 - 0x00007ffd7138b000 	C:\WINDOWS\SYSTEM32\profapi.dll
0x00007ffcd9be0000 - 0x00007ffcd9bf8000 	C:\Program Files\Java\jdk-17\bin\zip.dll
0x00007ffcd9c70000 - 0x00007ffcd9c89000 	C:\Program Files\Java\jdk-17\bin\net.dll
0x00007ffd6b3e0000 - 0x00007ffd6b516000 	C:\WINDOWS\SYSTEM32\WINHTTP.dll
0x00007ffd709e0000 - 0x00007ffd70a49000 	C:\WINDOWS\system32\mswsock.dll
0x00007ffcd9c50000 - 0x00007ffcd9c66000 	C:\Program Files\Java\jdk-17\bin\nio.dll
0x00007ffcd9c10000 - 0x00007ffcd9c20000 	C:\Program Files\Java\jdk-17\bin\verify.dll
0x00007ffcd3530000 - 0x00007ffcd3557000 	C:\Users\DELL\.gradle\native\c067742578af261105cb4f569cf0c3c89f3d7b1fecec35dd04571415982c5e48\windows-amd64\native-platform.dll
0x00007ffcd32a0000 - 0x00007ffcd33e4000 	C:\Users\DELL\.gradle\native\100fb08df4bc3b14c8652ba06237920a3bd2aa13389f12d3474272988ae205f9\windows-amd64\native-platform-file-events.dll
0x00007ffcdd3c0000 - 0x00007ffcdd3ca000 	C:\Program Files\Java\jdk-17\bin\management.dll
0x00007ffcdca10000 - 0x00007ffcdca1b000 	C:\Program Files\Java\jdk-17\bin\management_ext.dll
0x00007ffd70c30000 - 0x00007ffd70c4b000 	C:\WINDOWS\SYSTEM32\CRYPTSP.dll
0x00007ffd704c0000 - 0x00007ffd704f5000 	C:\WINDOWS\system32\rsaenh.dll
0x00007ffd70ad0000 - 0x00007ffd70af8000 	C:\WINDOWS\SYSTEM32\USERENV.dll
0x00007ffd70c50000 - 0x00007ffd70c5c000 	C:\WINDOWS\SYSTEM32\CRYPTBASE.dll
0x00007ffd6ff20000 - 0x00007ffd6ff4d000 	C:\WINDOWS\SYSTEM32\IPHLPAPI.DLL
0x00007ffd722c0000 - 0x00007ffd722c9000 	C:\WINDOWS\System32\NSI.dll
0x00007ffd69a30000 - 0x00007ffd69a49000 	C:\WINDOWS\SYSTEM32\dhcpcsvc6.DLL
0x00007ffd69a10000 - 0x00007ffd69a2f000 	C:\WINDOWS\SYSTEM32\dhcpcsvc.DLL
0x00007ffd6ff50000 - 0x00007ffd70052000 	C:\WINDOWS\SYSTEM32\DNSAPI.dll
0x00007ffcd9c40000 - 0x00007ffcd9c4e000 	C:\Program Files\Java\jdk-17\bin\sunmscapi.dll
0x00007ffd71cc0000 - 0x00007ffd71e26000 	C:\WINDOWS\System32\CRYPT32.dll
0x00007ffd70df0000 - 0x00007ffd70e1d000 	C:\WINDOWS\SYSTEM32\ncrypt.dll
0x00007ffd70db0000 - 0x00007ffd70de7000 	C:\WINDOWS\SYSTEM32\NTASN1.dll
0x00007ffcd9c30000 - 0x00007ffcd9c38000 	C:\WINDOWS\system32\wshunix.dll
0x00007ffd4fac0000 - 0x00007ffd4fad7000 	C:\WINDOWS\system32\napinsp.dll
0x00007ffd4faa0000 - 0x00007ffd4fabb000 	C:\WINDOWS\system32\pnrpnsp.dll
0x00007ffd4fa80000 - 0x00007ffd4fa91000 	C:\WINDOWS\System32\winrnr.dll
0x00007ffd4fa60000 - 0x00007ffd4fa75000 	C:\WINDOWS\system32\wshbth.dll
0x00007ffd4fa30000 - 0x00007ffd4fa57000 	C:\WINDOWS\system32\nlansp_c.dll
0x00007ffd68a90000 - 0x00007ffd68a9a000 	C:\Windows\System32\rasadhlp.dll
0x00007ffd69210000 - 0x00007ffd69293000 	C:\WINDOWS\System32\fwpuclnt.dll

dbghelp: loaded successfully - version: 4.0.5 - missing functions: none
symbol engine: initialized successfully - sym options: 0x614 - pdb path: .;C:\Program Files\Java\jdk-17\bin;C:\WINDOWS\SYSTEM32;C:\WINDOWS\WinSxS\amd64_microsoft.windows.common-controls_6595b64144ccf1df_6.0.22621.4541_none_2710d1c57384c085;C:\Program Files\Java\jdk-17\bin\server;C:\Users\DELL\.gradle\native\c067742578af261105cb4f569cf0c3c89f3d7b1fecec35dd04571415982c5e48\windows-amd64;C:\Users\DELL\.gradle\native\100fb08df4bc3b14c8652ba06237920a3bd2aa13389f12d3474272988ae205f9\windows-amd64

VM Arguments:
jvm_args: -XX:MaxMetaspaceSize=512m --add-opens=java.base/java.util=ALL-UNNAMED --add-opens=java.base/java.lang=ALL-UNNAMED --add-opens=java.base/java.lang.invoke=ALL-UNNAMED --add-opens=java.prefs/java.util.prefs=ALL-UNNAMED --add-exports=jdk.compiler/com.sun.tools.javac.api=ALL-UNNAMED --add-exports=jdk.compiler/com.sun.tools.javac.util=ALL-UNNAMED --add-opens=java.base/java.nio.charset=ALL-UNNAMED --add-opens=java.base/java.net=ALL-UNNAMED --add-opens=java.base/java.util.concurrent.atomic=ALL-UNNAMED -Xmx2048m -Dfile.encoding=windows-1252 -Duser.country=IN -Duser.language=en -Duser.variant -javaagent:C:\Users\DELL\.gradle\wrapper\dists\gradle-8.10.2-all\7iv73wktx1xtkvlq19urqw1wm\gradle-8.10.2\lib\agents\gradle-instrumentation-agent-8.10.2.jar 
java_command: org.gradle.launcher.daemon.bootstrap.GradleDaemon 8.10.2
java_class_path (initial): C:\Users\DELL\.gradle\wrapper\dists\gradle-8.10.2-all\7iv73wktx1xtkvlq19urqw1wm\gradle-8.10.2\lib\gradle-daemon-main-8.10.2.jar
Launcher Type: SUN_STANDARD

[Global flags]
     intx CICompilerCount                          = 4                                         {product} {ergonomic}
   size_t CompressedClassSpaceSize                 = 436207616                                 {product} {ergonomic}
     uint ConcGCThreads                            = 2                                         {product} {ergonomic}
     uint G1ConcRefinementThreads                  = 8                                         {product} {ergonomic}
   size_t G1HeapRegionSize                         = 1048576                                   {product} {ergonomic}
    uintx GCDrainStackTargetSize                   = 64                                        {product} {ergonomic}
   size_t InitialHeapSize                          = 130023424                                 {product} {ergonomic}
   size_t MarkStackSize                            = 4194304                                   {product} {ergonomic}
   size_t MaxHeapSize                              = 2147483648                                {product} {command line}
   size_t MaxMetaspaceSize                         = 536870912                                 {product} {command line}
   size_t MaxNewSize                               = 1287651328                                {product} {ergonomic}
   size_t MinHeapDeltaBytes                        = 1048576                                   {product} {ergonomic}
   size_t MinHeapSize                              = 8388608                                   {product} {ergonomic}
    uintx NonNMethodCodeHeapSize                   = 5839372                                {pd product} {ergonomic}
    uintx NonProfiledCodeHeapSize                  = 122909434                              {pd product} {ergonomic}
    uintx ProfiledCodeHeapSize                     = 122909434                              {pd product} {ergonomic}
    uintx ReservedCodeCacheSize                    = 251658240                              {pd product} {ergonomic}
     bool SegmentedCodeCache                       = true                                      {product} {ergonomic}
   size_t SoftMaxHeapSize                          = 2147483648                             {manageable} {ergonomic}
     bool UseCompressedClassPointers               = true                           {product lp64_product} {ergonomic}
     bool UseCompressedOops                        = true                           {product lp64_product} {ergonomic}
     bool UseG1GC                                  = true                                      {product} {ergonomic}
     bool UseLargePagesIndividualAllocation        = false                                  {pd product} {ergonomic}

Logging:
Log output configuration:
 #0: stdout all=warning uptime,level,tags
 #1: stderr all=off uptime,level,tags

Environment Variables:
JAVA_HOME=C:\Program Files\Java\jdk-17
CLASSPATH=C:\Users\DELL\mobile-App-v4\android\\gradle\wrapper\gradle-wrapper.jar
PATH=C:\Users\DELL\mobile-App-v4\node_modules\.bin;C:\Users\DELL\mobile-App-v4\node_modules\.bin;C:\Users\DELL\node_modules\.bin;C:\Users\node_modules\.bin;C:\node_modules\.bin;C:\Program Files\nodejs\node_modules\npm\node_modules\@npmcli\run-script\lib\node-gyp-bin;C:\Users\DELL\mobile-App-v4\node_modules\.bin;C:\Users\DELL\mobile-App-v4\node_modules\.bin;C:\Users\DELL\node_modules\.bin;C:\Users\node_modules\.bin;C:\node_modules\.bin;C:\Users\DELL\AppData\Roaming\npm\node_modules\npm\node_modules\@npmcli\run-script\lib\node-gyp-bin;C:\Program Files\FireDaemon OpenSSL 3\bin\;C:\Program Files\Microsoft\jdk-17.0.11.9-hotspot\bin;C:\Program Files\Microsoft\jdk-11.0.23.9-hotspot\bin;C:\Program Files\OpenLogic\jdk-11.0.23.9-hotspot\bin;C:\Program Files\Common Files\Oracle\Java\javapath;C:\Python312\Scripts\;C:\Python312\;C:\Program Files\Python311\Scripts\;C:\Program Files\Python311\;C:\Windows\system32;C:\Windows;C:\Windows\System32\Wbem;C:\Windows\System32\WindowsPowerShell\v1.0\;C:\Windows\System32\OpenSSH\;C:\Program Files\NVIDIA Corporation\NVIDIA NvDLISR;C:\Program Files\dotnet\;C:\Program Files (x86)\NVIDIA Corporation\PhysX\Common;C:\WINDOWS\system32;C:\WINDOWS;C:\WINDOWS\System32\Wbem;C:\WINDOWS\System32\WindowsPowerShell\v1.0\;C:\WINDOWS\System32\OpenSSH\;C:\MinGW\bin;C:\ProgramData\chocolatey\bin;C:\Program Files\Git\cmd;C:\xampp\php;C:\ProgramData\ComposerSetup\bin;C:\Users\DELL\anaconda3;C:\Users\DELL\anaconda3\Scripts;C:\Users\DELL\AppData\Roaming\nvm;C:\Users\DELL\AppData\Local\Android\Sdk;C:\Users\DELL\AppData\Local\Android\Sdk\platform-tools;C:\Program Files\Docker\Docker\resources\bin;D:\Download Folder\sratoolkit.current-win64\sratoolkit.3.1.1-win64\bin;D:\Download Folder\v0.12.1 source code\s-andrews-FastQC-e7ef390;D:\Download Folder\fastqc_v0.12.1\FastQC;C:\Users\DELL\FastQC;C:\Users\DELL\AppData\Local\Android\Sdk\cmake\3.22.1\bin;C:\Users\DELL\AppData\Local\Android\Sdk\ndk\26.1.10909125;C:\Program Files\MongoDB\Server\8.0\bin;C:\Users\DELL\AppData\Loca
USERNAME=DELL
OS=Windows_NT
PROCESSOR_IDENTIFIER=Intel64 Family 6 Model 140 Stepping 1, GenuineIntel



---------------  S Y S T E M  ---------------

OS:
 Windows 11 , 64 bit Build 22621 (10.0.22621.4391)
OS uptime: 0 days 1:10 hours
Hyper-V role detected

CPU: total 8 (initial active 8) (4 cores per cpu, 2 threads per core) family 6 model 140 stepping 1 microcode 0xb8, cx8, cmov, fxsr, ht, mmx, 3dnowpref, sse, sse2, sse3, ssse3, sse4.1, sse4.2, popcnt, lzcnt, tsc, tscinvbit, avx, avx2, aes, erms, clmul, bmi1, bmi2, adx, avx512f, avx512dq, avx512cd, avx512bw, avx512vl, sha, fma, vzeroupper, avx512_vpopcntdq, avx512_vpclmulqdq, avx512_vaes, avx512_vnni, clflush, clflushopt, clwb, avx512_vbmi2, avx512_vbmi, hv

Memory: 4k page, system-wide physical 7926M (252M free)
TotalPageFile size 18703M (AvailPageFile size 3M)
current process WorkingSet (physical memory assigned to process): 550M, peak: 568M
current process commit charge ("private bytes"): 769M, peak: 771M

vm_info: Java HotSpot(TM) 64-Bit Server VM (17.0.11+7-LTS-207) for windows-amd64 JRE (17.0.11+7-LTS-207), built on Mar 11 2024 19:01:50 by "mach5one" with MS VC++ 17.6 (VS2022)

END.
