#
# There is insufficient memory for the Java Runtime Environment to continue.
# Native memory allocation (malloc) failed to allocate 1043696 bytes for Chunk::new
# Possible reasons:
#   The system is out of physical RAM or swap space
#   The process is running with CompressedOops enabled, and the Java Heap may be blocking the growth of the native heap
# Possible solutions:
#   Reduce memory load on the system
#   Increase physical memory or swap space
#   Check if swap backing store is full
#   Decrease Java heap size (-Xmx/-Xms)
#   Decrease number of Java threads
#   Decrease Java thread stack sizes (-Xss)
#   Set larger code cache with -XX:ReservedCodeCacheSize=
#   JVM is running with Unscaled Compressed Oops mode in which the Java heap is
#     placed in the first 4GB address space. The Java Heap base address is the
#     maximum limit for the native heap growth. Please use -XX:HeapBaseMinAddress
#     to set the Java Heap base and to place the Java Heap above 4GB virtual address.
# This output file may be truncated or incomplete.
#
#  Out of Memory Error (arena.cpp:189), pid=17272, tid=8360
#
# JRE version: Java(TM) SE Runtime Environment (17.0.11+7) (build 17.0.11+7-LTS-207)
# Java VM: Java HotSpot(TM) 64-Bit Server VM (17.0.11+7-LTS-207, mixed mode, sharing, tiered, compressed oops, compressed class ptrs, g1 gc, windows-amd64)
# No core dump will be written. Minidumps are not enabled by default on client versions of Windows
#

---------------  S U M M A R Y ------------

Command Line: -XX:MaxMetaspaceSize=512m --add-opens=java.base/java.util=ALL-UNNAMED --add-opens=java.base/java.lang=ALL-UNNAMED --add-opens=java.base/java.lang.invoke=ALL-UNNAMED --add-opens=java.prefs/java.util.prefs=ALL-UNNAMED --add-exports=jdk.compiler/com.sun.tools.javac.api=ALL-UNNAMED --add-exports=jdk.compiler/com.sun.tools.javac.util=ALL-UNNAMED --add-opens=java.base/java.nio.charset=ALL-UNNAMED --add-opens=java.base/java.net=ALL-UNNAMED --add-opens=java.base/java.util.concurrent.atomic=ALL-UNNAMED -Xmx2048m -Dfile.encoding=windows-1252 -Duser.country=IN -Duser.language=en -Duser.variant -javaagent:C:\Users\DELL\.gradle\wrapper\dists\gradle-8.10.2-all\7iv73wktx1xtkvlq19urqw1wm\gradle-8.10.2\lib\agents\gradle-instrumentation-agent-8.10.2.jar org.gradle.launcher.daemon.bootstrap.GradleDaemon 8.10.2

Host: 11th Gen Intel(R) Core(TM) i5-1135G7 @ 2.40GHz, 8 cores, 7G,  Windows 11 , 64 bit Build 22621 (10.0.22621.4830)
Time: Sun Feb 16 01:16:45 2025 India Standard Time elapsed time: 95.530618 seconds (0d 0h 1m 35s)

---------------  T H R E A D  ---------------

Current thread (0x0000024c52d16a40):  JavaThread "C2 CompilerThread1" daemon [_thread_in_native, id=8360, stack(0x0000009863000000,0x0000009863100000)]


Current CompileTask:
C2:  95530 21137   !   4       org.gradle.api.internal.artifacts.transform.AttributeMatchingArtifactVariantSelector::select (38 bytes)

Stack: [0x0000009863000000,0x0000009863100000]
Native frames: (J=compiled Java code, j=interpreted, Vv=VM code, C=native code)
V  [jvm.dll+0x679cca]
V  [jvm.dll+0x7da13d]
V  [jvm.dll+0x7dba83]
V  [jvm.dll+0x7dc0f3]
V  [jvm.dll+0x2449af]
V  [jvm.dll+0xab83b]
V  [jvm.dll+0xabe1c]
V  [jvm.dll+0x2a9e6f]
V  [jvm.dll+0x5818d9]
V  [jvm.dll+0x21ed62]
V  [jvm.dll+0x21f13f]
V  [jvm.dll+0x218331]
V  [jvm.dll+0x215505]
V  [jvm.dll+0x1a2040]
V  [jvm.dll+0x225a2b]
V  [jvm.dll+0x223bcb]
V  [jvm.dll+0x7903ec]
V  [jvm.dll+0x78a85a]
V  [jvm.dll+0x678bb5]
C  [ucrtbase.dll+0x29333]
C  [KERNEL32.DLL+0x1259d]
C  [ntdll.dll+0x5af38]


---------------  P R O C E S S  ---------------

Threads class SMR info:
_java_thread_list=0x0000024c47492ef0, length=142, elements={
0x0000024c03d2cf70, 0x0000024c23eb3d60, 0x0000024c23eb5840, 0x0000024c23ec55a0,
0x0000024c23ec5f70, 0x0000024c23ecbd50, 0x0000024c23ece630, 0x0000024c23ed12f0,
0x0000024c23ed9cc0, 0x0000024c23eead90, 0x0000024c23e9fd60, 0x0000024c432611c0,
0x0000024c44a6e5e0, 0x0000024c44aac860, 0x0000024c44b31a60, 0x0000024c44c58ff0,
0x0000024c44c59500, 0x0000024c44c56260, 0x0000024c44c576a0, 0x0000024c44c56c80,
0x0000024c44c57bb0, 0x0000024c44c59a10, 0x0000024c44c580c0, 0x0000024c44c57190,
0x0000024c44c585d0, 0x0000024c44c56770, 0x0000024c44c58ae0, 0x0000024c4692f330,
0x0000024c46931190, 0x0000024c4692ee20, 0x0000024c469320c0, 0x0000024c46934e50,
0x0000024c46931bb0, 0x0000024c46930770, 0x0000024c46934940, 0x0000024c46932ae0,
0x0000024c46934430, 0x0000024c46933500, 0x0000024c46935360, 0x0000024c46933a10,
0x0000024c4692fd50, 0x0000024c4692def0, 0x0000024c46935870, 0x0000024c4692e400,
0x0000024c4692e910, 0x0000024c4692f840, 0x0000024c46930260, 0x0000024c479e2cd0,
0x0000024c479de5f0, 0x0000024c479e0e70, 0x0000024c479e27c0, 0x0000024c479ddbd0,
0x0000024c479e1380, 0x0000024c479e22b0, 0x0000024c479e31e0, 0x0000024c479e4b30,
0x0000024c479e5040, 0x0000024c479e36f0, 0x0000024c479dfa30, 0x0000024c479e1da0,
0x0000024c479e4110, 0x0000024c479df520, 0x0000024c479e3c00, 0x0000024c479e5550,
0x0000024c479dff40, 0x0000024c479e0450, 0x0000024c479e0960, 0x0000024c46679590,
0x0000024c4667b900, 0x0000024c46679aa0, 0x0000024c46678b70, 0x0000024c4667a9d0,
0x0000024c46678660, 0x0000024c4667aee0, 0x0000024c4667b3f0, 0x0000024c46679080,
0x0000024c458e97a0, 0x0000024c458ea6d0, 0x0000024c458ebb10, 0x0000024c458e6a10,
0x0000024c458e9cb0, 0x0000024c458eb0f0, 0x0000024c458e8d80, 0x0000024c458e55d0,
0x0000024c458e4bb0, 0x0000024c458e6f20, 0x0000024c458e6500, 0x0000024c458e7430,
0x0000024c458eb600, 0x0000024c458ea1c0, 0x0000024c458e5ae0, 0x0000024c458e7940,
0x0000024c458eabe0, 0x0000024c458e50c0, 0x0000024c458e5ff0, 0x0000024c458e46a0,
0x0000024c458e7e50, 0x0000024c458e9290, 0x0000024c458e8360, 0x0000024c458e8870,
0x0000024c458ec020, 0x0000024c485a56d0, 0x0000024c485a51c0, 0x0000024c485a47a0,
0x0000024c485a3d80, 0x0000024c485a2430, 0x0000024c485a7020, 0x0000024c485a4cb0,
0x0000024c485a1f20, 0x0000024c485a4290, 0x0000024c485a7a40, 0x0000024c485a7530,
0x0000024c485a7f50, 0x0000024c485a0ae0, 0x0000024c485a3360, 0x0000024c485a8460,
0x0000024c485a0ff0, 0x0000024c485a1500, 0x0000024c485a1a10, 0x0000024c485a2940,
0x0000024c485a2e50, 0x0000024c485a5be0, 0x0000024c485a3870, 0x0000024c485a60f0,
0x0000024c485a6600, 0x0000024c485a6b10, 0x0000024c45969bc0, 0x0000024c4596b510,
0x0000024c4596ba20, 0x0000024c4596f1d0, 0x0000024c459691a0, 0x0000024c459696b0,
0x0000024c4596c440, 0x0000024c45968780, 0x0000024c4596dd90, 0x0000024c4596e2a0,
0x0000024c4596ecc0, 0x0000024c45970100, 0x0000024c4596fbf0, 0x0000024c4596a5e0,
0x0000024c491a6320, 0x0000024c52d16a40
}

Java Threads: ( => current thread )
  0x0000024c03d2cf70 JavaThread "main" [_thread_blocked, id=17260, stack(0x0000009863300000,0x0000009863400000)]
  0x0000024c23eb3d60 JavaThread "Reference Handler" daemon [_thread_blocked, id=1684, stack(0x0000009863a00000,0x0000009863b00000)]
  0x0000024c23eb5840 JavaThread "Finalizer" daemon [_thread_blocked, id=19204, stack(0x0000009863b00000,0x0000009863c00000)]
  0x0000024c23ec55a0 JavaThread "Signal Dispatcher" daemon [_thread_blocked, id=2252, stack(0x0000009863c00000,0x0000009863d00000)]
  0x0000024c23ec5f70 JavaThread "Attach Listener" daemon [_thread_blocked, id=17000, stack(0x0000009863d00000,0x0000009863e00000)]
  0x0000024c23ecbd50 JavaThread "Service Thread" daemon [_thread_blocked, id=8404, stack(0x0000009863e00000,0x0000009863f00000)]
  0x0000024c23ece630 JavaThread "Monitor Deflation Thread" daemon [_thread_blocked, id=2768, stack(0x0000009863f00000,0x0000009864000000)]
  0x0000024c23ed12f0 JavaThread "C2 CompilerThread0" daemon [_thread_in_native, id=1300, stack(0x0000009864000000,0x0000009864100000)]
  0x0000024c23ed9cc0 JavaThread "C1 CompilerThread0" daemon [_thread_blocked, id=2332, stack(0x0000009864100000,0x0000009864200000)]
  0x0000024c23eead90 JavaThread "Sweeper thread" daemon [_thread_blocked, id=6556, stack(0x0000009864200000,0x0000009864300000)]
  0x0000024c23e9fd60 JavaThread "Common-Cleaner" daemon [_thread_blocked, id=4432, stack(0x0000009864300000,0x0000009864400000)]
  0x0000024c432611c0 JavaThread "Notification Thread" daemon [_thread_blocked, id=17744, stack(0x0000009864400000,0x0000009864500000)]
  0x0000024c44a6e5e0 JavaThread "Daemon health stats" [_thread_blocked, id=12060, stack(0x0000009864a00000,0x0000009864b00000)]
  0x0000024c44aac860 JavaThread "Incoming local TCP Connector on port 59234" [_thread_in_native, id=6632, stack(0x0000009864b00000,0x0000009864c00000)]
  0x0000024c44b31a60 JavaThread "Daemon periodic checks" [_thread_blocked, id=6948, stack(0x0000009864c00000,0x0000009864d00000)]
  0x0000024c44c58ff0 JavaThread "Daemon" [_thread_blocked, id=14200, stack(0x0000009864d00000,0x0000009864e00000)]
  0x0000024c44c59500 JavaThread "Handler for socket connection from /127.0.0.1:59234 to /127.0.0.1:59235" [_thread_in_native, id=13452, stack(0x0000009864e00000,0x0000009864f00000)]
  0x0000024c44c56260 JavaThread "Cancel handler" [_thread_blocked, id=9088, stack(0x0000009864f00000,0x0000009865000000)]
  0x0000024c44c576a0 JavaThread "Daemon worker" [_thread_in_vm, id=17676, stack(0x0000009865000000,0x0000009865100000)]
  0x0000024c44c56c80 JavaThread "Asynchronous log dispatcher for DefaultDaemonConnection: socket connection from /127.0.0.1:59234 to /127.0.0.1:59235" [_thread_blocked, id=12868, stack(0x0000009865100000,0x0000009865200000)]
  0x0000024c44c57bb0 JavaThread "Stdin handler" [_thread_blocked, id=9144, stack(0x0000009865200000,0x0000009865300000)]
  0x0000024c44c59a10 JavaThread "Daemon client event forwarder" [_thread_blocked, id=11088, stack(0x0000009865300000,0x0000009865400000)]
  0x0000024c44c580c0 JavaThread "Cache worker for journal cache (C:\Users\DELL\.gradle\caches\journal-1)" [_thread_blocked, id=11040, stack(0x0000009865400000,0x0000009865500000)]
  0x0000024c44c57190 JavaThread "File lock request listener" [_thread_in_native, id=16744, stack(0x0000009865500000,0x0000009865600000)]
  0x0000024c44c585d0 JavaThread "Cache worker for file hash cache (C:\Users\DELL\.gradle\caches\8.10.2\fileHashes)" [_thread_blocked, id=14636, stack(0x0000009865600000,0x0000009865700000)]
  0x0000024c44c56770 JavaThread "Cache worker for file hash cache (C:\Users\DELL\mobile-App-v4\android\.gradle\8.10.2\fileHashes)" [_thread_blocked, id=5540, stack(0x0000009865a00000,0x0000009865b00000)]
  0x0000024c44c58ae0 JavaThread "Cache worker for Build Output Cleanup Cache (C:\Users\DELL\mobile-App-v4\android\.gradle\buildOutputCleanup)" [_thread_blocked, id=8492, stack(0x0000009865b00000,0x0000009865c00000)]
  0x0000024c4692f330 JavaThread "File watcher server" daemon [_thread_in_native, id=14008, stack(0x0000009865d00000,0x0000009865e00000)]
  0x0000024c46931190 JavaThread "File watcher consumer" daemon [_thread_blocked, id=6748, stack(0x0000009865e00000,0x0000009865f00000)]
  0x0000024c4692ee20 JavaThread "Cache worker for checksums cache (C:\Users\DELL\mobile-App-v4\android\.gradle\8.10.2\checksums)" [_thread_blocked, id=13940, stack(0x0000009865f00000,0x0000009866000000)]
  0x0000024c469320c0 JavaThread "Cache worker for file content cache (C:\Users\DELL\.gradle\caches\8.10.2\fileContent)" [_thread_blocked, id=8800, stack(0x0000009866000000,0x0000009866100000)]
  0x0000024c46934e50 JavaThread "Cache worker for cache directory md-rule (C:\Users\DELL\.gradle\caches\8.10.2\md-rule)" [_thread_blocked, id=17460, stack(0x0000009866100000,0x0000009866200000)]
  0x0000024c46931bb0 JavaThread "Cache worker for cache directory md-supplier (C:\Users\DELL\.gradle\caches\8.10.2\md-supplier)" [_thread_blocked, id=13624, stack(0x0000009866200000,0x0000009866300000)]
  0x0000024c46930770 JavaThread "jar transforms" [_thread_blocked, id=7832, stack(0x0000009866300000,0x0000009866400000)]
  0x0000024c46934940 JavaThread "Cache worker for Build Output Cleanup Cache (C:\Users\DELL\mobile-App-v4\node_modules\@react-native\gradle-plugin\.gradle\buildOutputCleanup)" [_thread_blocked, id=7808, stack(0x0000009866400000,0x0000009866500000)]
  0x0000024c46932ae0 JavaThread "Unconstrained build operations" [_thread_blocked, id=3388, stack(0x0000009866500000,0x0000009866600000)]
  0x0000024c46934430 JavaThread "Unconstrained build operations Thread 2" [_thread_blocked, id=17504, stack(0x0000009866600000,0x0000009866700000)]
  0x0000024c46933500 JavaThread "Unconstrained build operations Thread 3" [_thread_blocked, id=1144, stack(0x0000009866700000,0x0000009866800000)]
  0x0000024c46935360 JavaThread "Unconstrained build operations Thread 4" [_thread_blocked, id=18812, stack(0x0000009866800000,0x0000009866900000)]
  0x0000024c46933a10 JavaThread "Unconstrained build operations Thread 5" [_thread_blocked, id=15644, stack(0x0000009866900000,0x0000009866a00000)]
  0x0000024c4692fd50 JavaThread "Unconstrained build operations Thread 6" [_thread_blocked, id=13352, stack(0x0000009866a00000,0x0000009866b00000)]
  0x0000024c4692def0 JavaThread "Unconstrained build operations Thread 7" [_thread_blocked, id=6080, stack(0x0000009866b00000,0x0000009866c00000)]
  0x0000024c46935870 JavaThread "Unconstrained build operations Thread 8" [_thread_blocked, id=18832, stack(0x0000009866c00000,0x0000009866d00000)]
  0x0000024c4692e400 JavaThread "Unconstrained build operations Thread 9" [_thread_blocked, id=9860, stack(0x0000009866d00000,0x0000009866e00000)]
  0x0000024c4692e910 JavaThread "Unconstrained build operations Thread 10" [_thread_blocked, id=3544, stack(0x0000009866e00000,0x0000009866f00000)]
  0x0000024c4692f840 JavaThread "Unconstrained build operations Thread 11" [_thread_blocked, id=13020, stack(0x0000009866f00000,0x0000009867000000)]
  0x0000024c46930260 JavaThread "Unconstrained build operations Thread 12" [_thread_blocked, id=10624, stack(0x0000009867000000,0x0000009867100000)]
  0x0000024c479e2cd0 JavaThread "Unconstrained build operations Thread 13" [_thread_blocked, id=5424, stack(0x0000009867100000,0x0000009867200000)]
  0x0000024c479de5f0 JavaThread "Unconstrained build operations Thread 14" [_thread_blocked, id=2512, stack(0x0000009867200000,0x0000009867300000)]
  0x0000024c479e0e70 JavaThread "Unconstrained build operations Thread 15" [_thread_blocked, id=13612, stack(0x0000009867300000,0x0000009867400000)]
  0x0000024c479e27c0 JavaThread "Unconstrained build operations Thread 16" [_thread_blocked, id=7952, stack(0x0000009867400000,0x0000009867500000)]
  0x0000024c479ddbd0 JavaThread "Unconstrained build operations Thread 17" [_thread_blocked, id=5752, stack(0x0000009867500000,0x0000009867600000)]
  0x0000024c479e1380 JavaThread "Unconstrained build operations Thread 18" [_thread_blocked, id=18536, stack(0x0000009867600000,0x0000009867700000)]
  0x0000024c479e22b0 JavaThread "Unconstrained build operations Thread 19" [_thread_blocked, id=4284, stack(0x0000009867700000,0x0000009867800000)]
  0x0000024c479e31e0 JavaThread "Unconstrained build operations Thread 20" [_thread_blocked, id=6548, stack(0x0000009867800000,0x0000009867900000)]
  0x0000024c479e4b30 JavaThread "Unconstrained build operations Thread 21" [_thread_blocked, id=19216, stack(0x0000009867900000,0x0000009867a00000)]
  0x0000024c479e5040 JavaThread "Unconstrained build operations Thread 22" [_thread_blocked, id=19168, stack(0x0000009867a00000,0x0000009867b00000)]
  0x0000024c479e36f0 JavaThread "Unconstrained build operations Thread 23" [_thread_blocked, id=17188, stack(0x0000009867b00000,0x0000009867c00000)]
  0x0000024c479dfa30 JavaThread "Unconstrained build operations Thread 24" [_thread_blocked, id=18372, stack(0x0000009867c00000,0x0000009867d00000)]
  0x0000024c479e1da0 JavaThread "Unconstrained build operations Thread 25" [_thread_blocked, id=1856, stack(0x0000009867d00000,0x0000009867e00000)]
  0x0000024c479e4110 JavaThread "Unconstrained build operations Thread 26" [_thread_blocked, id=6236, stack(0x0000009867e00000,0x0000009867f00000)]
  0x0000024c479df520 JavaThread "Unconstrained build operations Thread 27" [_thread_blocked, id=13060, stack(0x0000009867f00000,0x0000009868000000)]
  0x0000024c479e3c00 JavaThread "build event listener" [_thread_blocked, id=18648, stack(0x0000009868000000,0x0000009868100000)]
  0x0000024c479e5550 JavaThread "Memory manager" [_thread_blocked, id=16584, stack(0x0000009868100000,0x0000009868200000)]
  0x0000024c479dff40 JavaThread "ForkJoinPool.commonPool-worker-1" daemon [_thread_blocked, id=16248, stack(0x0000009868300000,0x0000009868400000)]
  0x0000024c479e0450 JavaThread "ForkJoinPool.commonPool-worker-2" daemon [_thread_blocked, id=18016, stack(0x0000009868400000,0x0000009868500000)]
  0x0000024c479e0960 JavaThread "ForkJoinPool.commonPool-worker-3" daemon [_thread_blocked, id=14488, stack(0x0000009868500000,0x0000009868600000)]
  0x0000024c46679590 JavaThread "ForkJoinPool.commonPool-worker-4" daemon [_thread_blocked, id=4832, stack(0x0000009868600000,0x0000009868700000)]
  0x0000024c4667b900 JavaThread "ForkJoinPool.commonPool-worker-5" daemon [_thread_blocked, id=17764, stack(0x0000009868700000,0x0000009868800000)]
  0x0000024c46679aa0 JavaThread "ForkJoinPool.commonPool-worker-6" daemon [_thread_blocked, id=4416, stack(0x0000009868800000,0x0000009868900000)]
  0x0000024c46678b70 JavaThread "ForkJoinPool.commonPool-worker-7" daemon [_thread_blocked, id=2648, stack(0x0000009868900000,0x0000009868a00000)]
  0x0000024c4667a9d0 JavaThread "included builds" [_thread_blocked, id=8028, stack(0x0000009868d00000,0x0000009868e00000)]
  0x0000024c46678660 JavaThread "Execution worker" [_thread_blocked, id=9204, stack(0x0000009868e00000,0x0000009868f00000)]
  0x0000024c4667aee0 JavaThread "Execution worker Thread 2" [_thread_blocked, id=2404, stack(0x0000009868f00000,0x0000009869000000)]
  0x0000024c4667b3f0 JavaThread "Execution worker Thread 3" [_thread_blocked, id=14684, stack(0x0000009869000000,0x0000009869100000)]
  0x0000024c46679080 JavaThread "Execution worker Thread 4" [_thread_blocked, id=18416, stack(0x0000009869100000,0x0000009869200000)]
  0x0000024c458e97a0 JavaThread "Execution worker Thread 5" [_thread_blocked, id=7524, stack(0x0000009869200000,0x0000009869300000)]
  0x0000024c458ea6d0 JavaThread "Execution worker Thread 6" [_thread_blocked, id=13956, stack(0x0000009869300000,0x0000009869400000)]
  0x0000024c458ebb10 JavaThread "Execution worker Thread 7" [_thread_blocked, id=13800, stack(0x0000009869400000,0x0000009869500000)]
  0x0000024c458e6a10 JavaThread "Cache worker for execution history cache (C:\Users\DELL\mobile-App-v4\node_modules\@react-native\gradle-plugin\.gradle\8.10.2\executionHistory)" [_thread_blocked, id=17040, stack(0x0000009869500000,0x0000009869600000)]
  0x0000024c458e9cb0 JavaThread "Unconstrained build operations Thread 28" [_thread_blocked, id=19432, stack(0x0000009869600000,0x0000009869700000)]
  0x0000024c458eb0f0 JavaThread "Unconstrained build operations Thread 29" [_thread_blocked, id=18680, stack(0x0000009869700000,0x0000009869800000)]
  0x0000024c458e8d80 JavaThread "Unconstrained build operations Thread 30" [_thread_blocked, id=4860, stack(0x0000009869800000,0x0000009869900000)]
  0x0000024c458e55d0 JavaThread "Unconstrained build operations Thread 31" [_thread_blocked, id=12920, stack(0x0000009869900000,0x0000009869a00000)]
  0x0000024c458e4bb0 JavaThread "Unconstrained build operations Thread 32" [_thread_blocked, id=10140, stack(0x0000009869a00000,0x0000009869b00000)]
  0x0000024c458e6f20 JavaThread "Unconstrained build operations Thread 33" [_thread_blocked, id=14764, stack(0x0000009869b00000,0x0000009869c00000)]
  0x0000024c458e6500 JavaThread "Unconstrained build operations Thread 34" [_thread_blocked, id=12468, stack(0x0000009869c00000,0x0000009869d00000)]
  0x0000024c458e7430 JavaThread "Unconstrained build operations Thread 35" [_thread_blocked, id=1228, stack(0x0000009869d00000,0x0000009869e00000)]
  0x0000024c458eb600 JavaThread "Unconstrained build operations Thread 36" [_thread_blocked, id=8148, stack(0x0000009869e00000,0x0000009869f00000)]
  0x0000024c458ea1c0 JavaThread "Unconstrained build operations Thread 37" [_thread_blocked, id=7024, stack(0x0000009869f00000,0x000000986a000000)]
  0x0000024c458e5ae0 JavaThread "Unconstrained build operations Thread 38" [_thread_blocked, id=15816, stack(0x000000986a000000,0x000000986a100000)]
  0x0000024c458e7940 JavaThread "Unconstrained build operations Thread 39" [_thread_blocked, id=19332, stack(0x000000986a100000,0x000000986a200000)]
  0x0000024c458eabe0 JavaThread "Unconstrained build operations Thread 40" [_thread_blocked, id=8044, stack(0x000000986a200000,0x000000986a300000)]
  0x0000024c458e50c0 JavaThread "Unconstrained build operations Thread 41" [_thread_blocked, id=5620, stack(0x000000986a300000,0x000000986a400000)]
  0x0000024c458e5ff0 JavaThread "Unconstrained build operations Thread 42" [_thread_blocked, id=16632, stack(0x000000986a400000,0x000000986a500000)]
  0x0000024c458e46a0 JavaThread "Unconstrained build operations Thread 43" [_thread_blocked, id=14796, stack(0x000000986a500000,0x000000986a600000)]
  0x0000024c458e7e50 JavaThread "Unconstrained build operations Thread 44" [_thread_blocked, id=7928, stack(0x000000986a600000,0x000000986a700000)]
  0x0000024c458e9290 JavaThread "Unconstrained build operations Thread 45" [_thread_blocked, id=13656, stack(0x000000986a700000,0x000000986a800000)]
  0x0000024c458e8360 JavaThread "Unconstrained build operations Thread 46" [_thread_blocked, id=2960, stack(0x000000986a800000,0x000000986a900000)]
  0x0000024c458e8870 JavaThread "Unconstrained build operations Thread 47" [_thread_blocked, id=18348, stack(0x000000986a900000,0x000000986aa00000)]
  0x0000024c458ec020 JavaThread "Unconstrained build operations Thread 48" [_thread_blocked, id=18800, stack(0x000000986aa00000,0x000000986ab00000)]
  0x0000024c485a56d0 JavaThread "Unconstrained build operations Thread 49" [_thread_blocked, id=12668, stack(0x000000986ab00000,0x000000986ac00000)]
  0x0000024c485a51c0 JavaThread "Unconstrained build operations Thread 50" [_thread_blocked, id=17264, stack(0x000000986ac00000,0x000000986ad00000)]
  0x0000024c485a47a0 JavaThread "Unconstrained build operations Thread 51" [_thread_blocked, id=9340, stack(0x000000986ad00000,0x000000986ae00000)]
  0x0000024c485a3d80 JavaThread "Unconstrained build operations Thread 52" [_thread_blocked, id=1488, stack(0x000000986ae00000,0x000000986af00000)]
  0x0000024c485a2430 JavaThread "Unconstrained build operations Thread 53" [_thread_blocked, id=14700, stack(0x000000986af00000,0x000000986b000000)]
  0x0000024c485a7020 JavaThread "Unconstrained build operations Thread 54" [_thread_blocked, id=8712, stack(0x000000986b000000,0x000000986b100000)]
  0x0000024c485a4cb0 JavaThread "Unconstrained build operations Thread 55" [_thread_blocked, id=19092, stack(0x000000986b100000,0x000000986b200000)]
  0x0000024c485a1f20 JavaThread "Unconstrained build operations Thread 56" [_thread_blocked, id=19380, stack(0x000000986b200000,0x000000986b300000)]
  0x0000024c485a4290 JavaThread "Unconstrained build operations Thread 57" [_thread_blocked, id=3872, stack(0x000000986b300000,0x000000986b400000)]
  0x0000024c485a7a40 JavaThread "Unconstrained build operations Thread 58" [_thread_blocked, id=14420, stack(0x000000986b400000,0x000000986b500000)]
  0x0000024c485a7530 JavaThread "Unconstrained build operations Thread 59" [_thread_blocked, id=17936, stack(0x000000986b500000,0x000000986b600000)]
  0x0000024c485a7f50 JavaThread "Unconstrained build operations Thread 60" [_thread_blocked, id=14136, stack(0x000000986b600000,0x000000986b700000)]
  0x0000024c485a0ae0 JavaThread "Unconstrained build operations Thread 61" [_thread_blocked, id=4924, stack(0x000000986b700000,0x000000986b800000)]
  0x0000024c485a3360 JavaThread "Unconstrained build operations Thread 62" [_thread_blocked, id=10984, stack(0x000000986b800000,0x000000986b900000)]
  0x0000024c485a8460 JavaThread "Unconstrained build operations Thread 63" [_thread_blocked, id=11116, stack(0x000000986b900000,0x000000986ba00000)]
  0x0000024c485a0ff0 JavaThread "Unconstrained build operations Thread 64" [_thread_blocked, id=7164, stack(0x000000986ba00000,0x000000986bb00000)]
  0x0000024c485a1500 JavaThread "Unconstrained build operations Thread 65" [_thread_blocked, id=5244, stack(0x000000986bb00000,0x000000986bc00000)]
  0x0000024c485a1a10 JavaThread "Unconstrained build operations Thread 66" [_thread_blocked, id=17316, stack(0x000000986bc00000,0x000000986bd00000)]
  0x0000024c485a2940 JavaThread "Unconstrained build operations Thread 67" [_thread_blocked, id=18644, stack(0x000000986bd00000,0x000000986be00000)]
  0x0000024c485a2e50 JavaThread "Unconstrained build operations Thread 68" [_thread_blocked, id=18672, stack(0x000000986be00000,0x000000986bf00000)]
  0x0000024c485a5be0 JavaThread "Unconstrained build operations Thread 69" [_thread_blocked, id=4456, stack(0x000000986bf00000,0x000000986c000000)]
  0x0000024c485a3870 JavaThread "Unconstrained build operations Thread 70" [_thread_blocked, id=4888, stack(0x000000986c000000,0x000000986c100000)]
  0x0000024c485a60f0 JavaThread "Unconstrained build operations Thread 71" [_thread_blocked, id=19260, stack(0x000000986c100000,0x000000986c200000)]
  0x0000024c485a6600 JavaThread "Unconstrained build operations Thread 72" [_thread_blocked, id=13904, stack(0x000000986c200000,0x000000986c300000)]
  0x0000024c485a6b10 JavaThread "Unconstrained build operations Thread 73" [_thread_blocked, id=3648, stack(0x000000986c300000,0x000000986c400000)]
  0x0000024c45969bc0 JavaThread "Unconstrained build operations Thread 74" [_thread_blocked, id=15412, stack(0x000000986c400000,0x000000986c500000)]
  0x0000024c4596b510 JavaThread "Unconstrained build operations Thread 75" [_thread_blocked, id=16448, stack(0x000000986c500000,0x000000986c600000)]
  0x0000024c4596ba20 JavaThread "Unconstrained build operations Thread 76" [_thread_blocked, id=1232, stack(0x000000986c600000,0x000000986c700000)]
  0x0000024c4596f1d0 JavaThread "Unconstrained build operations Thread 77" [_thread_blocked, id=10092, stack(0x000000986c700000,0x000000986c800000)]
  0x0000024c459691a0 JavaThread "jar transforms Thread 2" [_thread_blocked, id=18788, stack(0x000000986c800000,0x000000986c900000)]
  0x0000024c459696b0 JavaThread "jar transforms Thread 3" [_thread_blocked, id=10872, stack(0x000000986ca00000,0x000000986cb00000)]
  0x0000024c4596c440 JavaThread "Unconstrained build operations Thread 78" [_thread_blocked, id=15800, stack(0x000000986cc00000,0x000000986cd00000)]
  0x0000024c45968780 JavaThread "Unconstrained build operations Thread 79" [_thread_blocked, id=10656, stack(0x000000986cd00000,0x000000986ce00000)]
  0x0000024c4596dd90 JavaThread "Unconstrained build operations Thread 80" [_thread_blocked, id=18748, stack(0x000000986ce00000,0x000000986cf00000)]
  0x0000024c4596e2a0 JavaThread "jar transforms Thread 4" [_thread_blocked, id=11584, stack(0x000000986cf00000,0x000000986d000000)]
  0x0000024c4596ecc0 JavaThread "jar transforms Thread 5" [_thread_blocked, id=7520, stack(0x000000986d000000,0x000000986d100000)]
  0x0000024c45970100 JavaThread "jar transforms Thread 6" [_thread_blocked, id=12376, stack(0x000000986d100000,0x000000986d200000)]
  0x0000024c4596fbf0 JavaThread "build event listener" [_thread_blocked, id=9564, stack(0x000000986cb00000,0x000000986cc00000)]
  0x0000024c4596a5e0 JavaThread "jar transforms Thread 7" [_thread_blocked, id=12444, stack(0x000000986d200000,0x000000986d300000)]
  0x0000024c491a6320 JavaThread "jar transforms Thread 8" [_thread_blocked, id=9288, stack(0x000000986d300000,0x000000986d400000)]
=>0x0000024c52d16a40 JavaThread "C2 CompilerThread1" daemon [_thread_in_native, id=8360, stack(0x0000009863000000,0x0000009863100000)]

Other Threads:
  0x0000024c23eaf3a0 VMThread "VM Thread" [stack: 0x0000009863900000,0x0000009863a00000] [id=17784]
  0x0000024c03da0bd0 WatcherThread [stack: 0x0000009864500000,0x0000009864600000] [id=1840]
  0x0000024c03d874d0 GCTaskThread "GC Thread#0" [stack: 0x0000009863400000,0x0000009863500000] [id=18404]
  0x0000024c435fe3f0 GCTaskThread "GC Thread#1" [stack: 0x0000009864600000,0x0000009864700000] [id=10940]
  0x0000024c4388ff40 GCTaskThread "GC Thread#2" [stack: 0x0000009864700000,0x0000009864800000] [id=1384]
  0x0000024c43f597a0 GCTaskThread "GC Thread#3" [stack: 0x0000009864800000,0x0000009864900000] [id=11548]
  0x0000024c43f59e70 GCTaskThread "GC Thread#4" [stack: 0x0000009864900000,0x0000009864a00000] [id=15128]
  0x0000024c44c78fc0 GCTaskThread "GC Thread#5" [stack: 0x0000009865700000,0x0000009865800000] [id=2188]
  0x0000024c455fecd0 GCTaskThread "GC Thread#6" [stack: 0x0000009865800000,0x0000009865900000] [id=17428]
  0x0000024c455fef90 GCTaskThread "GC Thread#7" [stack: 0x0000009865900000,0x0000009865a00000] [id=14120]
  0x0000024c03d99340 ConcurrentGCThread "G1 Main Marker" [stack: 0x0000009863500000,0x0000009863600000] [id=5880]
  0x0000024c03d99c60 ConcurrentGCThread "G1 Conc#0" [stack: 0x0000009863600000,0x0000009863700000] [id=2832]
  0x0000024c45474bb0 ConcurrentGCThread "G1 Conc#1" [stack: 0x0000009865c00000,0x0000009865d00000] [id=6516]
  0x0000024c03de66e0 ConcurrentGCThread "G1 Refine#0" [stack: 0x0000009863700000,0x0000009863800000] [id=18260]
  0x0000024c03de7020 ConcurrentGCThread "G1 Service" [stack: 0x0000009863800000,0x0000009863900000] [id=18284]

Threads with active compile tasks:
C2 CompilerThread0    95591 21140       4       org.gradle.api.internal.artifacts.transform.AttributeMatchingArtifactVariantSelector::doSelect (285 bytes)
C2 CompilerThread1    95591 21137   !   4       org.gradle.api.internal.artifacts.transform.AttributeMatchingArtifactVariantSelector::select (38 bytes)

VM state: not at safepoint (normal execution)

VM Mutex/Monitor currently owned by a thread: None

Heap address: 0x0000000080000000, size: 2048 MB, Compressed Oops mode: 32-bit

CDS archive(s) mapped at: [0x0000024c24000000-0x0000024c24bd0000-0x0000024c24bd0000), size 12386304, SharedBaseAddress: 0x0000024c24000000, ArchiveRelocationMode: 1.
Compressed class space mapped at: 0x0000024c25000000-0x0000024c3f000000, reserved size: 436207616
Narrow klass base: 0x0000024c24000000, Narrow klass shift: 0, Narrow klass range: 0x100000000

GC Precious Log:
 CPUs: 8 total, 8 available
 Memory: 7926M
 Large Page Support: Disabled
 NUMA Support: Disabled
 Compressed Oops: Enabled (32-bit)
 Heap Region Size: 1M
 Heap Min Capacity: 8M
 Heap Initial Capacity: 124M
 Heap Max Capacity: 2G
 Pre-touch: Disabled
 Parallel Workers: 8
 Concurrent Workers: 2
 Concurrent Refinement Workers: 8
 Periodic GC: Disabled

Heap:
 garbage-first heap   total 587776K, used 361777K [0x0000000080000000, 0x0000000100000000)
  region size 1024K, 20 young (20480K), 3 survivors (3072K)
 Metaspace       used 130299K, committed 132352K, reserved 557056K
  class space    used 18207K, committed 19136K, reserved 425984K

Heap Regions: E=young(eden), S=young(survivor), O=old, HS=humongous(starts), HC=humongous(continues), CS=collection set, F=free, OA=open archive, CA=closed archive, TAMS=top-at-mark-start (previous, next)
|   0|0x0000000080000000, 0x0000000080100000, 0x0000000080100000|100%| O|  |TAMS 0x0000000080100000, 0x0000000080000000| Untracked 
|   1|0x0000000080100000, 0x0000000080200000, 0x0000000080200000|100%| O|  |TAMS 0x0000000080200000, 0x0000000080100000| Untracked 
|   2|0x0000000080200000, 0x0000000080300000, 0x0000000080300000|100%|HS|  |TAMS 0x0000000080300000, 0x0000000080200000| Complete 
|   3|0x0000000080300000, 0x0000000080400000, 0x0000000080400000|100%|HC|  |TAMS 0x0000000080400000, 0x0000000080300000| Complete 
|   4|0x0000000080400000, 0x0000000080500000, 0x0000000080500000|100%|HC|  |TAMS 0x0000000080500000, 0x0000000080400000| Complete 
|   5|0x0000000080500000, 0x0000000080600000, 0x0000000080600000|100%|HC|  |TAMS 0x0000000080600000, 0x0000000080500000| Complete 
|   6|0x0000000080600000, 0x0000000080700000, 0x0000000080700000|100%| O|  |TAMS 0x0000000080700000, 0x0000000080600000| Untracked 
|   7|0x0000000080700000, 0x0000000080800000, 0x0000000080800000|100%| O|  |TAMS 0x0000000080800000, 0x0000000080700000| Untracked 
|   8|0x0000000080800000, 0x0000000080900000, 0x0000000080900000|100%| O|  |TAMS 0x0000000080900000, 0x0000000080800000| Untracked 
|   9|0x0000000080900000, 0x0000000080a00000, 0x0000000080a00000|100%|HS|  |TAMS 0x0000000080a00000, 0x0000000080900000| Complete 
|  10|0x0000000080a00000, 0x0000000080b00000, 0x0000000080b00000|100%| O|  |TAMS 0x0000000080b00000, 0x0000000080a00000| Untracked 
|  11|0x0000000080b00000, 0x0000000080c00000, 0x0000000080c00000|100%| O|  |TAMS 0x0000000080c00000, 0x0000000080b00000| Untracked 
|  12|0x0000000080c00000, 0x0000000080d00000, 0x0000000080d00000|100%| O|  |TAMS 0x0000000080d00000, 0x0000000080c00000| Untracked 
|  13|0x0000000080d00000, 0x0000000080e00000, 0x0000000080e00000|100%| O|  |TAMS 0x0000000080e00000, 0x0000000080d00000| Untracked 
|  14|0x0000000080e00000, 0x0000000080f00000, 0x0000000080f00000|100%| O|  |TAMS 0x0000000080f00000, 0x0000000080e00000| Untracked 
|  15|0x0000000080f00000, 0x0000000081000000, 0x0000000081000000|100%| O|  |TAMS 0x0000000081000000, 0x0000000080f00000| Untracked 
|  16|0x0000000081000000, 0x0000000081100000, 0x0000000081100000|100%| O|  |TAMS 0x0000000081100000, 0x0000000081000000| Untracked 
|  17|0x0000000081100000, 0x0000000081200000, 0x0000000081200000|100%| O|  |TAMS 0x0000000081200000, 0x0000000081100000| Untracked 
|  18|0x0000000081200000, 0x0000000081300000, 0x0000000081300000|100%| O|  |TAMS 0x0000000081300000, 0x0000000081200000| Untracked 
|  19|0x0000000081300000, 0x0000000081400000, 0x0000000081400000|100%| O|  |TAMS 0x0000000081400000, 0x0000000081300000| Untracked 
|  20|0x0000000081400000, 0x0000000081500000, 0x0000000081500000|100%| O|  |TAMS 0x0000000081500000, 0x0000000081400000| Untracked 
|  21|0x0000000081500000, 0x0000000081600000, 0x0000000081600000|100%| O|  |TAMS 0x0000000081600000, 0x0000000081500000| Untracked 
|  22|0x0000000081600000, 0x0000000081700000, 0x0000000081700000|100%| O|  |TAMS 0x0000000081700000, 0x0000000081600000| Untracked 
|  23|0x0000000081700000, 0x0000000081800000, 0x0000000081800000|100%| O|  |TAMS 0x0000000081800000, 0x0000000081700000| Untracked 
|  24|0x0000000081800000, 0x0000000081900000, 0x0000000081900000|100%| O|  |TAMS 0x0000000081900000, 0x0000000081800000| Untracked 
|  25|0x0000000081900000, 0x0000000081a00000, 0x0000000081a00000|100%| O|  |TAMS 0x0000000081a00000, 0x0000000081900000| Untracked 
|  26|0x0000000081a00000, 0x0000000081b00000, 0x0000000081b00000|100%| O|  |TAMS 0x0000000081b00000, 0x0000000081a00000| Untracked 
|  27|0x0000000081b00000, 0x0000000081c00000, 0x0000000081c00000|100%| O|  |TAMS 0x0000000081c00000, 0x0000000081b00000| Untracked 
|  28|0x0000000081c00000, 0x0000000081d00000, 0x0000000081d00000|100%| O|  |TAMS 0x0000000081d00000, 0x0000000081c00000| Untracked 
|  29|0x0000000081d00000, 0x0000000081e00000, 0x0000000081e00000|100%| O|  |TAMS 0x0000000081e00000, 0x0000000081d00000| Untracked 
|  30|0x0000000081e00000, 0x0000000081f00000, 0x0000000081f00000|100%| O|  |TAMS 0x0000000081f00000, 0x0000000081e00000| Untracked 
|  31|0x0000000081f00000, 0x0000000082000000, 0x0000000082000000|100%| O|  |TAMS 0x0000000082000000, 0x0000000081f00000| Untracked 
|  32|0x0000000082000000, 0x0000000082100000, 0x0000000082100000|100%| O|  |TAMS 0x0000000082100000, 0x0000000082000000| Untracked 
|  33|0x0000000082100000, 0x0000000082200000, 0x0000000082200000|100%| O|  |TAMS 0x0000000082200000, 0x0000000082100000| Untracked 
|  34|0x0000000082200000, 0x0000000082300000, 0x0000000082300000|100%| O|  |TAMS 0x0000000082300000, 0x0000000082200000| Untracked 
|  35|0x0000000082300000, 0x0000000082400000, 0x0000000082400000|100%| O|  |TAMS 0x0000000082400000, 0x0000000082300000| Untracked 
|  36|0x0000000082400000, 0x0000000082500000, 0x0000000082500000|100%| O|  |TAMS 0x0000000082500000, 0x0000000082400000| Untracked 
|  37|0x0000000082500000, 0x0000000082600000, 0x0000000082600000|100%| O|  |TAMS 0x0000000082600000, 0x0000000082500000| Untracked 
|  38|0x0000000082600000, 0x0000000082700000, 0x0000000082700000|100%| O|  |TAMS 0x0000000082700000, 0x0000000082600000| Untracked 
|  39|0x0000000082700000, 0x0000000082800000, 0x0000000082800000|100%| O|  |TAMS 0x0000000082800000, 0x0000000082700000| Untracked 
|  40|0x0000000082800000, 0x0000000082900000, 0x0000000082900000|100%| O|  |TAMS 0x0000000082900000, 0x0000000082800000| Untracked 
|  41|0x0000000082900000, 0x0000000082a00000, 0x0000000082a00000|100%| O|  |TAMS 0x0000000082a00000, 0x0000000082900000| Untracked 
|  42|0x0000000082a00000, 0x0000000082b00000, 0x0000000082b00000|100%| O|  |TAMS 0x0000000082b00000, 0x0000000082a00000| Untracked 
|  43|0x0000000082b00000, 0x0000000082c00000, 0x0000000082c00000|100%| O|  |TAMS 0x0000000082c00000, 0x0000000082b00000| Untracked 
|  44|0x0000000082c00000, 0x0000000082d00000, 0x0000000082d00000|100%| O|  |TAMS 0x0000000082d00000, 0x0000000082c00000| Complete 
|  45|0x0000000082d00000, 0x0000000082e00000, 0x0000000082e00000|100%| O|  |TAMS 0x0000000082e00000, 0x0000000082d00000| Untracked 
|  46|0x0000000082e00000, 0x0000000082f00000, 0x0000000082f00000|100%|HS|  |TAMS 0x0000000082f00000, 0x0000000082e00000| Complete 
|  47|0x0000000082f00000, 0x0000000083000000, 0x0000000083000000|100%|HC|  |TAMS 0x0000000083000000, 0x0000000082f00000| Complete 
|  48|0x0000000083000000, 0x0000000083100000, 0x0000000083100000|100%|HS|  |TAMS 0x0000000083100000, 0x0000000083000000| Complete 
|  49|0x0000000083100000, 0x0000000083200000, 0x0000000083200000|100%|HC|  |TAMS 0x0000000083200000, 0x0000000083100000| Complete 
|  50|0x0000000083200000, 0x0000000083300000, 0x0000000083300000|100%|HC|  |TAMS 0x0000000083300000, 0x0000000083200000| Complete 
|  51|0x0000000083300000, 0x0000000083400000, 0x0000000083400000|100%|HS|  |TAMS 0x0000000083400000, 0x0000000083300000| Complete 
|  52|0x0000000083400000, 0x0000000083500000, 0x0000000083500000|100%|HC|  |TAMS 0x0000000083500000, 0x0000000083400000| Complete 
|  53|0x0000000083500000, 0x0000000083600000, 0x0000000083600000|100%| O|  |TAMS 0x0000000083600000, 0x0000000083500000| Untracked 
|  54|0x0000000083600000, 0x0000000083700000, 0x0000000083700000|100%| O|  |TAMS 0x0000000083700000, 0x0000000083600000| Untracked 
|  55|0x0000000083700000, 0x0000000083800000, 0x0000000083800000|100%| O|  |TAMS 0x0000000083800000, 0x0000000083700000| Untracked 
|  56|0x0000000083800000, 0x0000000083900000, 0x0000000083900000|100%| O|  |TAMS 0x0000000083900000, 0x0000000083800000| Untracked 
|  57|0x0000000083900000, 0x0000000083a00000, 0x0000000083a00000|100%| O|  |TAMS 0x0000000083a00000, 0x0000000083900000| Untracked 
|  58|0x0000000083a00000, 0x0000000083b00000, 0x0000000083b00000|100%| O|  |TAMS 0x0000000083b00000, 0x0000000083a00000| Untracked 
|  59|0x0000000083b00000, 0x0000000083c00000, 0x0000000083c00000|100%|HS|  |TAMS 0x0000000083c00000, 0x0000000083b00000| Complete 
|  60|0x0000000083c00000, 0x0000000083d00000, 0x0000000083d00000|100%|HC|  |TAMS 0x0000000083d00000, 0x0000000083c00000| Complete 
|  61|0x0000000083d00000, 0x0000000083e00000, 0x0000000083e00000|100%|HC|  |TAMS 0x0000000083e00000, 0x0000000083d00000| Complete 
|  62|0x0000000083e00000, 0x0000000083f00000, 0x0000000083f00000|100%| O|  |TAMS 0x0000000083f00000, 0x0000000083e00000| Untracked 
|  63|0x0000000083f00000, 0x0000000084000000, 0x0000000084000000|100%| O|  |TAMS 0x0000000084000000, 0x0000000083f00000| Untracked 
|  64|0x0000000084000000, 0x0000000084100000, 0x0000000084100000|100%|HS|  |TAMS 0x0000000084100000, 0x0000000084000000| Complete 
|  65|0x0000000084100000, 0x0000000084200000, 0x0000000084200000|100%|HC|  |TAMS 0x0000000084200000, 0x0000000084100000| Complete 
|  66|0x0000000084200000, 0x0000000084300000, 0x0000000084300000|100%| O|  |TAMS 0x0000000084300000, 0x0000000084200000| Untracked 
|  67|0x0000000084300000, 0x0000000084400000, 0x0000000084400000|100%| O|  |TAMS 0x0000000084400000, 0x0000000084300000| Untracked 
|  68|0x0000000084400000, 0x0000000084500000, 0x0000000084500000|100%| O|  |TAMS 0x0000000084500000, 0x0000000084400000| Untracked 
|  69|0x0000000084500000, 0x0000000084600000, 0x0000000084600000|100%| O|  |TAMS 0x0000000084600000, 0x0000000084500000| Untracked 
|  70|0x0000000084600000, 0x0000000084700000, 0x0000000084700000|100%| O|  |TAMS 0x0000000084700000, 0x0000000084600000| Untracked 
|  71|0x0000000084700000, 0x0000000084800000, 0x0000000084800000|100%| O|  |TAMS 0x0000000084800000, 0x0000000084700000| Untracked 
|  72|0x0000000084800000, 0x0000000084900000, 0x0000000084900000|100%| O|  |TAMS 0x0000000084900000, 0x0000000084800000| Untracked 
|  73|0x0000000084900000, 0x0000000084a00000, 0x0000000084a00000|100%| O|  |TAMS 0x0000000084a00000, 0x0000000084900000| Untracked 
|  74|0x0000000084a00000, 0x0000000084b00000, 0x0000000084b00000|100%| O|  |TAMS 0x0000000084b00000, 0x0000000084a00000| Untracked 
|  75|0x0000000084b00000, 0x0000000084c00000, 0x0000000084c00000|100%| O|  |TAMS 0x0000000084c00000, 0x0000000084b00000| Untracked 
|  76|0x0000000084c00000, 0x0000000084d00000, 0x0000000084d00000|100%| O|  |TAMS 0x0000000084d00000, 0x0000000084c00000| Untracked 
|  77|0x0000000084d00000, 0x0000000084e00000, 0x0000000084e00000|100%| O|  |TAMS 0x0000000084e00000, 0x0000000084d00000| Untracked 
|  78|0x0000000084e00000, 0x0000000084f00000, 0x0000000084f00000|100%| O|  |TAMS 0x0000000084f00000, 0x0000000084e00000| Untracked 
|  79|0x0000000084f00000, 0x0000000085000000, 0x0000000085000000|100%| O|  |TAMS 0x0000000085000000, 0x0000000084f00000| Untracked 
|  80|0x0000000085000000, 0x0000000085100000, 0x0000000085100000|100%| O|  |TAMS 0x0000000085100000, 0x0000000085000000| Untracked 
|  81|0x0000000085100000, 0x0000000085200000, 0x0000000085200000|100%| O|  |TAMS 0x0000000085200000, 0x0000000085100000| Untracked 
|  82|0x0000000085200000, 0x0000000085300000, 0x0000000085300000|100%| O|  |TAMS 0x0000000085300000, 0x0000000085200000| Untracked 
|  83|0x0000000085300000, 0x0000000085400000, 0x0000000085400000|100%| O|  |TAMS 0x0000000085400000, 0x0000000085300000| Untracked 
|  84|0x0000000085400000, 0x0000000085500000, 0x0000000085500000|100%|HS|  |TAMS 0x0000000085500000, 0x0000000085400000| Complete 
|  85|0x0000000085500000, 0x0000000085600000, 0x0000000085600000|100%|HS|  |TAMS 0x0000000085600000, 0x0000000085500000| Complete 
|  86|0x0000000085600000, 0x0000000085700000, 0x0000000085700000|100%|HS|  |TAMS 0x0000000085700000, 0x0000000085600000| Complete 
|  87|0x0000000085700000, 0x0000000085800000, 0x0000000085800000|100%|HS|  |TAMS 0x0000000085800000, 0x0000000085700000| Complete 
|  88|0x0000000085800000, 0x0000000085900000, 0x0000000085900000|100%| O|  |TAMS 0x0000000085900000, 0x0000000085800000| Untracked 
|  89|0x0000000085900000, 0x0000000085a00000, 0x0000000085a00000|100%| O|  |TAMS 0x0000000085a00000, 0x0000000085900000| Untracked 
|  90|0x0000000085a00000, 0x0000000085b00000, 0x0000000085b00000|100%| O|  |TAMS 0x0000000085b00000, 0x0000000085a00000| Untracked 
|  91|0x0000000085b00000, 0x0000000085c00000, 0x0000000085c00000|100%| O|  |TAMS 0x0000000085c00000, 0x0000000085b00000| Untracked 
|  92|0x0000000085c00000, 0x0000000085d00000, 0x0000000085d00000|100%| O|  |TAMS 0x0000000085d00000, 0x0000000085c00000| Untracked 
|  93|0x0000000085d00000, 0x0000000085e00000, 0x0000000085e00000|100%| O|  |TAMS 0x0000000085e00000, 0x0000000085d00000| Untracked 
|  94|0x0000000085e00000, 0x0000000085f00000, 0x0000000085f00000|100%| O|  |TAMS 0x0000000085f00000, 0x0000000085e00000| Untracked 
|  95|0x0000000085f00000, 0x0000000086000000, 0x0000000086000000|100%| O|  |TAMS 0x0000000086000000, 0x0000000085f00000| Untracked 
|  96|0x0000000086000000, 0x0000000086100000, 0x0000000086100000|100%| O|  |TAMS 0x0000000086100000, 0x0000000086000000| Untracked 
|  97|0x0000000086100000, 0x0000000086200000, 0x0000000086200000|100%| O|  |TAMS 0x0000000086200000, 0x0000000086100000| Untracked 
|  98|0x0000000086200000, 0x0000000086300000, 0x0000000086300000|100%| O|  |TAMS 0x0000000086300000, 0x0000000086200000| Untracked 
|  99|0x0000000086300000, 0x0000000086400000, 0x0000000086400000|100%| O|  |TAMS 0x0000000086400000, 0x0000000086300000| Untracked 
| 100|0x0000000086400000, 0x0000000086500000, 0x0000000086500000|100%|HS|  |TAMS 0x0000000086500000, 0x0000000086400000| Complete 
| 101|0x0000000086500000, 0x0000000086600000, 0x0000000086600000|100%|HS|  |TAMS 0x0000000086600000, 0x0000000086500000| Complete 
| 102|0x0000000086600000, 0x0000000086700000, 0x0000000086700000|100%|HS|  |TAMS 0x0000000086700000, 0x0000000086600000| Complete 
| 103|0x0000000086700000, 0x0000000086800000, 0x0000000086800000|100%|HC|  |TAMS 0x0000000086800000, 0x0000000086700000| Complete 
| 104|0x0000000086800000, 0x0000000086900000, 0x0000000086900000|100%| O|  |TAMS 0x0000000086900000, 0x0000000086800000| Untracked 
| 105|0x0000000086900000, 0x0000000086a00000, 0x0000000086a00000|100%| O|  |TAMS 0x0000000086a00000, 0x0000000086900000| Untracked 
| 106|0x0000000086a00000, 0x0000000086b00000, 0x0000000086b00000|100%|HS|  |TAMS 0x0000000086b00000, 0x0000000086a00000| Complete 
| 107|0x0000000086b00000, 0x0000000086c00000, 0x0000000086c00000|100%| O|  |TAMS 0x0000000086c00000, 0x0000000086b00000| Untracked 
| 108|0x0000000086c00000, 0x0000000086d00000, 0x0000000086d00000|100%| O|  |TAMS 0x0000000086d00000, 0x0000000086c00000| Untracked 
| 109|0x0000000086d00000, 0x0000000086e00000, 0x0000000086e00000|100%| O|  |TAMS 0x0000000086e00000, 0x0000000086d00000| Untracked 
| 110|0x0000000086e00000, 0x0000000086f00000, 0x0000000086f00000|100%| O|  |TAMS 0x0000000086f00000, 0x0000000086e00000| Untracked 
| 111|0x0000000086f00000, 0x0000000087000000, 0x0000000087000000|100%| O|  |TAMS 0x0000000087000000, 0x0000000086f00000| Untracked 
| 112|0x0000000087000000, 0x0000000087100000, 0x0000000087100000|100%| O|  |TAMS 0x0000000087100000, 0x0000000087000000| Untracked 
| 113|0x0000000087100000, 0x0000000087200000, 0x0000000087200000|100%| O|  |TAMS 0x0000000087200000, 0x0000000087100000| Untracked 
| 114|0x0000000087200000, 0x0000000087300000, 0x0000000087300000|100%| O|  |TAMS 0x0000000087300000, 0x0000000087200000| Untracked 
| 115|0x0000000087300000, 0x0000000087400000, 0x0000000087400000|100%| O|  |TAMS 0x0000000087400000, 0x0000000087300000| Untracked 
| 116|0x0000000087400000, 0x0000000087500000, 0x0000000087500000|100%| O|  |TAMS 0x0000000087500000, 0x0000000087400000| Untracked 
| 117|0x0000000087500000, 0x0000000087600000, 0x0000000087600000|100%| O|  |TAMS 0x0000000087600000, 0x0000000087500000| Untracked 
| 118|0x0000000087600000, 0x0000000087700000, 0x0000000087700000|100%| O|  |TAMS 0x0000000087700000, 0x0000000087600000| Untracked 
| 119|0x0000000087700000, 0x0000000087800000, 0x0000000087800000|100%| O|  |TAMS 0x0000000087800000, 0x0000000087700000| Untracked 
| 120|0x0000000087800000, 0x0000000087900000, 0x0000000087900000|100%| O|  |TAMS 0x0000000087900000, 0x0000000087800000| Untracked 
| 121|0x0000000087900000, 0x0000000087a00000, 0x0000000087a00000|100%| O|  |TAMS 0x0000000087a00000, 0x0000000087900000| Untracked 
| 122|0x0000000087a00000, 0x0000000087b00000, 0x0000000087b00000|100%| O|  |TAMS 0x0000000087b00000, 0x0000000087a00000| Untracked 
| 123|0x0000000087b00000, 0x0000000087c00000, 0x0000000087c00000|100%| O|  |TAMS 0x0000000087c00000, 0x0000000087b00000| Untracked 
| 124|0x0000000087c00000, 0x0000000087d00000, 0x0000000087d00000|100%| O|  |TAMS 0x0000000087d00000, 0x0000000087c00000| Untracked 
| 125|0x0000000087d00000, 0x0000000087e00000, 0x0000000087e00000|100%| O|  |TAMS 0x0000000087e00000, 0x0000000087d00000| Untracked 
| 126|0x0000000087e00000, 0x0000000087f00000, 0x0000000087f00000|100%| O|  |TAMS 0x0000000087f00000, 0x0000000087e00000| Untracked 
| 127|0x0000000087f00000, 0x0000000088000000, 0x0000000088000000|100%| O|  |TAMS 0x0000000088000000, 0x0000000087f00000| Untracked 
| 128|0x0000000088000000, 0x0000000088100000, 0x0000000088100000|100%| O|  |TAMS 0x0000000088100000, 0x0000000088000000| Untracked 
| 129|0x0000000088100000, 0x0000000088200000, 0x0000000088200000|100%| O|  |TAMS 0x0000000088200000, 0x0000000088100000| Untracked 
| 130|0x0000000088200000, 0x0000000088300000, 0x0000000088300000|100%| O|  |TAMS 0x0000000088300000, 0x0000000088200000| Untracked 
| 131|0x0000000088300000, 0x0000000088400000, 0x0000000088400000|100%| O|  |TAMS 0x0000000088400000, 0x0000000088300000| Untracked 
| 132|0x0000000088400000, 0x0000000088500000, 0x0000000088500000|100%| O|  |TAMS 0x0000000088500000, 0x0000000088400000| Untracked 
| 133|0x0000000088500000, 0x0000000088600000, 0x0000000088600000|100%| O|  |TAMS 0x0000000088600000, 0x0000000088500000| Untracked 
| 134|0x0000000088600000, 0x0000000088700000, 0x0000000088700000|100%| O|  |TAMS 0x0000000088700000, 0x0000000088600000| Untracked 
| 135|0x0000000088700000, 0x0000000088800000, 0x0000000088800000|100%| O|  |TAMS 0x0000000088800000, 0x0000000088700000| Untracked 
| 136|0x0000000088800000, 0x0000000088900000, 0x0000000088900000|100%| O|  |TAMS 0x0000000088900000, 0x0000000088800000| Untracked 
| 137|0x0000000088900000, 0x0000000088a00000, 0x0000000088a00000|100%| O|  |TAMS 0x0000000088a00000, 0x0000000088900000| Untracked 
| 138|0x0000000088a00000, 0x0000000088b00000, 0x0000000088b00000|100%| O|  |TAMS 0x0000000088b00000, 0x0000000088a00000| Untracked 
| 139|0x0000000088b00000, 0x0000000088c00000, 0x0000000088c00000|100%| O|  |TAMS 0x0000000088c00000, 0x0000000088b00000| Complete 
| 140|0x0000000088c00000, 0x0000000088d00000, 0x0000000088d00000|100%|HS|  |TAMS 0x0000000088d00000, 0x0000000088c00000| Complete 
| 141|0x0000000088d00000, 0x0000000088e00000, 0x0000000088e00000|100%|HC|  |TAMS 0x0000000088e00000, 0x0000000088d00000| Complete 
| 142|0x0000000088e00000, 0x0000000088f00000, 0x0000000088f00000|100%|HS|  |TAMS 0x0000000088f00000, 0x0000000088e00000| Complete 
| 143|0x0000000088f00000, 0x0000000089000000, 0x0000000089000000|100%|HC|  |TAMS 0x0000000089000000, 0x0000000088f00000| Complete 
| 144|0x0000000089000000, 0x0000000089100000, 0x0000000089100000|100%|HC|  |TAMS 0x0000000089100000, 0x0000000089000000| Complete 
| 145|0x0000000089100000, 0x0000000089200000, 0x0000000089200000|100%|HC|  |TAMS 0x0000000089200000, 0x0000000089100000| Complete 
| 146|0x0000000089200000, 0x0000000089300000, 0x0000000089300000|100%| O|  |TAMS 0x0000000089300000, 0x0000000089200000| Complete 
| 147|0x0000000089300000, 0x0000000089400000, 0x0000000089400000|100%| O|  |TAMS 0x0000000089400000, 0x0000000089300000| Untracked 
| 148|0x0000000089400000, 0x0000000089500000, 0x0000000089500000|100%| O|  |TAMS 0x0000000089500000, 0x0000000089400000| Untracked 
| 149|0x0000000089500000, 0x0000000089600000, 0x0000000089600000|100%| O|  |TAMS 0x0000000089600000, 0x0000000089500000| Untracked 
| 150|0x0000000089600000, 0x0000000089700000, 0x0000000089700000|100%| O|  |TAMS 0x0000000089700000, 0x0000000089600000| Untracked 
| 151|0x0000000089700000, 0x0000000089800000, 0x0000000089800000|100%| O|  |TAMS 0x0000000089800000, 0x0000000089700000| Untracked 
| 152|0x0000000089800000, 0x0000000089900000, 0x0000000089900000|100%| O|  |TAMS 0x0000000089900000, 0x0000000089800000| Untracked 
| 153|0x0000000089900000, 0x0000000089a00000, 0x0000000089a00000|100%| O|  |TAMS 0x0000000089a00000, 0x0000000089900000| Complete 
| 154|0x0000000089a00000, 0x0000000089b00000, 0x0000000089b00000|100%| O|  |TAMS 0x0000000089b00000, 0x0000000089a00000| Untracked 
| 155|0x0000000089b00000, 0x0000000089c00000, 0x0000000089c00000|100%| O|  |TAMS 0x0000000089c00000, 0x0000000089b00000| Untracked 
| 156|0x0000000089c00000, 0x0000000089d00000, 0x0000000089d00000|100%| O|  |TAMS 0x0000000089d00000, 0x0000000089c00000| Untracked 
| 157|0x0000000089d00000, 0x0000000089e00000, 0x0000000089e00000|100%| O|  |TAMS 0x0000000089e00000, 0x0000000089d00000| Untracked 
| 158|0x0000000089e00000, 0x0000000089f00000, 0x0000000089f00000|100%| O|  |TAMS 0x0000000089f00000, 0x0000000089e00000| Untracked 
| 159|0x0000000089f00000, 0x000000008a000000, 0x000000008a000000|100%| O|  |TAMS 0x000000008a000000, 0x0000000089f00000| Untracked 
| 160|0x000000008a000000, 0x000000008a100000, 0x000000008a100000|100%| O|  |TAMS 0x000000008a100000, 0x000000008a000000| Untracked 
| 161|0x000000008a100000, 0x000000008a200000, 0x000000008a200000|100%| O|  |TAMS 0x000000008a200000, 0x000000008a100000| Untracked 
| 162|0x000000008a200000, 0x000000008a300000, 0x000000008a300000|100%| O|  |TAMS 0x000000008a300000, 0x000000008a200000| Untracked 
| 163|0x000000008a300000, 0x000000008a400000, 0x000000008a400000|100%| O|  |TAMS 0x000000008a400000, 0x000000008a300000| Untracked 
| 164|0x000000008a400000, 0x000000008a500000, 0x000000008a500000|100%|HS|  |TAMS 0x000000008a500000, 0x000000008a400000| Complete 
| 165|0x000000008a500000, 0x000000008a600000, 0x000000008a600000|100%|HS|  |TAMS 0x000000008a600000, 0x000000008a500000| Complete 
| 166|0x000000008a600000, 0x000000008a700000, 0x000000008a700000|100%|HS|  |TAMS 0x000000008a700000, 0x000000008a600000| Complete 
| 167|0x000000008a700000, 0x000000008a800000, 0x000000008a800000|100%|HC|  |TAMS 0x000000008a800000, 0x000000008a700000| Complete 
| 168|0x000000008a800000, 0x000000008a900000, 0x000000008a900000|100%| O|  |TAMS 0x000000008a900000, 0x000000008a800000| Complete 
| 169|0x000000008a900000, 0x000000008aa00000, 0x000000008aa00000|100%| O|  |TAMS 0x000000008aa00000, 0x000000008a900000| Complete 
| 170|0x000000008aa00000, 0x000000008ab00000, 0x000000008ab00000|100%| O|  |TAMS 0x000000008ab00000, 0x000000008aa00000| Complete 
| 171|0x000000008ab00000, 0x000000008ac00000, 0x000000008ac00000|100%| O|  |TAMS 0x000000008ac00000, 0x000000008ab00000| Untracked 
| 172|0x000000008ac00000, 0x000000008ad00000, 0x000000008ad00000|100%| O|  |TAMS 0x000000008ad00000, 0x000000008ac00000| Untracked 
| 173|0x000000008ad00000, 0x000000008ae00000, 0x000000008ae00000|100%| O|  |TAMS 0x000000008ae00000, 0x000000008ad00000| Untracked 
| 174|0x000000008ae00000, 0x000000008af00000, 0x000000008af00000|100%| O|  |TAMS 0x000000008af00000, 0x000000008ae00000| Untracked 
| 175|0x000000008af00000, 0x000000008b000000, 0x000000008b000000|100%| O|  |TAMS 0x000000008b000000, 0x000000008af00000| Untracked 
| 176|0x000000008b000000, 0x000000008b100000, 0x000000008b100000|100%| O|  |TAMS 0x000000008b100000, 0x000000008b000000| Untracked 
| 177|0x000000008b100000, 0x000000008b200000, 0x000000008b200000|100%| O|  |TAMS 0x000000008b200000, 0x000000008b100000| Untracked 
| 178|0x000000008b200000, 0x000000008b300000, 0x000000008b300000|100%| O|  |TAMS 0x000000008b300000, 0x000000008b200000| Complete 
| 179|0x000000008b300000, 0x000000008b400000, 0x000000008b400000|100%| O|  |TAMS 0x000000008b400000, 0x000000008b300000| Complete 
| 180|0x000000008b400000, 0x000000008b500000, 0x000000008b500000|100%| O|  |TAMS 0x000000008b500000, 0x000000008b400000| Untracked 
| 181|0x000000008b500000, 0x000000008b600000, 0x000000008b600000|100%| O|  |TAMS 0x000000008b600000, 0x000000008b500000| Untracked 
| 182|0x000000008b600000, 0x000000008b700000, 0x000000008b700000|100%| O|  |TAMS 0x000000008b700000, 0x000000008b600000| Complete 
| 183|0x000000008b700000, 0x000000008b800000, 0x000000008b800000|100%| O|  |TAMS 0x000000008b800000, 0x000000008b700000| Untracked 
| 184|0x000000008b800000, 0x000000008b900000, 0x000000008b900000|100%| O|  |TAMS 0x000000008b900000, 0x000000008b800000| Untracked 
| 185|0x000000008b900000, 0x000000008ba00000, 0x000000008ba00000|100%| O|  |TAMS 0x000000008ba00000, 0x000000008b900000| Untracked 
| 186|0x000000008ba00000, 0x000000008bb00000, 0x000000008bb00000|100%| O|  |TAMS 0x000000008bb00000, 0x000000008ba00000| Untracked 
| 187|0x000000008bb00000, 0x000000008bc00000, 0x000000008bc00000|100%| O|  |TAMS 0x000000008bc00000, 0x000000008bb00000| Untracked 
| 188|0x000000008bc00000, 0x000000008bd00000, 0x000000008bd00000|100%| O|  |TAMS 0x000000008bd00000, 0x000000008bc00000| Untracked 
| 189|0x000000008bd00000, 0x000000008be00000, 0x000000008be00000|100%| O|  |TAMS 0x000000008be00000, 0x000000008bd00000| Untracked 
| 190|0x000000008be00000, 0x000000008bf00000, 0x000000008bf00000|100%| O|  |TAMS 0x000000008bf00000, 0x000000008be00000| Untracked 
| 191|0x000000008bf00000, 0x000000008c000000, 0x000000008c000000|100%| O|  |TAMS 0x000000008c000000, 0x000000008bf00000| Untracked 
| 192|0x000000008c000000, 0x000000008c100000, 0x000000008c100000|100%| O|  |TAMS 0x000000008c100000, 0x000000008c000000| Untracked 
| 193|0x000000008c100000, 0x000000008c200000, 0x000000008c200000|100%| O|  |TAMS 0x000000008c200000, 0x000000008c100000| Untracked 
| 194|0x000000008c200000, 0x000000008c300000, 0x000000008c300000|100%| O|  |TAMS 0x000000008c300000, 0x000000008c200000| Complete 
| 195|0x000000008c300000, 0x000000008c400000, 0x000000008c400000|100%| O|  |TAMS 0x000000008c400000, 0x000000008c300000| Untracked 
| 196|0x000000008c400000, 0x000000008c500000, 0x000000008c500000|100%| O|  |TAMS 0x000000008c500000, 0x000000008c400000| Untracked 
| 197|0x000000008c500000, 0x000000008c600000, 0x000000008c600000|100%| O|  |TAMS 0x000000008c600000, 0x000000008c500000| Untracked 
| 198|0x000000008c600000, 0x000000008c700000, 0x000000008c700000|100%| O|  |TAMS 0x000000008c700000, 0x000000008c600000| Untracked 
| 199|0x000000008c700000, 0x000000008c800000, 0x000000008c800000|100%| O|  |TAMS 0x000000008c800000, 0x000000008c700000| Untracked 
| 200|0x000000008c800000, 0x000000008c900000, 0x000000008c900000|100%| O|  |TAMS 0x000000008c900000, 0x000000008c800000| Untracked 
| 201|0x000000008c900000, 0x000000008ca00000, 0x000000008ca00000|100%| O|  |TAMS 0x000000008ca00000, 0x000000008c900000| Untracked 
| 202|0x000000008ca00000, 0x000000008cb00000, 0x000000008cb00000|100%| O|  |TAMS 0x000000008cb00000, 0x000000008ca00000| Untracked 
| 203|0x000000008cb00000, 0x000000008cc00000, 0x000000008cc00000|100%| O|  |TAMS 0x000000008cc00000, 0x000000008cb00000| Untracked 
| 204|0x000000008cc00000, 0x000000008cd00000, 0x000000008cd00000|100%| O|  |TAMS 0x000000008cd00000, 0x000000008cc00000| Untracked 
| 205|0x000000008cd00000, 0x000000008ce00000, 0x000000008ce00000|100%| O|  |TAMS 0x000000008ce00000, 0x000000008cd00000| Untracked 
| 206|0x000000008ce00000, 0x000000008cf00000, 0x000000008cf00000|100%| O|  |TAMS 0x000000008cf00000, 0x000000008ce00000| Untracked 
| 207|0x000000008cf00000, 0x000000008d000000, 0x000000008d000000|100%| O|  |TAMS 0x000000008d000000, 0x000000008cf00000| Untracked 
| 208|0x000000008d000000, 0x000000008d100000, 0x000000008d100000|100%| O|  |TAMS 0x000000008d100000, 0x000000008d000000| Untracked 
| 209|0x000000008d100000, 0x000000008d200000, 0x000000008d200000|100%| O|  |TAMS 0x000000008d200000, 0x000000008d100000| Untracked 
| 210|0x000000008d200000, 0x000000008d300000, 0x000000008d300000|100%| O|  |TAMS 0x000000008d300000, 0x000000008d200000| Untracked 
| 211|0x000000008d300000, 0x000000008d400000, 0x000000008d400000|100%| O|  |TAMS 0x000000008d400000, 0x000000008d300000| Untracked 
| 212|0x000000008d400000, 0x000000008d500000, 0x000000008d500000|100%| O|  |TAMS 0x000000008d500000, 0x000000008d400000| Complete 
| 213|0x000000008d500000, 0x000000008d600000, 0x000000008d600000|100%| O|  |TAMS 0x000000008d600000, 0x000000008d500000| Untracked 
| 214|0x000000008d600000, 0x000000008d700000, 0x000000008d700000|100%| O|  |TAMS 0x000000008d700000, 0x000000008d600000| Complete 
| 215|0x000000008d700000, 0x000000008d800000, 0x000000008d800000|100%| O|  |TAMS 0x000000008d800000, 0x000000008d700000| Untracked 
| 216|0x000000008d800000, 0x000000008d900000, 0x000000008d900000|100%| O|  |TAMS 0x000000008d900000, 0x000000008d800000| Untracked 
| 217|0x000000008d900000, 0x000000008da00000, 0x000000008da00000|100%| O|  |TAMS 0x000000008da00000, 0x000000008d900000| Untracked 
| 218|0x000000008da00000, 0x000000008db00000, 0x000000008db00000|100%| O|  |TAMS 0x000000008db00000, 0x000000008da00000| Untracked 
| 219|0x000000008db00000, 0x000000008dc00000, 0x000000008dc00000|100%| O|  |TAMS 0x000000008dc00000, 0x000000008db00000| Untracked 
| 220|0x000000008dc00000, 0x000000008dd00000, 0x000000008dd00000|100%| O|  |TAMS 0x000000008dd00000, 0x000000008dc00000| Untracked 
| 221|0x000000008dd00000, 0x000000008de00000, 0x000000008de00000|100%| O|  |TAMS 0x000000008de00000, 0x000000008dd00000| Complete 
| 222|0x000000008de00000, 0x000000008df00000, 0x000000008df00000|100%| O|  |TAMS 0x000000008df00000, 0x000000008de00000| Untracked 
| 223|0x000000008df00000, 0x000000008e000000, 0x000000008e000000|100%|HS|  |TAMS 0x000000008e000000, 0x000000008df00000| Complete 
| 224|0x000000008e000000, 0x000000008e100000, 0x000000008e100000|100%|HS|  |TAMS 0x000000008e100000, 0x000000008e000000| Complete 
| 225|0x000000008e100000, 0x000000008e200000, 0x000000008e200000|100%| O|  |TAMS 0x000000008e200000, 0x000000008e100000| Untracked 
| 226|0x000000008e200000, 0x000000008e300000, 0x000000008e300000|100%| O|  |TAMS 0x000000008e300000, 0x000000008e200000| Untracked 
| 227|0x000000008e300000, 0x000000008e400000, 0x000000008e400000|100%| O|  |TAMS 0x000000008e400000, 0x000000008e300000| Untracked 
| 228|0x000000008e400000, 0x000000008e500000, 0x000000008e500000|100%| O|  |TAMS 0x000000008e500000, 0x000000008e400000| Complete 
| 229|0x000000008e500000, 0x000000008e600000, 0x000000008e600000|100%| O|  |TAMS 0x000000008e600000, 0x000000008e500000| Complete 
| 230|0x000000008e600000, 0x000000008e700000, 0x000000008e700000|100%| O|  |TAMS 0x000000008e700000, 0x000000008e600000| Complete 
| 231|0x000000008e700000, 0x000000008e800000, 0x000000008e800000|100%| O|  |TAMS 0x000000008e800000, 0x000000008e700000| Complete 
| 232|0x000000008e800000, 0x000000008e900000, 0x000000008e900000|100%| O|  |TAMS 0x000000008e900000, 0x000000008e800000| Untracked 
| 233|0x000000008e900000, 0x000000008ea00000, 0x000000008ea00000|100%| O|  |TAMS 0x000000008ea00000, 0x000000008e900000| Untracked 
| 234|0x000000008ea00000, 0x000000008eb00000, 0x000000008eb00000|100%| O|  |TAMS 0x000000008eb00000, 0x000000008ea00000| Untracked 
| 235|0x000000008eb00000, 0x000000008ec00000, 0x000000008ec00000|100%| O|  |TAMS 0x000000008ec00000, 0x000000008eb00000| Untracked 
| 236|0x000000008ec00000, 0x000000008ed00000, 0x000000008ed00000|100%| O|  |TAMS 0x000000008ed00000, 0x000000008ec00000| Untracked 
| 237|0x000000008ed00000, 0x000000008ee00000, 0x000000008ee00000|100%| O|  |TAMS 0x000000008ee00000, 0x000000008ed00000| Untracked 
| 238|0x000000008ee00000, 0x000000008ef00000, 0x000000008ef00000|100%| O|  |TAMS 0x000000008ef00000, 0x000000008ee00000| Untracked 
| 239|0x000000008ef00000, 0x000000008f000000, 0x000000008f000000|100%| O|  |TAMS 0x000000008f000000, 0x000000008ef00000| Untracked 
| 240|0x000000008f000000, 0x000000008f100000, 0x000000008f100000|100%| O|  |TAMS 0x000000008f100000, 0x000000008f000000| Untracked 
| 241|0x000000008f100000, 0x000000008f200000, 0x000000008f200000|100%| O|  |TAMS 0x000000008f200000, 0x000000008f100000| Untracked 
| 242|0x000000008f200000, 0x000000008f300000, 0x000000008f300000|100%| O|  |TAMS 0x000000008f300000, 0x000000008f200000| Untracked 
| 243|0x000000008f300000, 0x000000008f400000, 0x000000008f400000|100%| O|  |TAMS 0x000000008f400000, 0x000000008f300000| Untracked 
| 244|0x000000008f400000, 0x000000008f500000, 0x000000008f500000|100%| O|  |TAMS 0x000000008f500000, 0x000000008f400000| Untracked 
| 245|0x000000008f500000, 0x000000008f600000, 0x000000008f600000|100%| O|  |TAMS 0x000000008f600000, 0x000000008f500000| Untracked 
| 246|0x000000008f600000, 0x000000008f700000, 0x000000008f700000|100%| O|  |TAMS 0x000000008f700000, 0x000000008f600000| Untracked 
| 247|0x000000008f700000, 0x000000008f800000, 0x000000008f800000|100%| O|  |TAMS 0x000000008f800000, 0x000000008f700000| Untracked 
| 248|0x000000008f800000, 0x000000008f900000, 0x000000008f900000|100%| O|  |TAMS 0x000000008f900000, 0x000000008f800000| Untracked 
| 249|0x000000008f900000, 0x000000008fa00000, 0x000000008fa00000|100%| O|  |TAMS 0x000000008fa00000, 0x000000008f900000| Untracked 
| 250|0x000000008fa00000, 0x000000008fb00000, 0x000000008fb00000|100%| O|  |TAMS 0x000000008fb00000, 0x000000008fa00000| Untracked 
| 251|0x000000008fb00000, 0x000000008fc00000, 0x000000008fc00000|100%| O|  |TAMS 0x000000008fc00000, 0x000000008fb00000| Untracked 
| 252|0x000000008fc00000, 0x000000008fd00000, 0x000000008fd00000|100%| O|  |TAMS 0x000000008fd00000, 0x000000008fc00000| Untracked 
| 253|0x000000008fd00000, 0x000000008fe00000, 0x000000008fe00000|100%| O|  |TAMS 0x000000008fe00000, 0x000000008fd00000| Untracked 
| 254|0x000000008fe00000, 0x000000008ff00000, 0x000000008ff00000|100%| O|  |TAMS 0x000000008ff00000, 0x000000008fe00000| Untracked 
| 255|0x000000008ff00000, 0x0000000090000000, 0x0000000090000000|100%| O|  |TAMS 0x0000000090000000, 0x000000008ff00000| Untracked 
| 256|0x0000000090000000, 0x0000000090100000, 0x0000000090100000|100%| O|  |TAMS 0x0000000090100000, 0x0000000090000000| Untracked 
| 257|0x0000000090100000, 0x0000000090200000, 0x0000000090200000|100%| O|  |TAMS 0x0000000090200000, 0x0000000090100000| Untracked 
| 258|0x0000000090200000, 0x0000000090300000, 0x0000000090300000|100%| O|  |TAMS 0x0000000090300000, 0x0000000090200000| Untracked 
| 259|0x0000000090300000, 0x0000000090400000, 0x0000000090400000|100%| O|  |TAMS 0x0000000090400000, 0x0000000090300000| Complete 
| 260|0x0000000090400000, 0x0000000090500000, 0x0000000090500000|100%| O|  |TAMS 0x0000000090500000, 0x0000000090400000| Untracked 
| 261|0x0000000090500000, 0x0000000090600000, 0x0000000090600000|100%| O|  |TAMS 0x0000000090600000, 0x0000000090500000| Complete 
| 262|0x0000000090600000, 0x0000000090700000, 0x0000000090700000|100%| O|  |TAMS 0x0000000090700000, 0x0000000090600000| Untracked 
| 263|0x0000000090700000, 0x0000000090800000, 0x0000000090800000|100%| O|  |TAMS 0x0000000090800000, 0x0000000090700000| Untracked 
| 264|0x0000000090800000, 0x0000000090900000, 0x0000000090900000|100%| O|  |TAMS 0x0000000090900000, 0x0000000090800000| Untracked 
| 265|0x0000000090900000, 0x0000000090a00000, 0x0000000090a00000|100%| O|  |TAMS 0x0000000090a00000, 0x0000000090900000| Untracked 
| 266|0x0000000090a00000, 0x0000000090b00000, 0x0000000090b00000|100%| O|  |TAMS 0x0000000090b00000, 0x0000000090a00000| Untracked 
| 267|0x0000000090b00000, 0x0000000090c00000, 0x0000000090c00000|100%| O|  |TAMS 0x0000000090c00000, 0x0000000090b00000| Complete 
| 268|0x0000000090c00000, 0x0000000090d00000, 0x0000000090d00000|100%| O|  |TAMS 0x0000000090d00000, 0x0000000090c00000| Untracked 
| 269|0x0000000090d00000, 0x0000000090e00000, 0x0000000090e00000|100%| O|  |TAMS 0x0000000090e00000, 0x0000000090d00000| Untracked 
| 270|0x0000000090e00000, 0x0000000090f00000, 0x0000000090f00000|100%|HS|  |TAMS 0x0000000090f00000, 0x0000000090e00000| Complete 
| 271|0x0000000090f00000, 0x0000000091000000, 0x0000000091000000|100%| O|  |TAMS 0x0000000091000000, 0x0000000090f00000| Untracked 
| 272|0x0000000091000000, 0x0000000091100000, 0x0000000091100000|100%| O|  |TAMS 0x0000000091100000, 0x0000000091000000| Complete 
| 273|0x0000000091100000, 0x0000000091200000, 0x0000000091200000|100%| O|  |TAMS 0x0000000091200000, 0x0000000091100000| Untracked 
| 274|0x0000000091200000, 0x0000000091300000, 0x0000000091300000|100%| O|  |TAMS 0x0000000091300000, 0x0000000091200000| Untracked 
| 275|0x0000000091300000, 0x0000000091400000, 0x0000000091400000|100%| O|  |TAMS 0x0000000091400000, 0x0000000091300000| Untracked 
| 276|0x0000000091400000, 0x0000000091500000, 0x0000000091500000|100%| O|  |TAMS 0x0000000091500000, 0x0000000091400000| Untracked 
| 277|0x0000000091500000, 0x0000000091600000, 0x0000000091600000|100%| O|  |TAMS 0x0000000091600000, 0x0000000091500000| Untracked 
| 278|0x0000000091600000, 0x0000000091700000, 0x0000000091700000|100%| O|  |TAMS 0x0000000091700000, 0x0000000091600000| Untracked 
| 279|0x0000000091700000, 0x0000000091800000, 0x0000000091800000|100%| O|  |TAMS 0x0000000091800000, 0x0000000091700000| Untracked 
| 280|0x0000000091800000, 0x0000000091900000, 0x0000000091900000|100%| O|  |TAMS 0x0000000091900000, 0x0000000091800000| Untracked 
| 281|0x0000000091900000, 0x0000000091a00000, 0x0000000091a00000|100%| O|  |TAMS 0x0000000091a00000, 0x0000000091900000| Untracked 
| 282|0x0000000091a00000, 0x0000000091b00000, 0x0000000091b00000|100%| O|  |TAMS 0x0000000091b00000, 0x0000000091a00000| Untracked 
| 283|0x0000000091b00000, 0x0000000091c00000, 0x0000000091c00000|100%| O|  |TAMS 0x0000000091c00000, 0x0000000091b00000| Complete 
| 284|0x0000000091c00000, 0x0000000091d00000, 0x0000000091d00000|100%| O|  |TAMS 0x0000000091d00000, 0x0000000091c00000| Untracked 
| 285|0x0000000091d00000, 0x0000000091e00000, 0x0000000091e00000|100%|HS|  |TAMS 0x0000000091e00000, 0x0000000091d00000| Complete 
| 286|0x0000000091e00000, 0x0000000091f00000, 0x0000000091f00000|100%|HS|  |TAMS 0x0000000091f00000, 0x0000000091e00000| Complete 
| 287|0x0000000091f00000, 0x0000000092000000, 0x0000000092000000|100%| O|  |TAMS 0x0000000092000000, 0x0000000091f00000| Untracked 
| 288|0x0000000092000000, 0x0000000092100000, 0x0000000092100000|100%| O|  |TAMS 0x0000000092100000, 0x0000000092000000| Untracked 
| 289|0x0000000092100000, 0x0000000092200000, 0x0000000092200000|100%| O|  |TAMS 0x0000000092200000, 0x0000000092100000| Untracked 
| 290|0x0000000092200000, 0x0000000092300000, 0x0000000092300000|100%| O|  |TAMS 0x0000000092300000, 0x0000000092200000| Untracked 
| 291|0x0000000092300000, 0x0000000092400000, 0x0000000092400000|100%| O|  |TAMS 0x0000000092400000, 0x0000000092300000| Untracked 
| 292|0x0000000092400000, 0x0000000092500000, 0x0000000092500000|100%| O|  |TAMS 0x0000000092500000, 0x0000000092400000| Untracked 
| 293|0x0000000092500000, 0x0000000092600000, 0x0000000092600000|100%| O|  |TAMS 0x0000000092600000, 0x0000000092500000| Untracked 
| 294|0x0000000092600000, 0x0000000092700000, 0x0000000092700000|100%| O|  |TAMS 0x0000000092700000, 0x0000000092600000| Untracked 
| 295|0x0000000092700000, 0x0000000092800000, 0x0000000092800000|100%| O|  |TAMS 0x0000000092800000, 0x0000000092700000| Untracked 
| 296|0x0000000092800000, 0x0000000092900000, 0x0000000092900000|100%| O|  |TAMS 0x0000000092900000, 0x0000000092800000| Untracked 
| 297|0x0000000092900000, 0x0000000092a00000, 0x0000000092a00000|100%| O|  |TAMS 0x0000000092a00000, 0x0000000092900000| Untracked 
| 298|0x0000000092a00000, 0x0000000092b00000, 0x0000000092b00000|100%| O|  |TAMS 0x0000000092b00000, 0x0000000092a00000| Untracked 
| 299|0x0000000092b00000, 0x0000000092c00000, 0x0000000092c00000|100%| O|  |TAMS 0x0000000092c00000, 0x0000000092b00000| Untracked 
| 300|0x0000000092c00000, 0x0000000092d00000, 0x0000000092d00000|100%| O|  |TAMS 0x0000000092d00000, 0x0000000092c00000| Untracked 
| 301|0x0000000092d00000, 0x0000000092e00000, 0x0000000092e00000|100%| O|  |TAMS 0x0000000092e00000, 0x0000000092d00000| Untracked 
| 302|0x0000000092e00000, 0x0000000092f00000, 0x0000000092f00000|100%| O|  |TAMS 0x0000000092f00000, 0x0000000092e00000| Untracked 
| 303|0x0000000092f00000, 0x0000000093000000, 0x0000000093000000|100%| O|  |TAMS 0x0000000093000000, 0x0000000092f00000| Untracked 
| 304|0x0000000093000000, 0x0000000093100000, 0x0000000093100000|100%| O|  |TAMS 0x0000000093100000, 0x0000000093000000| Untracked 
| 305|0x0000000093100000, 0x0000000093200000, 0x0000000093200000|100%| O|  |TAMS 0x0000000093200000, 0x0000000093100000| Untracked 
| 306|0x0000000093200000, 0x0000000093300000, 0x0000000093300000|100%| O|  |TAMS 0x0000000093300000, 0x0000000093200000| Untracked 
| 307|0x0000000093300000, 0x0000000093400000, 0x0000000093400000|100%| O|  |TAMS 0x0000000093400000, 0x0000000093300000| Untracked 
| 308|0x0000000093400000, 0x0000000093500000, 0x0000000093500000|100%| O|  |TAMS 0x0000000093500000, 0x0000000093400000| Untracked 
| 309|0x0000000093500000, 0x0000000093600000, 0x0000000093600000|100%| O|  |TAMS 0x0000000093600000, 0x0000000093500000| Untracked 
| 310|0x0000000093600000, 0x0000000093700000, 0x0000000093700000|100%| O|  |TAMS 0x0000000093700000, 0x0000000093600000| Untracked 
| 311|0x0000000093700000, 0x0000000093800000, 0x0000000093800000|100%| O|  |TAMS 0x0000000093800000, 0x0000000093700000| Untracked 
| 312|0x0000000093800000, 0x0000000093900000, 0x0000000093900000|100%| O|  |TAMS 0x0000000093900000, 0x0000000093800000| Untracked 
| 313|0x0000000093900000, 0x0000000093a00000, 0x0000000093a00000|100%| O|  |TAMS 0x0000000093a00000, 0x0000000093900000| Untracked 
| 314|0x0000000093a00000, 0x0000000093b00000, 0x0000000093b00000|100%| O|  |TAMS 0x0000000093b00000, 0x0000000093a00000| Untracked 
| 315|0x0000000093b00000, 0x0000000093c00000, 0x0000000093c00000|100%| O|  |TAMS 0x0000000093c00000, 0x0000000093b00000| Complete 
| 316|0x0000000093c00000, 0x0000000093d00000, 0x0000000093d00000|100%| O|  |TAMS 0x0000000093d00000, 0x0000000093c00000| Untracked 
| 317|0x0000000093d00000, 0x0000000093e00000, 0x0000000093e00000|100%| O|  |TAMS 0x0000000093e00000, 0x0000000093d00000| Untracked 
| 318|0x0000000093e00000, 0x0000000093f00000, 0x0000000093f00000|100%| O|  |TAMS 0x0000000093f00000, 0x0000000093e00000| Untracked 
| 319|0x0000000093f00000, 0x0000000094000000, 0x0000000094000000|100%| O|  |TAMS 0x0000000094000000, 0x0000000093f00000| Untracked 
| 320|0x0000000094000000, 0x0000000094100000, 0x0000000094100000|100%| O|  |TAMS 0x0000000094100000, 0x0000000094000000| Untracked 
| 321|0x0000000094100000, 0x0000000094200000, 0x0000000094200000|100%| O|  |TAMS 0x0000000094200000, 0x0000000094100000| Untracked 
| 322|0x0000000094200000, 0x0000000094300000, 0x0000000094300000|100%| O|  |TAMS 0x0000000094300000, 0x0000000094200000| Untracked 
| 323|0x0000000094300000, 0x0000000094400000, 0x0000000094400000|100%| O|  |TAMS 0x0000000094400000, 0x0000000094300000| Untracked 
| 324|0x0000000094400000, 0x0000000094500000, 0x0000000094500000|100%| O|  |TAMS 0x0000000094500000, 0x0000000094400000| Untracked 
| 325|0x0000000094500000, 0x0000000094600000, 0x0000000094600000|100%| O|  |TAMS 0x0000000094600000, 0x0000000094500000| Untracked 
| 326|0x0000000094600000, 0x0000000094700000, 0x0000000094700000|100%| O|  |TAMS 0x0000000094700000, 0x0000000094600000| Untracked 
| 327|0x0000000094700000, 0x0000000094800000, 0x0000000094800000|100%| O|  |TAMS 0x00000000947a1e00, 0x0000000094700000| Untracked 
| 328|0x0000000094800000, 0x0000000094900000, 0x0000000094900000|100%| O|  |TAMS 0x0000000094800000, 0x0000000094800000| Untracked 
| 329|0x0000000094900000, 0x0000000094a00000, 0x0000000094a00000|100%| O|  |TAMS 0x0000000094900000, 0x0000000094900000| Untracked 
| 330|0x0000000094a00000, 0x0000000094b00000, 0x0000000094b00000|100%| O|  |TAMS 0x0000000094a00000, 0x0000000094a00000| Untracked 
| 331|0x0000000094b00000, 0x0000000094c00000, 0x0000000094c00000|100%| O|  |TAMS 0x0000000094b00000, 0x0000000094b00000| Untracked 
| 332|0x0000000094c00000, 0x0000000094d00000, 0x0000000094d00000|100%| O|  |TAMS 0x0000000094c00000, 0x0000000094c00000| Untracked 
| 333|0x0000000094d00000, 0x0000000094e00000, 0x0000000094e00000|100%| O|  |TAMS 0x0000000094d00000, 0x0000000094d00000| Untracked 
| 334|0x0000000094e00000, 0x0000000094eb5a00, 0x0000000094f00000| 70%| O|  |TAMS 0x0000000094e00000, 0x0000000094e00000| Untracked 
| 335|0x0000000094f00000, 0x0000000094f00000, 0x0000000095000000|  0%| F|  |TAMS 0x0000000094f00000, 0x0000000094f00000| Untracked 
| 336|0x0000000095000000, 0x0000000095000000, 0x0000000095100000|  0%| F|  |TAMS 0x0000000095000000, 0x0000000095000000| Untracked 
| 337|0x0000000095100000, 0x0000000095100000, 0x0000000095200000|  0%| F|  |TAMS 0x0000000095100000, 0x0000000095100000| Untracked 
| 338|0x0000000095200000, 0x0000000095200000, 0x0000000095300000|  0%| F|  |TAMS 0x0000000095200000, 0x0000000095200000| Untracked 
| 339|0x0000000095300000, 0x0000000095300000, 0x0000000095400000|  0%| F|  |TAMS 0x0000000095300000, 0x0000000095300000| Untracked 
| 340|0x0000000095400000, 0x0000000095400000, 0x0000000095500000|  0%| F|  |TAMS 0x0000000095400000, 0x0000000095400000| Untracked 
| 341|0x0000000095500000, 0x0000000095500000, 0x0000000095600000|  0%| F|  |TAMS 0x0000000095500000, 0x0000000095500000| Untracked 
| 342|0x0000000095600000, 0x0000000095600000, 0x0000000095700000|  0%| F|  |TAMS 0x0000000095600000, 0x0000000095600000| Untracked 
| 343|0x0000000095700000, 0x0000000095700000, 0x0000000095800000|  0%| F|  |TAMS 0x0000000095700000, 0x0000000095700000| Untracked 
| 344|0x0000000095800000, 0x0000000095800000, 0x0000000095900000|  0%| F|  |TAMS 0x0000000095800000, 0x0000000095800000| Untracked 
| 345|0x0000000095900000, 0x0000000095900000, 0x0000000095a00000|  0%| F|  |TAMS 0x0000000095900000, 0x0000000095900000| Untracked 
| 346|0x0000000095a00000, 0x0000000095a00000, 0x0000000095b00000|  0%| F|  |TAMS 0x0000000095a00000, 0x0000000095a00000| Untracked 
| 347|0x0000000095b00000, 0x0000000095b00000, 0x0000000095c00000|  0%| F|  |TAMS 0x0000000095b00000, 0x0000000095b00000| Untracked 
| 348|0x0000000095c00000, 0x0000000095c00000, 0x0000000095d00000|  0%| F|  |TAMS 0x0000000095c00000, 0x0000000095c00000| Untracked 
| 349|0x0000000095d00000, 0x0000000095d00000, 0x0000000095e00000|  0%| F|  |TAMS 0x0000000095d00000, 0x0000000095d00000| Untracked 
| 350|0x0000000095e00000, 0x0000000095e00000, 0x0000000095f00000|  0%| F|  |TAMS 0x0000000095e00000, 0x0000000095e00000| Untracked 
| 351|0x0000000095f00000, 0x0000000095f00000, 0x0000000096000000|  0%| F|  |TAMS 0x0000000095f00000, 0x0000000095f00000| Untracked 
| 352|0x0000000096000000, 0x0000000096000000, 0x0000000096100000|  0%| F|  |TAMS 0x0000000096000000, 0x0000000096000000| Untracked 
| 353|0x0000000096100000, 0x0000000096196b00, 0x0000000096200000| 58%| S|CS|TAMS 0x0000000096100000, 0x0000000096100000| Complete 
| 354|0x0000000096200000, 0x0000000096300000, 0x0000000096300000|100%| S|CS|TAMS 0x0000000096200000, 0x0000000096200000| Complete 
| 355|0x0000000096300000, 0x0000000096400000, 0x0000000096400000|100%| S|CS|TAMS 0x0000000096300000, 0x0000000096300000| Complete 
| 356|0x0000000096400000, 0x0000000096400000, 0x0000000096500000|  0%| F|  |TAMS 0x0000000096400000, 0x0000000096400000| Untracked 
| 357|0x0000000096500000, 0x0000000096500000, 0x0000000096600000|  0%| F|  |TAMS 0x0000000096500000, 0x0000000096500000| Untracked 
| 358|0x0000000096600000, 0x0000000096600000, 0x0000000096700000|  0%| F|  |TAMS 0x0000000096600000, 0x0000000096600000| Untracked 
| 359|0x0000000096700000, 0x0000000096700000, 0x0000000096800000|  0%| F|  |TAMS 0x0000000096700000, 0x0000000096700000| Untracked 
| 360|0x0000000096800000, 0x0000000096800000, 0x0000000096900000|  0%| F|  |TAMS 0x0000000096800000, 0x0000000096800000| Untracked 
| 361|0x0000000096900000, 0x0000000096900000, 0x0000000096a00000|  0%| F|  |TAMS 0x0000000096900000, 0x0000000096900000| Untracked 
| 362|0x0000000096a00000, 0x0000000096a00000, 0x0000000096b00000|  0%| F|  |TAMS 0x0000000096a00000, 0x0000000096a00000| Untracked 
| 363|0x0000000096b00000, 0x0000000096b00000, 0x0000000096c00000|  0%| F|  |TAMS 0x0000000096b00000, 0x0000000096b00000| Untracked 
| 364|0x0000000096c00000, 0x0000000096c00000, 0x0000000096d00000|  0%| F|  |TAMS 0x0000000096c00000, 0x0000000096c00000| Untracked 
| 365|0x0000000096d00000, 0x0000000096d00000, 0x0000000096e00000|  0%| F|  |TAMS 0x0000000096d00000, 0x0000000096d00000| Untracked 
| 366|0x0000000096e00000, 0x0000000096e00000, 0x0000000096f00000|  0%| F|  |TAMS 0x0000000096e00000, 0x0000000096e00000| Untracked 
| 367|0x0000000096f00000, 0x0000000096f00000, 0x0000000097000000|  0%| F|  |TAMS 0x0000000096f00000, 0x0000000096f00000| Untracked 
| 368|0x0000000097000000, 0x0000000097100000, 0x0000000097100000|100%| E|CS|TAMS 0x0000000097000000, 0x0000000097000000| Complete 
| 369|0x0000000097100000, 0x0000000097200000, 0x0000000097200000|100%| E|CS|TAMS 0x0000000097100000, 0x0000000097100000| Complete 
| 370|0x0000000097200000, 0x0000000097300000, 0x0000000097300000|100%| E|CS|TAMS 0x0000000097200000, 0x0000000097200000| Complete 
| 371|0x0000000097300000, 0x0000000097400000, 0x0000000097400000|100%| E|CS|TAMS 0x0000000097300000, 0x0000000097300000| Complete 
| 372|0x0000000097400000, 0x0000000097500000, 0x0000000097500000|100%| E|CS|TAMS 0x0000000097400000, 0x0000000097400000| Complete 
| 373|0x0000000097500000, 0x0000000097600000, 0x0000000097600000|100%| E|CS|TAMS 0x0000000097500000, 0x0000000097500000| Complete 
| 374|0x0000000097600000, 0x0000000097600000, 0x0000000097700000|  0%| F|  |TAMS 0x0000000097600000, 0x0000000097600000| Untracked 
| 375|0x0000000097700000, 0x0000000097700000, 0x0000000097800000|  0%| F|  |TAMS 0x0000000097700000, 0x0000000097700000| Untracked 
| 376|0x0000000097800000, 0x0000000097800000, 0x0000000097900000|  0%| F|  |TAMS 0x0000000097800000, 0x0000000097800000| Untracked 
| 377|0x0000000097900000, 0x0000000097900000, 0x0000000097a00000|  0%| F|  |TAMS 0x0000000097900000, 0x0000000097900000| Untracked 
| 378|0x0000000097a00000, 0x0000000097a00000, 0x0000000097b00000|  0%| F|  |TAMS 0x0000000097a00000, 0x0000000097a00000| Untracked 
| 379|0x0000000097b00000, 0x0000000097b00000, 0x0000000097c00000|  0%| F|  |TAMS 0x0000000097b00000, 0x0000000097b00000| Untracked 
| 380|0x0000000097c00000, 0x0000000097c00000, 0x0000000097d00000|  0%| F|  |TAMS 0x0000000097c00000, 0x0000000097c00000| Untracked 
| 381|0x0000000097d00000, 0x0000000097d00000, 0x0000000097e00000|  0%| F|  |TAMS 0x0000000097d00000, 0x0000000097d00000| Untracked 
| 382|0x0000000097e00000, 0x0000000097e00000, 0x0000000097f00000|  0%| F|  |TAMS 0x0000000097e00000, 0x0000000097e00000| Untracked 
| 383|0x0000000097f00000, 0x0000000097f00000, 0x0000000098000000|  0%| F|  |TAMS 0x0000000097f00000, 0x0000000097f00000| Untracked 
| 384|0x0000000098000000, 0x0000000098000000, 0x0000000098100000|  0%| F|  |TAMS 0x0000000098000000, 0x0000000098000000| Untracked 
| 385|0x0000000098100000, 0x0000000098100000, 0x0000000098200000|  0%| F|  |TAMS 0x0000000098100000, 0x0000000098100000| Untracked 
| 386|0x0000000098200000, 0x0000000098200000, 0x0000000098300000|  0%| F|  |TAMS 0x0000000098200000, 0x0000000098200000| Untracked 
| 387|0x0000000098300000, 0x0000000098300000, 0x0000000098400000|  0%| F|  |TAMS 0x0000000098300000, 0x0000000098300000| Untracked 
| 388|0x0000000098400000, 0x0000000098400000, 0x0000000098500000|  0%| F|  |TAMS 0x0000000098400000, 0x0000000098400000| Untracked 
| 389|0x0000000098500000, 0x0000000098500000, 0x0000000098600000|  0%| F|  |TAMS 0x0000000098500000, 0x0000000098500000| Untracked 
| 390|0x0000000098600000, 0x0000000098600000, 0x0000000098700000|  0%| F|  |TAMS 0x0000000098600000, 0x0000000098600000| Untracked 
| 391|0x0000000098700000, 0x0000000098700000, 0x0000000098800000|  0%| F|  |TAMS 0x0000000098700000, 0x0000000098700000| Untracked 
| 392|0x0000000098800000, 0x0000000098800000, 0x0000000098900000|  0%| F|  |TAMS 0x0000000098800000, 0x0000000098800000| Untracked 
| 393|0x0000000098900000, 0x0000000098900000, 0x0000000098a00000|  0%| F|  |TAMS 0x0000000098900000, 0x0000000098900000| Untracked 
| 394|0x0000000098a00000, 0x0000000098a00000, 0x0000000098b00000|  0%| F|  |TAMS 0x0000000098a00000, 0x0000000098a00000| Untracked 
| 395|0x0000000098b00000, 0x0000000098b00000, 0x0000000098c00000|  0%| F|  |TAMS 0x0000000098b00000, 0x0000000098b00000| Untracked 
| 396|0x0000000098c00000, 0x0000000098c00000, 0x0000000098d00000|  0%| F|  |TAMS 0x0000000098c00000, 0x0000000098c00000| Untracked 
| 397|0x0000000098d00000, 0x0000000098d00000, 0x0000000098e00000|  0%| F|  |TAMS 0x0000000098d00000, 0x0000000098d00000| Untracked 
| 398|0x0000000098e00000, 0x0000000098e00000, 0x0000000098f00000|  0%| F|  |TAMS 0x0000000098e00000, 0x0000000098e00000| Untracked 
| 399|0x0000000098f00000, 0x0000000098f00000, 0x0000000099000000|  0%| F|  |TAMS 0x0000000098f00000, 0x0000000098f00000| Untracked 
| 400|0x0000000099000000, 0x0000000099000000, 0x0000000099100000|  0%| F|  |TAMS 0x0000000099000000, 0x0000000099000000| Untracked 
| 401|0x0000000099100000, 0x0000000099100000, 0x0000000099200000|  0%| F|  |TAMS 0x0000000099100000, 0x0000000099100000| Untracked 
| 402|0x0000000099200000, 0x0000000099200000, 0x0000000099300000|  0%| F|  |TAMS 0x0000000099200000, 0x0000000099200000| Untracked 
| 403|0x0000000099300000, 0x0000000099300000, 0x0000000099400000|  0%| F|  |TAMS 0x0000000099300000, 0x0000000099300000| Untracked 
| 404|0x0000000099400000, 0x0000000099400000, 0x0000000099500000|  0%| F|  |TAMS 0x0000000099400000, 0x0000000099400000| Untracked 
| 405|0x0000000099500000, 0x0000000099500000, 0x0000000099600000|  0%| F|  |TAMS 0x0000000099500000, 0x0000000099500000| Untracked 
| 406|0x0000000099600000, 0x0000000099600000, 0x0000000099700000|  0%| F|  |TAMS 0x0000000099600000, 0x0000000099600000| Untracked 
| 407|0x0000000099700000, 0x0000000099700000, 0x0000000099800000|  0%| F|  |TAMS 0x0000000099700000, 0x0000000099700000| Untracked 
| 408|0x0000000099800000, 0x0000000099800000, 0x0000000099900000|  0%| F|  |TAMS 0x0000000099800000, 0x0000000099800000| Untracked 
| 409|0x0000000099900000, 0x0000000099900000, 0x0000000099a00000|  0%| F|  |TAMS 0x0000000099900000, 0x0000000099900000| Untracked 
| 410|0x0000000099a00000, 0x0000000099a00000, 0x0000000099b00000|  0%| F|  |TAMS 0x0000000099a00000, 0x0000000099a00000| Untracked 
| 411|0x0000000099b00000, 0x0000000099b00000, 0x0000000099c00000|  0%| F|  |TAMS 0x0000000099b00000, 0x0000000099b00000| Untracked 
| 412|0x0000000099c00000, 0x0000000099c00000, 0x0000000099d00000|  0%| F|  |TAMS 0x0000000099c00000, 0x0000000099c00000| Untracked 
| 413|0x0000000099d00000, 0x0000000099d00000, 0x0000000099e00000|  0%| F|  |TAMS 0x0000000099d00000, 0x0000000099d00000| Untracked 
| 414|0x0000000099e00000, 0x0000000099e00000, 0x0000000099f00000|  0%| F|  |TAMS 0x0000000099e00000, 0x0000000099e00000| Untracked 
| 415|0x0000000099f00000, 0x0000000099f00000, 0x000000009a000000|  0%| F|  |TAMS 0x0000000099f00000, 0x0000000099f00000| Untracked 
| 416|0x000000009a000000, 0x000000009a000000, 0x000000009a100000|  0%| F|  |TAMS 0x000000009a000000, 0x000000009a000000| Untracked 
| 417|0x000000009a100000, 0x000000009a100000, 0x000000009a200000|  0%| F|  |TAMS 0x000000009a100000, 0x000000009a100000| Untracked 
| 418|0x000000009a200000, 0x000000009a200000, 0x000000009a300000|  0%| F|  |TAMS 0x000000009a200000, 0x000000009a200000| Untracked 
| 419|0x000000009a300000, 0x000000009a300000, 0x000000009a400000|  0%| F|  |TAMS 0x000000009a300000, 0x000000009a300000| Untracked 
| 420|0x000000009a400000, 0x000000009a400000, 0x000000009a500000|  0%| F|  |TAMS 0x000000009a400000, 0x000000009a400000| Untracked 
| 421|0x000000009a500000, 0x000000009a500000, 0x000000009a600000|  0%| F|  |TAMS 0x000000009a500000, 0x000000009a500000| Untracked 
| 422|0x000000009a600000, 0x000000009a600000, 0x000000009a700000|  0%| F|  |TAMS 0x000000009a600000, 0x000000009a600000| Untracked 
| 423|0x000000009a700000, 0x000000009a700000, 0x000000009a800000|  0%| F|  |TAMS 0x000000009a700000, 0x000000009a700000| Untracked 
| 424|0x000000009a800000, 0x000000009a800000, 0x000000009a900000|  0%| F|  |TAMS 0x000000009a800000, 0x000000009a800000| Untracked 
| 425|0x000000009a900000, 0x000000009a900000, 0x000000009aa00000|  0%| F|  |TAMS 0x000000009a900000, 0x000000009a900000| Untracked 
| 426|0x000000009aa00000, 0x000000009aa00000, 0x000000009ab00000|  0%| F|  |TAMS 0x000000009aa00000, 0x000000009aa00000| Untracked 
| 427|0x000000009ab00000, 0x000000009ab00000, 0x000000009ac00000|  0%| F|  |TAMS 0x000000009ab00000, 0x000000009ab00000| Untracked 
| 428|0x000000009ac00000, 0x000000009ac00000, 0x000000009ad00000|  0%| F|  |TAMS 0x000000009ac00000, 0x000000009ac00000| Untracked 
| 429|0x000000009ad00000, 0x000000009ad00000, 0x000000009ae00000|  0%| F|  |TAMS 0x000000009ad00000, 0x000000009ad00000| Untracked 
| 430|0x000000009ae00000, 0x000000009ae00000, 0x000000009af00000|  0%| F|  |TAMS 0x000000009ae00000, 0x000000009ae00000| Untracked 
| 431|0x000000009af00000, 0x000000009af00000, 0x000000009b000000|  0%| F|  |TAMS 0x000000009af00000, 0x000000009af00000| Untracked 
| 432|0x000000009b000000, 0x000000009b000000, 0x000000009b100000|  0%| F|  |TAMS 0x000000009b000000, 0x000000009b000000| Untracked 
| 433|0x000000009b100000, 0x000000009b100000, 0x000000009b200000|  0%| F|  |TAMS 0x000000009b100000, 0x000000009b100000| Untracked 
| 434|0x000000009b200000, 0x000000009b200000, 0x000000009b300000|  0%| F|  |TAMS 0x000000009b200000, 0x000000009b200000| Untracked 
| 435|0x000000009b300000, 0x000000009b300000, 0x000000009b400000|  0%| F|  |TAMS 0x000000009b300000, 0x000000009b300000| Untracked 
| 436|0x000000009b400000, 0x000000009b400000, 0x000000009b500000|  0%| F|  |TAMS 0x000000009b400000, 0x000000009b400000| Untracked 
| 437|0x000000009b500000, 0x000000009b500000, 0x000000009b600000|  0%| F|  |TAMS 0x000000009b500000, 0x000000009b500000| Untracked 
| 438|0x000000009b600000, 0x000000009b600000, 0x000000009b700000|  0%| F|  |TAMS 0x000000009b600000, 0x000000009b600000| Untracked 
| 439|0x000000009b700000, 0x000000009b700000, 0x000000009b800000|  0%| F|  |TAMS 0x000000009b700000, 0x000000009b700000| Untracked 
| 440|0x000000009b800000, 0x000000009b800000, 0x000000009b900000|  0%| F|  |TAMS 0x000000009b800000, 0x000000009b800000| Untracked 
| 441|0x000000009b900000, 0x000000009b900000, 0x000000009ba00000|  0%| F|  |TAMS 0x000000009b900000, 0x000000009b900000| Untracked 
| 442|0x000000009ba00000, 0x000000009ba00000, 0x000000009bb00000|  0%| F|  |TAMS 0x000000009ba00000, 0x000000009ba00000| Untracked 
| 443|0x000000009bb00000, 0x000000009bb00000, 0x000000009bc00000|  0%| F|  |TAMS 0x000000009bb00000, 0x000000009bb00000| Untracked 
| 444|0x000000009bc00000, 0x000000009bc00000, 0x000000009bd00000|  0%| F|  |TAMS 0x000000009bc00000, 0x000000009bc00000| Untracked 
| 445|0x000000009bd00000, 0x000000009bd00000, 0x000000009be00000|  0%| F|  |TAMS 0x000000009bd00000, 0x000000009bd00000| Untracked 
| 446|0x000000009be00000, 0x000000009be00000, 0x000000009bf00000|  0%| F|  |TAMS 0x000000009be00000, 0x000000009be00000| Untracked 
| 447|0x000000009bf00000, 0x000000009bf00000, 0x000000009c000000|  0%| F|  |TAMS 0x000000009bf00000, 0x000000009bf00000| Untracked 
| 448|0x000000009c000000, 0x000000009c000000, 0x000000009c100000|  0%| F|  |TAMS 0x000000009c000000, 0x000000009c000000| Untracked 
| 449|0x000000009c100000, 0x000000009c100000, 0x000000009c200000|  0%| F|  |TAMS 0x000000009c100000, 0x000000009c100000| Untracked 
| 450|0x000000009c200000, 0x000000009c200000, 0x000000009c300000|  0%| F|  |TAMS 0x000000009c200000, 0x000000009c200000| Untracked 
| 451|0x000000009c300000, 0x000000009c300000, 0x000000009c400000|  0%| F|  |TAMS 0x000000009c300000, 0x000000009c300000| Untracked 
| 452|0x000000009c400000, 0x000000009c400000, 0x000000009c500000|  0%| F|  |TAMS 0x000000009c400000, 0x000000009c400000| Untracked 
| 453|0x000000009c500000, 0x000000009c500000, 0x000000009c600000|  0%| F|  |TAMS 0x000000009c500000, 0x000000009c500000| Untracked 
| 454|0x000000009c600000, 0x000000009c600000, 0x000000009c700000|  0%| F|  |TAMS 0x000000009c600000, 0x000000009c600000| Untracked 
| 455|0x000000009c700000, 0x000000009c700000, 0x000000009c800000|  0%| F|  |TAMS 0x000000009c700000, 0x000000009c700000| Untracked 
| 456|0x000000009c800000, 0x000000009c800000, 0x000000009c900000|  0%| F|  |TAMS 0x000000009c800000, 0x000000009c800000| Untracked 
| 457|0x000000009c900000, 0x000000009c900000, 0x000000009ca00000|  0%| F|  |TAMS 0x000000009c900000, 0x000000009c900000| Untracked 
| 458|0x000000009ca00000, 0x000000009ca00000, 0x000000009cb00000|  0%| F|  |TAMS 0x000000009ca00000, 0x000000009ca00000| Untracked 
| 459|0x000000009cb00000, 0x000000009cb00000, 0x000000009cc00000|  0%| F|  |TAMS 0x000000009cb00000, 0x000000009cb00000| Untracked 
| 460|0x000000009cc00000, 0x000000009cc00000, 0x000000009cd00000|  0%| F|  |TAMS 0x000000009cc00000, 0x000000009cc00000| Untracked 
| 461|0x000000009cd00000, 0x000000009cd00000, 0x000000009ce00000|  0%| F|  |TAMS 0x000000009cd00000, 0x000000009cd00000| Untracked 
| 462|0x000000009ce00000, 0x000000009ce00000, 0x000000009cf00000|  0%| F|  |TAMS 0x000000009ce00000, 0x000000009ce00000| Untracked 
| 463|0x000000009cf00000, 0x000000009cf00000, 0x000000009d000000|  0%| F|  |TAMS 0x000000009cf00000, 0x000000009cf00000| Untracked 
| 464|0x000000009d000000, 0x000000009d000000, 0x000000009d100000|  0%| F|  |TAMS 0x000000009d000000, 0x000000009d000000| Untracked 
| 465|0x000000009d100000, 0x000000009d100000, 0x000000009d200000|  0%| F|  |TAMS 0x000000009d100000, 0x000000009d100000| Untracked 
| 466|0x000000009d200000, 0x000000009d200000, 0x000000009d300000|  0%| F|  |TAMS 0x000000009d200000, 0x000000009d200000| Untracked 
| 467|0x000000009d300000, 0x000000009d300000, 0x000000009d400000|  0%| F|  |TAMS 0x000000009d300000, 0x000000009d300000| Untracked 
| 468|0x000000009d400000, 0x000000009d400000, 0x000000009d500000|  0%| F|  |TAMS 0x000000009d400000, 0x000000009d400000| Untracked 
| 469|0x000000009d500000, 0x000000009d500000, 0x000000009d600000|  0%| F|  |TAMS 0x000000009d500000, 0x000000009d500000| Untracked 
| 470|0x000000009d600000, 0x000000009d600000, 0x000000009d700000|  0%| F|  |TAMS 0x000000009d600000, 0x000000009d600000| Untracked 
| 471|0x000000009d700000, 0x000000009d700000, 0x000000009d800000|  0%| F|  |TAMS 0x000000009d700000, 0x000000009d700000| Untracked 
| 472|0x000000009d800000, 0x000000009d800000, 0x000000009d900000|  0%| F|  |TAMS 0x000000009d800000, 0x000000009d800000| Untracked 
| 473|0x000000009d900000, 0x000000009d900000, 0x000000009da00000|  0%| F|  |TAMS 0x000000009d900000, 0x000000009d900000| Untracked 
| 474|0x000000009da00000, 0x000000009da00000, 0x000000009db00000|  0%| F|  |TAMS 0x000000009da00000, 0x000000009da00000| Untracked 
| 475|0x000000009db00000, 0x000000009db00000, 0x000000009dc00000|  0%| F|  |TAMS 0x000000009db00000, 0x000000009db00000| Untracked 
| 476|0x000000009dc00000, 0x000000009dc00000, 0x000000009dd00000|  0%| F|  |TAMS 0x000000009dc00000, 0x000000009dc00000| Untracked 
| 477|0x000000009dd00000, 0x000000009dd00000, 0x000000009de00000|  0%| F|  |TAMS 0x000000009dd00000, 0x000000009dd00000| Untracked 
| 478|0x000000009de00000, 0x000000009de00000, 0x000000009df00000|  0%| F|  |TAMS 0x000000009de00000, 0x000000009de00000| Untracked 
| 479|0x000000009df00000, 0x000000009df00000, 0x000000009e000000|  0%| F|  |TAMS 0x000000009df00000, 0x000000009df00000| Untracked 
| 480|0x000000009e000000, 0x000000009e000000, 0x000000009e100000|  0%| F|  |TAMS 0x000000009e000000, 0x000000009e000000| Untracked 
| 481|0x000000009e100000, 0x000000009e100000, 0x000000009e200000|  0%| F|  |TAMS 0x000000009e100000, 0x000000009e100000| Untracked 
| 482|0x000000009e200000, 0x000000009e200000, 0x000000009e300000|  0%| F|  |TAMS 0x000000009e200000, 0x000000009e200000| Untracked 
| 483|0x000000009e300000, 0x000000009e300000, 0x000000009e400000|  0%| F|  |TAMS 0x000000009e300000, 0x000000009e300000| Untracked 
| 484|0x000000009e400000, 0x000000009e400000, 0x000000009e500000|  0%| F|  |TAMS 0x000000009e400000, 0x000000009e400000| Untracked 
| 485|0x000000009e500000, 0x000000009e500000, 0x000000009e600000|  0%| F|  |TAMS 0x000000009e500000, 0x000000009e500000| Untracked 
| 486|0x000000009e600000, 0x000000009e600000, 0x000000009e700000|  0%| F|  |TAMS 0x000000009e600000, 0x000000009e600000| Untracked 
| 487|0x000000009e700000, 0x000000009e700000, 0x000000009e800000|  0%| F|  |TAMS 0x000000009e700000, 0x000000009e700000| Untracked 
| 488|0x000000009e800000, 0x000000009e800000, 0x000000009e900000|  0%| F|  |TAMS 0x000000009e800000, 0x000000009e800000| Untracked 
| 489|0x000000009e900000, 0x000000009e900000, 0x000000009ea00000|  0%| F|  |TAMS 0x000000009e900000, 0x000000009e900000| Untracked 
| 490|0x000000009ea00000, 0x000000009ea00000, 0x000000009eb00000|  0%| F|  |TAMS 0x000000009ea00000, 0x000000009ea00000| Untracked 
| 491|0x000000009eb00000, 0x000000009eb00000, 0x000000009ec00000|  0%| F|  |TAMS 0x000000009eb00000, 0x000000009eb00000| Untracked 
| 492|0x000000009ec00000, 0x000000009ec00000, 0x000000009ed00000|  0%| F|  |TAMS 0x000000009ec00000, 0x000000009ec00000| Untracked 
| 493|0x000000009ed00000, 0x000000009ed00000, 0x000000009ee00000|  0%| F|  |TAMS 0x000000009ed00000, 0x000000009ed00000| Untracked 
| 494|0x000000009ee00000, 0x000000009ee00000, 0x000000009ef00000|  0%| F|  |TAMS 0x000000009ee00000, 0x000000009ee00000| Untracked 
| 495|0x000000009ef00000, 0x000000009ef00000, 0x000000009f000000|  0%| F|  |TAMS 0x000000009ef00000, 0x000000009ef00000| Untracked 
| 496|0x000000009f000000, 0x000000009f000000, 0x000000009f100000|  0%| F|  |TAMS 0x000000009f000000, 0x000000009f000000| Untracked 
| 497|0x000000009f100000, 0x000000009f100000, 0x000000009f200000|  0%| F|  |TAMS 0x000000009f100000, 0x000000009f100000| Untracked 
| 498|0x000000009f200000, 0x000000009f200000, 0x000000009f300000|  0%| F|  |TAMS 0x000000009f200000, 0x000000009f200000| Untracked 
| 499|0x000000009f300000, 0x000000009f300000, 0x000000009f400000|  0%| F|  |TAMS 0x000000009f300000, 0x000000009f300000| Untracked 
| 500|0x000000009f400000, 0x000000009f400000, 0x000000009f500000|  0%| F|  |TAMS 0x000000009f400000, 0x000000009f400000| Untracked 
| 501|0x000000009f500000, 0x000000009f500000, 0x000000009f600000|  0%| F|  |TAMS 0x000000009f500000, 0x000000009f500000| Untracked 
| 502|0x000000009f600000, 0x000000009f600000, 0x000000009f700000|  0%| F|  |TAMS 0x000000009f600000, 0x000000009f600000| Untracked 
| 503|0x000000009f700000, 0x000000009f700000, 0x000000009f800000|  0%| F|  |TAMS 0x000000009f700000, 0x000000009f700000| Untracked 
| 504|0x000000009f800000, 0x000000009f800000, 0x000000009f900000|  0%| F|  |TAMS 0x000000009f800000, 0x000000009f800000| Untracked 
| 505|0x000000009f900000, 0x000000009f900000, 0x000000009fa00000|  0%| F|  |TAMS 0x000000009f900000, 0x000000009f900000| Untracked 
| 506|0x000000009fa00000, 0x000000009fa00000, 0x000000009fb00000|  0%| F|  |TAMS 0x000000009fa00000, 0x000000009fa00000| Untracked 
| 507|0x000000009fb00000, 0x000000009fb00000, 0x000000009fc00000|  0%| F|  |TAMS 0x000000009fb00000, 0x000000009fb00000| Untracked 
| 508|0x000000009fc00000, 0x000000009fc00000, 0x000000009fd00000|  0%| F|  |TAMS 0x000000009fc00000, 0x000000009fc00000| Untracked 
| 509|0x000000009fd00000, 0x000000009fd00000, 0x000000009fe00000|  0%| F|  |TAMS 0x000000009fd00000, 0x000000009fd00000| Untracked 
| 510|0x000000009fe00000, 0x000000009fe00000, 0x000000009ff00000|  0%| F|  |TAMS 0x000000009fe00000, 0x000000009fe00000| Untracked 
| 511|0x000000009ff00000, 0x000000009ff00000, 0x00000000a0000000|  0%| F|  |TAMS 0x000000009ff00000, 0x000000009ff00000| Untracked 
| 512|0x00000000a0000000, 0x00000000a0000000, 0x00000000a0100000|  0%| F|  |TAMS 0x00000000a0000000, 0x00000000a0000000| Untracked 
| 513|0x00000000a0100000, 0x00000000a0100000, 0x00000000a0200000|  0%| F|  |TAMS 0x00000000a0100000, 0x00000000a0100000| Untracked 
| 514|0x00000000a0200000, 0x00000000a0200000, 0x00000000a0300000|  0%| F|  |TAMS 0x00000000a0200000, 0x00000000a0200000| Untracked 
| 515|0x00000000a0300000, 0x00000000a0300000, 0x00000000a0400000|  0%| F|  |TAMS 0x00000000a0300000, 0x00000000a0300000| Untracked 
| 516|0x00000000a0400000, 0x00000000a0400000, 0x00000000a0500000|  0%| F|  |TAMS 0x00000000a0400000, 0x00000000a0400000| Untracked 
| 517|0x00000000a0500000, 0x00000000a0500000, 0x00000000a0600000|  0%| F|  |TAMS 0x00000000a0500000, 0x00000000a0500000| Untracked 
| 518|0x00000000a0600000, 0x00000000a0600000, 0x00000000a0700000|  0%| F|  |TAMS 0x00000000a0600000, 0x00000000a0600000| Untracked 
| 519|0x00000000a0700000, 0x00000000a0700000, 0x00000000a0800000|  0%| F|  |TAMS 0x00000000a0700000, 0x00000000a0700000| Untracked 
| 520|0x00000000a0800000, 0x00000000a0800000, 0x00000000a0900000|  0%| F|  |TAMS 0x00000000a0800000, 0x00000000a0800000| Untracked 
| 521|0x00000000a0900000, 0x00000000a0900000, 0x00000000a0a00000|  0%| F|  |TAMS 0x00000000a0900000, 0x00000000a0900000| Untracked 
| 522|0x00000000a0a00000, 0x00000000a0a00000, 0x00000000a0b00000|  0%| F|  |TAMS 0x00000000a0a00000, 0x00000000a0a00000| Untracked 
| 523|0x00000000a0b00000, 0x00000000a0b00000, 0x00000000a0c00000|  0%| F|  |TAMS 0x00000000a0b00000, 0x00000000a0b00000| Untracked 
| 524|0x00000000a0c00000, 0x00000000a0c00000, 0x00000000a0d00000|  0%| F|  |TAMS 0x00000000a0c00000, 0x00000000a0c00000| Untracked 
| 525|0x00000000a0d00000, 0x00000000a0d00000, 0x00000000a0e00000|  0%| F|  |TAMS 0x00000000a0d00000, 0x00000000a0d00000| Untracked 
| 526|0x00000000a0e00000, 0x00000000a0e00000, 0x00000000a0f00000|  0%| F|  |TAMS 0x00000000a0e00000, 0x00000000a0e00000| Untracked 
| 527|0x00000000a0f00000, 0x00000000a0f00000, 0x00000000a1000000|  0%| F|  |TAMS 0x00000000a0f00000, 0x00000000a0f00000| Untracked 
| 528|0x00000000a1000000, 0x00000000a1000000, 0x00000000a1100000|  0%| F|  |TAMS 0x00000000a1000000, 0x00000000a1000000| Untracked 
| 529|0x00000000a1100000, 0x00000000a1100000, 0x00000000a1200000|  0%| F|  |TAMS 0x00000000a1100000, 0x00000000a1100000| Untracked 
| 530|0x00000000a1200000, 0x00000000a1200000, 0x00000000a1300000|  0%| F|  |TAMS 0x00000000a1200000, 0x00000000a1200000| Untracked 
| 531|0x00000000a1300000, 0x00000000a1300000, 0x00000000a1400000|  0%| F|  |TAMS 0x00000000a1300000, 0x00000000a1300000| Untracked 
| 532|0x00000000a1400000, 0x00000000a1400000, 0x00000000a1500000|  0%| F|  |TAMS 0x00000000a1400000, 0x00000000a1400000| Untracked 
| 533|0x00000000a1500000, 0x00000000a1500000, 0x00000000a1600000|  0%| F|  |TAMS 0x00000000a1500000, 0x00000000a1500000| Untracked 
| 534|0x00000000a1600000, 0x00000000a1600000, 0x00000000a1700000|  0%| F|  |TAMS 0x00000000a1600000, 0x00000000a1600000| Untracked 
| 535|0x00000000a1700000, 0x00000000a1700000, 0x00000000a1800000|  0%| F|  |TAMS 0x00000000a1700000, 0x00000000a1700000| Untracked 
| 536|0x00000000a1800000, 0x00000000a1800000, 0x00000000a1900000|  0%| F|  |TAMS 0x00000000a1800000, 0x00000000a1800000| Untracked 
| 537|0x00000000a1900000, 0x00000000a1900000, 0x00000000a1a00000|  0%| F|  |TAMS 0x00000000a1900000, 0x00000000a1900000| Untracked 
| 538|0x00000000a1a00000, 0x00000000a1a00000, 0x00000000a1b00000|  0%| F|  |TAMS 0x00000000a1a00000, 0x00000000a1a00000| Untracked 
| 539|0x00000000a1b00000, 0x00000000a1b00000, 0x00000000a1c00000|  0%| F|  |TAMS 0x00000000a1b00000, 0x00000000a1b00000| Untracked 
| 540|0x00000000a1c00000, 0x00000000a1c00000, 0x00000000a1d00000|  0%| F|  |TAMS 0x00000000a1c00000, 0x00000000a1c00000| Untracked 
| 541|0x00000000a1d00000, 0x00000000a1d00000, 0x00000000a1e00000|  0%| F|  |TAMS 0x00000000a1d00000, 0x00000000a1d00000| Untracked 
| 542|0x00000000a1e00000, 0x00000000a1e00000, 0x00000000a1f00000|  0%| F|  |TAMS 0x00000000a1e00000, 0x00000000a1e00000| Untracked 
| 543|0x00000000a1f00000, 0x00000000a1f00000, 0x00000000a2000000|  0%| F|  |TAMS 0x00000000a1f00000, 0x00000000a1f00000| Untracked 
| 544|0x00000000a2000000, 0x00000000a2000000, 0x00000000a2100000|  0%| F|  |TAMS 0x00000000a2000000, 0x00000000a2000000| Untracked 
| 545|0x00000000a2100000, 0x00000000a2100000, 0x00000000a2200000|  0%| F|  |TAMS 0x00000000a2100000, 0x00000000a2100000| Untracked 
| 546|0x00000000a2200000, 0x00000000a2200000, 0x00000000a2300000|  0%| F|  |TAMS 0x00000000a2200000, 0x00000000a2200000| Untracked 
| 547|0x00000000a2300000, 0x00000000a2300000, 0x00000000a2400000|  0%| F|  |TAMS 0x00000000a2300000, 0x00000000a2300000| Untracked 
| 548|0x00000000a2400000, 0x00000000a2400000, 0x00000000a2500000|  0%| F|  |TAMS 0x00000000a2400000, 0x00000000a2400000| Untracked 
| 549|0x00000000a2500000, 0x00000000a2500000, 0x00000000a2600000|  0%| F|  |TAMS 0x00000000a2500000, 0x00000000a2500000| Untracked 
| 550|0x00000000a2600000, 0x00000000a2600000, 0x00000000a2700000|  0%| F|  |TAMS 0x00000000a2600000, 0x00000000a2600000| Untracked 
| 551|0x00000000a2700000, 0x00000000a2700000, 0x00000000a2800000|  0%| F|  |TAMS 0x00000000a2700000, 0x00000000a2700000| Untracked 
| 552|0x00000000a2800000, 0x00000000a2800000, 0x00000000a2900000|  0%| F|  |TAMS 0x00000000a2800000, 0x00000000a2800000| Untracked 
| 553|0x00000000a2900000, 0x00000000a2900000, 0x00000000a2a00000|  0%| F|  |TAMS 0x00000000a2900000, 0x00000000a2900000| Untracked 
| 554|0x00000000a2a00000, 0x00000000a2a00000, 0x00000000a2b00000|  0%| F|  |TAMS 0x00000000a2a00000, 0x00000000a2a00000| Untracked 
| 555|0x00000000a2b00000, 0x00000000a2b00000, 0x00000000a2c00000|  0%| F|  |TAMS 0x00000000a2b00000, 0x00000000a2b00000| Untracked 
| 556|0x00000000a2c00000, 0x00000000a2c00000, 0x00000000a2d00000|  0%| F|  |TAMS 0x00000000a2c00000, 0x00000000a2c00000| Untracked 
| 557|0x00000000a2d00000, 0x00000000a2d00000, 0x00000000a2e00000|  0%| F|  |TAMS 0x00000000a2d00000, 0x00000000a2d00000| Untracked 
| 558|0x00000000a2e00000, 0x00000000a2e00000, 0x00000000a2f00000|  0%| F|  |TAMS 0x00000000a2e00000, 0x00000000a2e00000| Untracked 
| 559|0x00000000a2f00000, 0x00000000a2f00000, 0x00000000a3000000|  0%| F|  |TAMS 0x00000000a2f00000, 0x00000000a2f00000| Untracked 
| 560|0x00000000a3000000, 0x00000000a3000000, 0x00000000a3100000|  0%| F|  |TAMS 0x00000000a3000000, 0x00000000a3000000| Untracked 
| 561|0x00000000a3100000, 0x00000000a3100000, 0x00000000a3200000|  0%| F|  |TAMS 0x00000000a3100000, 0x00000000a3100000| Untracked 
| 562|0x00000000a3200000, 0x00000000a3298e18, 0x00000000a3300000| 59%| E|  |TAMS 0x00000000a3200000, 0x00000000a3200000| Complete 
| 563|0x00000000a3300000, 0x00000000a3400000, 0x00000000a3400000|100%| E|CS|TAMS 0x00000000a3300000, 0x00000000a3300000| Complete 
| 564|0x00000000a3400000, 0x00000000a3500000, 0x00000000a3500000|100%| E|CS|TAMS 0x00000000a3400000, 0x00000000a3400000| Complete 
| 565|0x00000000a3500000, 0x00000000a3600000, 0x00000000a3600000|100%| E|CS|TAMS 0x00000000a3500000, 0x00000000a3500000| Complete 
| 566|0x00000000a3600000, 0x00000000a3700000, 0x00000000a3700000|100%| E|CS|TAMS 0x00000000a3600000, 0x00000000a3600000| Complete 
| 567|0x00000000a3700000, 0x00000000a3800000, 0x00000000a3800000|100%| E|CS|TAMS 0x00000000a3700000, 0x00000000a3700000| Complete 
| 568|0x00000000a3800000, 0x00000000a3900000, 0x00000000a3900000|100%| E|CS|TAMS 0x00000000a3800000, 0x00000000a3800000| Complete 
| 569|0x00000000a3900000, 0x00000000a3a00000, 0x00000000a3a00000|100%| E|CS|TAMS 0x00000000a3900000, 0x00000000a3900000| Complete 
| 570|0x00000000a3a00000, 0x00000000a3b00000, 0x00000000a3b00000|100%| E|CS|TAMS 0x00000000a3a00000, 0x00000000a3a00000| Complete 
| 571|0x00000000a3b00000, 0x00000000a3c00000, 0x00000000a3c00000|100%| E|CS|TAMS 0x00000000a3b00000, 0x00000000a3b00000| Complete 
| 572|0x00000000a3c00000, 0x00000000a3d00000, 0x00000000a3d00000|100%| E|CS|TAMS 0x00000000a3c00000, 0x00000000a3c00000| Complete 
| 573|0x00000000a3d00000, 0x00000000a3e00000, 0x00000000a3e00000|100%| E|CS|TAMS 0x00000000a3d00000, 0x00000000a3d00000| Complete 

Card table byte_map: [0x0000024c1cc20000,0x0000024c1d020000] _byte_map_base: 0x0000024c1c820000

Marking Bits (Prev, Next): (CMBitMap*) 0x0000024c03d88a10, (CMBitMap*) 0x0000024c03d88a50
 Prev Bits: [0x0000024c1d420000, 0x0000024c1f420000)
 Next Bits: [0x0000024c1f420000, 0x0000024c21420000)

Polling page: 0x0000024c03df0000

Metaspace:

Usage:
  Non-class:    109.47 MB used.
      Class:     17.78 MB used.
       Both:    127.25 MB used.

Virtual space:
  Non-class space:      128.00 MB reserved,     110.56 MB ( 86%) committed,  2 nodes.
      Class space:      416.00 MB reserved,      18.69 MB (  4%) committed,  1 nodes.
             Both:      544.00 MB reserved,     129.25 MB ( 24%) committed. 

Chunk freelists:
   Non-Class:  1.13 MB
       Class:  13.35 MB
        Both:  14.48 MB

MaxMetaspaceSize: 512.00 MB
CompressedClassSpaceSize: 416.00 MB
Initial GC threshold: 21.00 MB
Current GC threshold: 215.44 MB
CDS: on
MetaspaceReclaimPolicy: balanced
 - commit_granule_bytes: 65536.
 - commit_granule_words: 8192.
 - virtual_space_node_default_size: 8388608.
 - enlarge_chunks_in_place: 1.
 - new_chunks_are_fully_committed: 0.
 - uncommit_free_chunks: 1.
 - use_allocation_guard: 0.
 - handle_deallocations: 1.


Internal statistics:

num_allocs_failed_limit: 9.
num_arena_births: 2574.
num_arena_deaths: 6.
num_vsnodes_births: 3.
num_vsnodes_deaths: 0.
num_space_committed: 2068.
num_space_uncommitted: 0.
num_chunks_returned_to_freelist: 27.
num_chunks_taken_from_freelist: 8775.
num_chunk_merges: 10.
num_chunk_splits: 5406.
num_chunks_enlarged: 3090.
num_inconsistent_stats: 0.

CodeHeap 'non-profiled nmethods': size=120000Kb used=13354Kb max_used=13354Kb free=106645Kb
 bounds [0x0000024c14880000, 0x0000024c15590000, 0x0000024c1bdb0000]
CodeHeap 'profiled nmethods': size=120000Kb used=34933Kb max_used=34933Kb free=85066Kb
 bounds [0x0000024c0cdb0000, 0x0000024c0efd0000, 0x0000024c142e0000]
CodeHeap 'non-nmethods': size=5760Kb used=2503Kb max_used=2568Kb free=3256Kb
 bounds [0x0000024c142e0000, 0x0000024c14580000, 0x0000024c14880000]
 total_blobs=18479 nmethods=17442 adapters=948
 compilation: enabled
              stopped_count=0, restarted_count=0
 full_count=0

Compilation events (20 events):
Event: 95.455 Thread 0x0000024c23ed9cc0 21371       3       org.gradle.api.internal.artifacts.ivyservice.resolveengine.graph.conflicts.DefaultConflictHandler::hasKnownConflictFor (14 bytes)
Event: 95.457 Thread 0x0000024c23ed9cc0 nmethod 21371 0x0000024c0efb5e90 code [0x0000024c0efb6120, 0x0000024c0efb6f88]
Event: 95.457 Thread 0x0000024c23ed9cc0 21372       3       org.gradle.api.internal.artifacts.ivyservice.resolveengine.graph.conflicts.DefaultConflictHandler$$Lambda$782/0x0000024c255db050::<init> (10 bytes)
Event: 95.457 Thread 0x0000024c23ed9cc0 nmethod 21372 0x0000024c0efb7410 code [0x0000024c0efb75a0, 0x0000024c0efb7758]
Event: 95.457 Thread 0x0000024c23ed9cc0 21373       3       org.gradle.internal.resource.local.LocalFileStandInExternalResource::<init> (20 bytes)
Event: 95.457 Thread 0x0000024c23ed9cc0 nmethod 21373 0x0000024c0efb7810 code [0x0000024c0efb79c0, 0x0000024c0efb7c98]
Event: 95.465 Thread 0x0000024c23ed9cc0 21374       3       org.gradle.api.internal.artifacts.ivyservice.ivyresolve.LocalModuleComponentRepository$LocalAccess::estimateMetadataFetchingCost (19 bytes)
Event: 95.465 Thread 0x0000024c23ed9cc0 nmethod 21374 0x0000024c0efb7d90 code [0x0000024c0efb7f40, 0x0000024c0efb81f8]
Event: 95.465 Thread 0x0000024c23ed9cc0 21375       3       org.gradle.api.internal.artifacts.ivyservice.ivyresolve.CachingModuleComponentRepository$ResolveAndCacheRepositoryAccess::estimateMetadataFetchingCost (19 bytes)
Event: 95.465 Thread 0x0000024c23ed9cc0 nmethod 21375 0x0000024c0efb8310 code [0x0000024c0efb84c0, 0x0000024c0efb8778]
Event: 95.465 Thread 0x0000024c23ed9cc0 21376       3       org.gradle.api.internal.artifacts.repositories.resolver.ExternalResourceResolver$LocalRepositoryAccess::estimateMetadataFetchingCost (4 bytes)
Event: 95.465 Thread 0x0000024c23ed9cc0 nmethod 21376 0x0000024c0efb8890 code [0x0000024c0efb8a20, 0x0000024c0efb8b38]
Event: 95.466 Thread 0x0000024c23ed9cc0 21377       3       org.gradle.api.internal.artifacts.ivyservice.ivyresolve.FilteredModuleComponentRepository$FilteringAccess$$Lambda$2636/0x0000024c261ec458::run (20 bytes)
Event: 95.466 Thread 0x0000024c23ed9cc0 nmethod 21377 0x0000024c0efb8c10 code [0x0000024c0efb8dc0, 0x0000024c0efb9028]
Event: 95.466 Thread 0x0000024c23ed9cc0 21379       3       org.gradle.internal.component.model.MultipleCandidateMatcher::getCandidateValues (122 bytes)
Event: 95.467 Thread 0x0000024c23ed9cc0 nmethod 21379 0x0000024c0efb9190 code [0x0000024c0efb9480, 0x0000024c0efba4f8]
Event: 95.467 Thread 0x0000024c23ed9cc0 21378       3       org.gradle.api.internal.artifacts.ivyservice.ivyresolve.FilteredModuleComponentRepository$FilteringAccess::lambda$resolveComponentMetaData$2 (13 bytes)
Event: 95.467 Thread 0x0000024c23ed9cc0 nmethod 21378 0x0000024c0efbaa10 code [0x0000024c0efbabc0, 0x0000024c0efbad88]
Event: 95.467 Thread 0x0000024c23ed9cc0 21380       1       org.gradle.internal.component.model.DefaultMultipleCandidateResult::getConsumerValue (5 bytes)
Event: 95.467 Thread 0x0000024c23ed9cc0 nmethod 21380 0x0000024c15588610 code [0x0000024c155887a0, 0x0000024c15588878]

GC Heap History (20 events):
Event: 89.040 GC heap before
{Heap before GC invocations=102 (full 0):
 garbage-first heap   total 382976K, used 332927K [0x0000000080000000, 0x0000000100000000)
  region size 1024K, 27 young (27648K), 3 survivors (3072K)
 Metaspace       used 122146K, committed 124096K, reserved 557056K
  class space    used 17240K, committed 18112K, reserved 425984K
}
Event: 89.048 GC heap after
{Heap after GC invocations=103 (full 0):
 garbage-first heap   total 382976K, used 312370K [0x0000000080000000, 0x0000000100000000)
  region size 1024K, 4 young (4096K), 4 survivors (4096K)
 Metaspace       used 122146K, committed 124096K, reserved 557056K
  class space    used 17240K, committed 18112K, reserved 425984K
}
Event: 89.633 GC heap before
{Heap before GC invocations=103 (full 0):
 garbage-first heap   total 382976K, used 333874K [0x0000000080000000, 0x0000000100000000)
  region size 1024K, 25 young (25600K), 4 survivors (4096K)
 Metaspace       used 122318K, committed 124224K, reserved 557056K
  class space    used 17253K, committed 18112K, reserved 425984K
}
Event: 89.643 GC heap after
{Heap after GC invocations=104 (full 0):
 garbage-first heap   total 382976K, used 315721K [0x0000000080000000, 0x0000000100000000)
  region size 1024K, 4 young (4096K), 4 survivors (4096K)
 Metaspace       used 122318K, committed 124224K, reserved 557056K
  class space    used 17253K, committed 18112K, reserved 425984K
}
Event: 90.305 GC heap before
{Heap before GC invocations=104 (full 0):
 garbage-first heap   total 382976K, used 333129K [0x0000000080000000, 0x0000000100000000)
  region size 1024K, 22 young (22528K), 4 survivors (4096K)
 Metaspace       used 123583K, committed 125568K, reserved 557056K
  class space    used 17409K, committed 18304K, reserved 425984K
}
Event: 90.314 GC heap after
{Heap after GC invocations=105 (full 0):
 garbage-first heap   total 382976K, used 318451K [0x0000000080000000, 0x0000000100000000)
  region size 1024K, 3 young (3072K), 3 survivors (3072K)
 Metaspace       used 123583K, committed 125568K, reserved 557056K
  class space    used 17409K, committed 18304K, reserved 425984K
}
Event: 90.885 GC heap before
{Heap before GC invocations=105 (full 0):
 garbage-first heap   total 382976K, used 334835K [0x0000000080000000, 0x0000000100000000)
  region size 1024K, 20 young (20480K), 3 survivors (3072K)
 Metaspace       used 126382K, committed 128320K, reserved 557056K
  class space    used 17737K, committed 18560K, reserved 425984K
}
Event: 90.891 GC heap after
{Heap after GC invocations=106 (full 0):
 garbage-first heap   total 382976K, used 321385K [0x0000000080000000, 0x0000000100000000)
  region size 1024K, 3 young (3072K), 3 survivors (3072K)
 Metaspace       used 126382K, committed 128320K, reserved 557056K
  class space    used 17737K, committed 18560K, reserved 425984K
}
Event: 92.051 GC heap before
{Heap before GC invocations=106 (full 0):
 garbage-first heap   total 382976K, used 335721K [0x0000000080000000, 0x0000000100000000)
  region size 1024K, 18 young (18432K), 3 survivors (3072K)
 Metaspace       used 129163K, committed 131136K, reserved 557056K
  class space    used 18099K, committed 18944K, reserved 425984K
}
Event: 92.058 GC heap after
{Heap after GC invocations=107 (full 0):
 garbage-first heap   total 382976K, used 322759K [0x0000000080000000, 0x0000000100000000)
  region size 1024K, 2 young (2048K), 2 survivors (2048K)
 Metaspace       used 129163K, committed 131136K, reserved 557056K
  class space    used 18099K, committed 18944K, reserved 425984K
}
Event: 93.016 GC heap before
{Heap before GC invocations=107 (full 0):
 garbage-first heap   total 382976K, used 339143K [0x0000000080000000, 0x0000000100000000)
  region size 1024K, 18 young (18432K), 2 survivors (2048K)
 Metaspace       used 129269K, committed 131200K, reserved 557056K
  class space    used 18110K, committed 18944K, reserved 425984K
}
Event: 93.024 GC heap after
{Heap after GC invocations=108 (full 0):
 garbage-first heap   total 382976K, used 326431K [0x0000000080000000, 0x0000000100000000)
  region size 1024K, 3 young (3072K), 3 survivors (3072K)
 Metaspace       used 129269K, committed 131200K, reserved 557056K
  class space    used 18110K, committed 18944K, reserved 425984K
}
Event: 93.506 GC heap before
{Heap before GC invocations=108 (full 0):
 garbage-first heap   total 382976K, used 341791K [0x0000000080000000, 0x0000000100000000)
  region size 1024K, 18 young (18432K), 3 survivors (3072K)
 Metaspace       used 129448K, committed 131456K, reserved 557056K
  class space    used 18121K, committed 19008K, reserved 425984K
}
Event: 93.514 GC heap after
{Heap after GC invocations=109 (full 0):
 garbage-first heap   total 382976K, used 332996K [0x0000000080000000, 0x0000000100000000)
  region size 1024K, 3 young (3072K), 3 survivors (3072K)
 Metaspace       used 129448K, committed 131456K, reserved 557056K
  class space    used 18121K, committed 19008K, reserved 425984K
}
Event: 93.868 GC heap before
{Heap before GC invocations=109 (full 0):
 garbage-first heap   total 382976K, used 348356K [0x0000000080000000, 0x0000000100000000)
  region size 1024K, 18 young (18432K), 3 survivors (3072K)
 Metaspace       used 129637K, committed 131648K, reserved 557056K
  class space    used 18139K, committed 19008K, reserved 425984K
}
Event: 93.876 GC heap after
{Heap after GC invocations=110 (full 0):
 garbage-first heap   total 382976K, used 338567K [0x0000000080000000, 0x0000000100000000)
  region size 1024K, 3 young (3072K), 3 survivors (3072K)
 Metaspace       used 129637K, committed 131648K, reserved 557056K
  class space    used 18139K, committed 19008K, reserved 425984K
}
Event: 94.111 GC heap before
{Heap before GC invocations=110 (full 0):
 garbage-first heap   total 382976K, used 353927K [0x0000000080000000, 0x0000000100000000)
  region size 1024K, 18 young (18432K), 3 survivors (3072K)
 Metaspace       used 129861K, committed 131840K, reserved 557056K
  class space    used 18169K, committed 19072K, reserved 425984K
}
Event: 94.120 GC heap after
{Heap after GC invocations=111 (full 0):
 garbage-first heap   total 382976K, used 342399K [0x0000000080000000, 0x0000000100000000)
  region size 1024K, 3 young (3072K), 3 survivors (3072K)
 Metaspace       used 129861K, committed 131840K, reserved 557056K
  class space    used 18169K, committed 19072K, reserved 425984K
}
Event: 94.463 GC heap before
{Heap before GC invocations=111 (full 0):
 garbage-first heap   total 382976K, used 357759K [0x0000000080000000, 0x0000000100000000)
  region size 1024K, 18 young (18432K), 3 survivors (3072K)
 Metaspace       used 130165K, committed 132224K, reserved 557056K
  class space    used 18211K, committed 19136K, reserved 425984K
}
Event: 94.469 GC heap after
{Heap after GC invocations=112 (full 0):
 garbage-first heap   total 382976K, used 345393K [0x0000000080000000, 0x0000000100000000)
  region size 1024K, 3 young (3072K), 3 survivors (3072K)
 Metaspace       used 130165K, committed 132224K, reserved 557056K
  class space    used 18211K, committed 19136K, reserved 425984K
}

Deoptimization events (20 events):
Event: 94.066 Thread 0x0000024c44c576a0 DEOPT PACKING pc=0x0000024c0ec9cf2a sp=0x00000098650f9ae0
Event: 94.066 Thread 0x0000024c44c576a0 DEOPT UNPACKING pc=0x0000024c143366e3 sp=0x00000098650f8ff0 mode 0
Event: 94.109 Thread 0x0000024c44c576a0 DEOPT PACKING pc=0x0000024c0ec9cf2a sp=0x00000098650f9b90
Event: 94.109 Thread 0x0000024c44c576a0 DEOPT UNPACKING pc=0x0000024c143366e3 sp=0x00000098650f90a0 mode 0
Event: 94.174 Thread 0x0000024c44c576a0 Uncommon trap: trap_request=0xffffff6e fr.pc=0x0000024c15539568 relative=0x00000000000000e8
Event: 94.174 Thread 0x0000024c44c576a0 Uncommon trap: reason=loop_limit_check action=maybe_recompile pc=0x0000024c15539568 method=java.util.BitSet.recalculateWordsInUse()V @ 8 c2
Event: 94.174 Thread 0x0000024c44c576a0 DEOPT PACKING pc=0x0000024c15539568 sp=0x00000098650f9ce0
Event: 94.174 Thread 0x0000024c44c576a0 DEOPT UNPACKING pc=0x0000024c14335ba3 sp=0x00000098650f9c70 mode 2
Event: 94.181 Thread 0x0000024c44c576a0 Uncommon trap: trap_request=0xffffff6e fr.pc=0x0000024c15538dd8 relative=0x0000000000000278
Event: 94.181 Thread 0x0000024c44c576a0 Uncommon trap: reason=loop_limit_check action=maybe_recompile pc=0x0000024c15538dd8 method=java.util.BitSet.recalculateWordsInUse()V @ 8 c2
Event: 94.181 Thread 0x0000024c44c576a0 DEOPT PACKING pc=0x0000024c15538dd8 sp=0x00000098650f9e80
Event: 94.181 Thread 0x0000024c44c576a0 DEOPT UNPACKING pc=0x0000024c14335ba3 sp=0x00000098650f9d30 mode 2
Event: 94.512 Thread 0x0000024c44c576a0 DEOPT PACKING pc=0x0000024c0cf5f608 sp=0x00000098650f9b60
Event: 94.512 Thread 0x0000024c44c576a0 DEOPT UNPACKING pc=0x0000024c143366e3 sp=0x00000098650f9080 mode 0
Event: 94.592 Thread 0x0000024c44c576a0 Uncommon trap: trap_request=0xffffffbe fr.pc=0x0000024c152c5dcc relative=0x0000000000001aac
Event: 94.593 Thread 0x0000024c44c576a0 Uncommon trap: reason=profile_predicate action=maybe_recompile pc=0x0000024c152c5dcc method=com.google.common.collect.MapMakerInternalMap$Segment.expand()V @ 59 c2
Event: 94.593 Thread 0x0000024c44c576a0 DEOPT PACKING pc=0x0000024c152c5dcc sp=0x00000098650f9b60
Event: 94.593 Thread 0x0000024c44c576a0 DEOPT UNPACKING pc=0x0000024c14335ba3 sp=0x00000098650f9b08 mode 2
Event: 95.402 Thread 0x0000024c44c576a0 DEOPT PACKING pc=0x0000024c0ec9cf2a sp=0x00000098650f75e0
Event: 95.402 Thread 0x0000024c44c576a0 DEOPT UNPACKING pc=0x0000024c143366e3 sp=0x00000098650f6af0 mode 0

Classes unloaded (20 events):
Event: 66.887 Thread 0x0000024c23eaf3a0 Unloading class 0x0000024c25b45770 '_BuildScript_$_run_closure2$_closure7'
Event: 66.887 Thread 0x0000024c23eaf3a0 Unloading class 0x0000024c25b45388 '_BuildScript_$_run_closure2$_closure6$_closure8'
Event: 66.887 Thread 0x0000024c23eaf3a0 Unloading class 0x0000024c25b44fa0 '_BuildScript_$_run_closure2$_closure6'
Event: 66.887 Thread 0x0000024c23eaf3a0 Unloading class 0x0000024c25b44bb8 '_BuildScript_$_run_closure2$_closure5'
Event: 66.887 Thread 0x0000024c23eaf3a0 Unloading class 0x0000024c25b447d0 '_BuildScript_$_run_closure2$_closure4'
Event: 66.887 Thread 0x0000024c23eaf3a0 Unloading class 0x0000024c25b443e8 '_BuildScript_$_run_closure2'
Event: 66.887 Thread 0x0000024c23eaf3a0 Unloading class 0x0000024c25b44000 '_BuildScript_$_run_closure1'
Event: 66.887 Thread 0x0000024c23eaf3a0 Unloading class 0x0000024c25b38800 '_BuildScript_'
Event: 94.695 Thread 0x0000024c23eaf3a0 Unloading class 0x0000024c25f82bb8 '_BuildScript_$_run_closure3'
Event: 94.695 Thread 0x0000024c23eaf3a0 Unloading class 0x0000024c25f827d0 '_BuildScript_$_run_closure2$_closure7'
Event: 94.695 Thread 0x0000024c23eaf3a0 Unloading class 0x0000024c25f823e8 '_BuildScript_$_run_closure2'
Event: 94.695 Thread 0x0000024c23eaf3a0 Unloading class 0x0000024c25f82000 '_BuildScript_$_run_closure1$_closure6'
Event: 94.695 Thread 0x0000024c23eaf3a0 Unloading class 0x0000024c25f3bc00 '_BuildScript_$_run_closure1$_closure5'
Event: 94.695 Thread 0x0000024c23eaf3a0 Unloading class 0x0000024c25f81928 '_BuildScript_$_run_closure1$_closure4'
Event: 94.695 Thread 0x0000024c23eaf3a0 Unloading class 0x0000024c25f81540 '_BuildScript_$_run_closure1'
Event: 94.695 Thread 0x0000024c23eaf3a0 Unloading class 0x0000024c25f81000 '_BuildScript_'
Event: 94.695 Thread 0x0000024c23eaf3a0 Unloading class 0x0000024c25f3b000 '_BuildScript_$_run_closure1$_closure3'
Event: 94.695 Thread 0x0000024c23eaf3a0 Unloading class 0x0000024c25f3a920 '_BuildScript_$_run_closure1$_closure2'
Event: 94.695 Thread 0x0000024c23eaf3a0 Unloading class 0x0000024c25f3a538 '_BuildScript_$_run_closure1'
Event: 94.695 Thread 0x0000024c23eaf3a0 Unloading class 0x0000024c25f3a000 '_BuildScript_'

Classes redefined (0 events):
No events

Internal exceptions (20 events):
Event: 88.785 Thread 0x0000024c44c576a0 Exception <a 'java/lang/ClassNotFoundException'{0x0000000096932400}: org/gradle/api/internal/AbstractPolymorphicDomainObjectContainerBeanInfo> (0x0000000096932400) 
thrown [s\open\src\hotspot\share\classfile\systemDictionary.cpp, line 256]
Event: 88.785 Thread 0x0000024c44c576a0 Exception <a 'java/lang/ClassNotFoundException'{0x0000000096942e40}: org/gradle/api/internal/AbstractPolymorphicDomainObjectContainerCustomizer> (0x0000000096942e40) 
thrown [s\open\src\hotspot\share\classfile\systemDictionary.cpp, line 256]
Event: 88.787 Thread 0x0000024c44c576a0 Exception <a 'java/lang/ClassNotFoundException'{0x00000000969678c0}: org/gradle/api/internal/DefaultPolymorphicDomainObjectContainerCustomizer> (0x00000000969678c0) 
thrown [s\open\src\hotspot\share\classfile\systemDictionary.cpp, line 256]
Event: 88.788 Thread 0x0000024c44c576a0 Exception <a 'java/lang/ClassNotFoundException'{0x000000009698e378}: org/gradle/api/publish/internal/DefaultPublicationContainerCustomizer> (0x000000009698e378) 
thrown [s\open\src\hotspot\share\classfile\systemDictionary.cpp, line 256]
Event: 88.789 Thread 0x0000024c44c576a0 Exception <a 'java/lang/ClassNotFoundException'{0x00000000969ad270}: org/gradle/api/publish/internal/DefaultPublicationContainer_DecoratedCustomizer> (0x00000000969ad270) 
thrown [s\open\src\hotspot\share\classfile\systemDictionary.cpp, line 256]
Event: 88.893 Thread 0x0000024c44c576a0 Exception <a 'java/lang/ClassNotFoundException'{0x00000000964b89d0}: org/gradle/api/publish/maven/internal/publication/DefaultMavenPublication_DecoratedBeanInfo> (0x00000000964b89d0) 
thrown [s\open\src\hotspot\share\classfile\systemDictionary.cpp, line 256]
Event: 88.894 Thread 0x0000024c44c576a0 Exception <a 'java/lang/ClassNotFoundException'{0x00000000964cd140}: org/gradle/api/publish/maven/internal/publication/DefaultMavenPublicationBeanInfo> (0x00000000964cd140) 
thrown [s\open\src\hotspot\share\classfile\systemDictionary.cpp, line 256]
Event: 88.895 Thread 0x0000024c44c576a0 Exception <a 'java/lang/ClassNotFoundException'{0x00000000964e1658}: org/gradle/api/publish/maven/internal/publication/DefaultMavenPublicationCustomizer> (0x00000000964e1658) 
thrown [s\open\src\hotspot\share\classfile\systemDictionary.cpp, line 256]
Event: 88.897 Thread 0x0000024c44c576a0 Exception <a 'java/lang/ClassNotFoundException'{0x000000009631d478}: org/gradle/api/publish/maven/internal/publication/DefaultMavenPublication_DecoratedCustomizer> (0x000000009631d478) 
thrown [s\open\src\hotspot\share\classfile\systemDictionary.cpp, line 256]
Event: 88.950 Thread 0x0000024c44c576a0 Exception <a 'java/lang/ClassNotFoundException'{0x00000000962fe1a8}: build_5b9vazbf3ihn87np65ewiutuxBeanInfo> (0x00000000962fe1a8) 
thrown [s\open\src\hotspot\share\classfile\systemDictionary.cpp, line 256]
Event: 88.950 Thread 0x0000024c44c576a0 Exception <a 'java/lang/ClassNotFoundException'{0x0000000096105880}: build_5b9vazbf3ihn87np65ewiutuxCustomizer> (0x0000000096105880) 
thrown [s\open\src\hotspot\share\classfile\systemDictionary.cpp, line 256]
Event: 88.995 Thread 0x0000024c44c576a0 Exception <a 'java/lang/ClassNotFoundException'{0x000000009609bb48}: build_5b9vazbf3ihn87np65ewiutux$_run_closure1BeanInfo> (0x000000009609bb48) 
thrown [s\open\src\hotspot\share\classfile\systemDictionary.cpp, line 256]
Event: 88.996 Thread 0x0000024c44c576a0 Exception <a 'java/lang/ClassNotFoundException'{0x00000000960a70b8}: build_5b9vazbf3ihn87np65ewiutux$_run_closure1Customizer> (0x00000000960a70b8) 
thrown [s\open\src\hotspot\share\classfile\systemDictionary.cpp, line 256]
Event: 90.080 Thread 0x0000024c44c576a0 Exception <a 'java/lang/NoSuchMethodError'{0x00000000969c8dc0}: 'int java.lang.invoke.DirectMethodHandle$Holder.invokeSpecial(java.lang.Object, java.lang.Object, int)'> (0x00000000969c8dc0) 
thrown [s\open\src\hotspot\share\interpreter\linkResolver.cpp, line 759]
Event: 90.565 Thread 0x0000024c44c576a0 Exception <a 'sun/nio/fs/WindowsException'{0x0000000096fb4940}> (0x0000000096fb4940) 
thrown [s\open\src\hotspot\share\prims\jni.cpp, line 516]
Event: 93.338 Thread 0x0000024c44c576a0 Implicit null exception at 0x0000024c154c00de to 0x0000024c154c018c
Event: 94.499 Thread 0x0000024c44c576a0 Exception <a 'sun/nio/fs/WindowsException'{0x00000000975c5650}> (0x00000000975c5650) 
thrown [s\open\src\hotspot\share\prims\jni.cpp, line 516]
Event: 94.499 Thread 0x0000024c44c576a0 Exception <a 'sun/nio/fs/WindowsException'{0x00000000975c6c68}> (0x00000000975c6c68) 
thrown [s\open\src\hotspot\share\prims\jni.cpp, line 516]
Event: 94.500 Thread 0x0000024c44c576a0 Exception <a 'sun/nio/fs/WindowsException'{0x00000000975c82d0}> (0x00000000975c82d0) 
thrown [s\open\src\hotspot\share\prims\jni.cpp, line 516]
Event: 94.500 Thread 0x0000024c44c576a0 Exception <a 'sun/nio/fs/WindowsException'{0x00000000975c9938}> (0x00000000975c9938) 
thrown [s\open\src\hotspot\share\prims\jni.cpp, line 516]

VM Operations (20 events):
Event: 92.586 Executing VM operation: HandshakeAllThreads
Event: 92.587 Executing VM operation: HandshakeAllThreads done
Event: 92.776 Executing VM operation: ICBufferFull
Event: 92.777 Executing VM operation: ICBufferFull done
Event: 93.016 Executing VM operation: G1CollectForAllocation
Event: 93.024 Executing VM operation: G1CollectForAllocation done
Event: 93.505 Executing VM operation: G1CollectForAllocation
Event: 93.514 Executing VM operation: G1CollectForAllocation done
Event: 93.841 Executing VM operation: ICBufferFull
Event: 93.841 Executing VM operation: ICBufferFull done
Event: 93.868 Executing VM operation: G1CollectForAllocation
Event: 93.876 Executing VM operation: G1CollectForAllocation done
Event: 94.111 Executing VM operation: G1CollectForAllocation
Event: 94.120 Executing VM operation: G1CollectForAllocation done
Event: 94.463 Executing VM operation: G1CollectForAllocation
Event: 94.469 Executing VM operation: G1CollectForAllocation done
Event: 94.694 Executing VM operation: G1Concurrent
Event: 94.972 Executing VM operation: G1Concurrent done
Event: 95.244 Executing VM operation: G1Concurrent
Event: 95.292 Executing VM operation: G1Concurrent done

Events (20 events):
Event: 91.559 loading class sun/security/ssl/NewSessionTicket$NewSessionTicketMessage done
Event: 91.559 loading class sun/security/ssl/NewSessionTicket$T13NewSessionTicketMessage done
Event: 91.584 loading class java/nio/charset/UnsupportedCharsetException
Event: 91.584 loading class java/nio/charset/UnsupportedCharsetException done
Event: 91.782 loading class java/text/CalendarBuilder
Event: 91.784 loading class java/text/CalendarBuilder done
Event: 92.597 Thread 0x0000024c23eead90 flushing nmethod 0x0000024c0ce88e90
Event: 92.605 Thread 0x0000024c23eead90 flushing nmethod 0x0000024c0d4b3d10
Event: 92.608 Thread 0x0000024c23eead90 flushing nmethod 0x0000024c0d707f10
Event: 92.611 Thread 0x0000024c23eead90 flushing nmethod 0x0000024c0da17610
Event: 92.611 Thread 0x0000024c23eead90 flushing nmethod 0x0000024c0da62010
Event: 92.613 Thread 0x0000024c23eead90 flushing nmethod 0x0000024c0dc28110
Event: 92.614 Thread 0x0000024c23eead90 flushing nmethod 0x0000024c0dd3f610
Event: 92.614 Thread 0x0000024c23eead90 flushing nmethod 0x0000024c0dd70210
Event: 92.614 Thread 0x0000024c23eead90 flushing nmethod 0x0000024c0dd72990
Event: 92.614 Thread 0x0000024c23eead90 flushing nmethod 0x0000024c0dd79b90
Event: 92.614 Thread 0x0000024c23eead90 flushing nmethod 0x0000024c0ddb1110
Event: 92.615 Thread 0x0000024c23eead90 flushing nmethod 0x0000024c0ddc3b90
Event: 92.615 Thread 0x0000024c23eead90 flushing nmethod 0x0000024c0ddc4c10
Event: 92.615 Thread 0x0000024c23eead90 flushing nmethod 0x0000024c0ddfc710


Dynamic libraries:
0x00007ff633730000 - 0x00007ff633740000 	C:\Program Files\Java\jdk-17\bin\java.exe
0x00007ffdf5e50000 - 0x00007ffdf6067000 	C:\WINDOWS\SYSTEM32\ntdll.dll
0x00007ffdf50e0000 - 0x00007ffdf51a4000 	C:\WINDOWS\System32\KERNEL32.DLL
0x00007ffdf33a0000 - 0x00007ffdf3770000 	C:\WINDOWS\System32\KERNELBASE.dll
0x00007ffdf3130000 - 0x00007ffdf3241000 	C:\WINDOWS\System32\ucrtbase.dll
0x00007ffdea580000 - 0x00007ffdea599000 	C:\Program Files\Java\jdk-17\bin\jli.dll
0x00007ffdea640000 - 0x00007ffdea65b000 	C:\Program Files\Java\jdk-17\bin\VCRUNTIME140.dll
0x00007ffdf4fc0000 - 0x00007ffdf5071000 	C:\WINDOWS\System32\ADVAPI32.dll
0x00007ffdf4e80000 - 0x00007ffdf4f27000 	C:\WINDOWS\System32\msvcrt.dll
0x00007ffdf4dd0000 - 0x00007ffdf4e77000 	C:\WINDOWS\System32\sechost.dll
0x00007ffdf3250000 - 0x00007ffdf3278000 	C:\WINDOWS\System32\bcrypt.dll
0x00007ffdf4040000 - 0x00007ffdf4154000 	C:\WINDOWS\System32\RPCRT4.dll
0x00007ffdf4560000 - 0x00007ffdf470e000 	C:\WINDOWS\System32\USER32.dll
0x00007ffdf3100000 - 0x00007ffdf3126000 	C:\WINDOWS\System32\win32u.dll
0x00007ffdda0c0000 - 0x00007ffdda352000 	C:\WINDOWS\WinSxS\amd64_microsoft.windows.common-controls_6595b64144ccf1df_6.0.22621.4830_none_270fe7d773858e80\COMCTL32.dll
0x00007ffdf5450000 - 0x00007ffdf5479000 	C:\WINDOWS\System32\GDI32.dll
0x00007ffdf3a20000 - 0x00007ffdf3b3b000 	C:\WINDOWS\System32\gdi32full.dll
0x00007ffdf3280000 - 0x00007ffdf331a000 	C:\WINDOWS\System32\msvcp_win.dll
0x00007ffde8920000 - 0x00007ffde892a000 	C:\WINDOWS\SYSTEM32\VERSION.dll
0x00007ffdf5080000 - 0x00007ffdf50b1000 	C:\WINDOWS\System32\IMM32.DLL
0x00007ffdc2d90000 - 0x00007ffdc2d9c000 	C:\Program Files\Java\jdk-17\bin\vcruntime140_1.dll
0x00007ffdbec80000 - 0x00007ffdbed0e000 	C:\Program Files\Java\jdk-17\bin\msvcp140.dll
0x00007ffd6d0f0000 - 0x00007ffd6dcd0000 	C:\Program Files\Java\jdk-17\bin\server\jvm.dll
0x00007ffdf4780000 - 0x00007ffdf4788000 	C:\WINDOWS\System32\PSAPI.DLL
0x00007ffde8930000 - 0x00007ffde8964000 	C:\WINDOWS\SYSTEM32\WINMM.dll
0x00007ffde8130000 - 0x00007ffde8139000 	C:\WINDOWS\SYSTEM32\WSOCK32.dll
0x00007ffdf4160000 - 0x00007ffdf41d1000 	C:\WINDOWS\System32\WS2_32.dll
0x00007ffdf21d0000 - 0x00007ffdf21e8000 	C:\WINDOWS\SYSTEM32\kernel.appcore.dll
0x00007ffdc2d80000 - 0x00007ffdc2d8a000 	C:\Program Files\Java\jdk-17\bin\jimage.dll
0x00007ffdf0670000 - 0x00007ffdf08a2000 	C:\WINDOWS\SYSTEM32\DBGHELP.DLL
0x00007ffdf4790000 - 0x00007ffdf4b20000 	C:\WINDOWS\System32\combase.dll
0x00007ffdf51b0000 - 0x00007ffdf5287000 	C:\WINDOWS\System32\OLEAUT32.dll
0x00007ffde5a50000 - 0x00007ffde5a82000 	C:\WINDOWS\SYSTEM32\dbgcore.DLL
0x00007ffdf3770000 - 0x00007ffdf37eb000 	C:\WINDOWS\System32\bcryptPrimitives.dll
0x00007ffde41d0000 - 0x00007ffde41de000 	C:\Program Files\Java\jdk-17\bin\instrument.dll
0x00007ffd6e710000 - 0x00007ffd6e735000 	C:\Program Files\Java\jdk-17\bin\java.dll
0x00007ffd6e630000 - 0x00007ffd6e707000 	C:\Program Files\Java\jdk-17\bin\jsvml.dll
0x00007ffdf5590000 - 0x00007ffdf5e08000 	C:\WINDOWS\System32\SHELL32.dll
0x00007ffdf1020000 - 0x00007ffdf1930000 	C:\WINDOWS\SYSTEM32\windows.storage.dll
0x00007ffdf0ed0000 - 0x00007ffdf100f000 	C:\WINDOWS\SYSTEM32\wintypes.dll
0x00007ffdf5290000 - 0x00007ffdf539a000 	C:\WINDOWS\System32\SHCORE.dll
0x00007ffdf3b40000 - 0x00007ffdf3b9e000 	C:\WINDOWS\System32\shlwapi.dll
0x00007ffdf3030000 - 0x00007ffdf305b000 	C:\WINDOWS\SYSTEM32\profapi.dll
0x00007ffd6e5d0000 - 0x00007ffd6e5e8000 	C:\Program Files\Java\jdk-17\bin\zip.dll
0x00007ffd6e610000 - 0x00007ffd6e629000 	C:\Program Files\Java\jdk-17\bin\net.dll
0x00007ffded0d0000 - 0x00007ffded1fc000 	C:\WINDOWS\SYSTEM32\WINHTTP.dll
0x00007ffdf26b0000 - 0x00007ffdf271a000 	C:\WINDOWS\system32\mswsock.dll
0x00007ffd6e5f0000 - 0x00007ffd6e606000 	C:\Program Files\Java\jdk-17\bin\nio.dll
0x00007ffdbcb80000 - 0x00007ffdbcb90000 	C:\Program Files\Java\jdk-17\bin\verify.dll
0x00007ffde41e0000 - 0x00007ffde4207000 	C:\Users\DELL\.gradle\native\c067742578af261105cb4f569cf0c3c89f3d7b1fecec35dd04571415982c5e48\windows-amd64\native-platform.dll
0x00007ffd87c80000 - 0x00007ffd87dc4000 	C:\Users\DELL\.gradle\native\100fb08df4bc3b14c8652ba06237920a3bd2aa13389f12d3474272988ae205f9\windows-amd64\native-platform-file-events.dll
0x00007ffde4490000 - 0x00007ffde449a000 	C:\Program Files\Java\jdk-17\bin\management.dll
0x00007ffde4480000 - 0x00007ffde448b000 	C:\Program Files\Java\jdk-17\bin\management_ext.dll
0x00007ffdf2900000 - 0x00007ffdf291b000 	C:\WINDOWS\SYSTEM32\CRYPTSP.dll
0x00007ffdf2190000 - 0x00007ffdf21c5000 	C:\WINDOWS\system32\rsaenh.dll
0x00007ffdf27a0000 - 0x00007ffdf27c8000 	C:\WINDOWS\SYSTEM32\USERENV.dll
0x00007ffdf2920000 - 0x00007ffdf292c000 	C:\WINDOWS\SYSTEM32\CRYPTBASE.dll
0x00007ffdf1b80000 - 0x00007ffdf1bad000 	C:\WINDOWS\SYSTEM32\IPHLPAPI.DLL
0x00007ffdf4b20000 - 0x00007ffdf4b29000 	C:\WINDOWS\System32\NSI.dll
0x00007ffdeb000000 - 0x00007ffdeb019000 	C:\WINDOWS\SYSTEM32\dhcpcsvc6.DLL
0x00007ffdeafb0000 - 0x00007ffdeafcf000 	C:\WINDOWS\SYSTEM32\dhcpcsvc.DLL
0x00007ffdf1bb0000 - 0x00007ffdf1cb2000 	C:\WINDOWS\SYSTEM32\DNSAPI.dll
0x00007ffde4460000 - 0x00007ffde446e000 	C:\Program Files\Java\jdk-17\bin\sunmscapi.dll
0x00007ffdf38b0000 - 0x00007ffdf3a16000 	C:\WINDOWS\System32\CRYPT32.dll
0x00007ffdf2ac0000 - 0x00007ffdf2aed000 	C:\WINDOWS\SYSTEM32\ncrypt.dll
0x00007ffdf2a80000 - 0x00007ffdf2ab7000 	C:\WINDOWS\SYSTEM32\NTASN1.dll
0x00007ffde4440000 - 0x00007ffde4448000 	C:\WINDOWS\system32\wshunix.dll
0x00007ffdd17c0000 - 0x00007ffdd17d7000 	C:\WINDOWS\system32\napinsp.dll
0x00007ffdd12e0000 - 0x00007ffdd12fb000 	C:\WINDOWS\system32\pnrpnsp.dll
0x00007ffdd1330000 - 0x00007ffdd1341000 	C:\WINDOWS\System32\winrnr.dll
0x00007ffdd1310000 - 0x00007ffdd1325000 	C:\WINDOWS\system32\wshbth.dll
0x00007ffdc2dd0000 - 0x00007ffdc2df7000 	C:\WINDOWS\system32\nlansp_c.dll
0x00007ffdeb3f0000 - 0x00007ffdeb3fa000 	C:\Windows\System32\rasadhlp.dll
0x00007ffde8770000 - 0x00007ffde87f3000 	C:\WINDOWS\System32\fwpuclnt.dll

dbghelp: loaded successfully - version: 4.0.5 - missing functions: none
symbol engine: initialized successfully - sym options: 0x614 - pdb path: .;C:\Program Files\Java\jdk-17\bin;C:\WINDOWS\SYSTEM32;C:\WINDOWS\WinSxS\amd64_microsoft.windows.common-controls_6595b64144ccf1df_6.0.22621.4830_none_270fe7d773858e80;C:\Program Files\Java\jdk-17\bin\server;C:\Users\DELL\.gradle\native\c067742578af261105cb4f569cf0c3c89f3d7b1fecec35dd04571415982c5e48\windows-amd64;C:\Users\DELL\.gradle\native\100fb08df4bc3b14c8652ba06237920a3bd2aa13389f12d3474272988ae205f9\windows-amd64

VM Arguments:
jvm_args: -XX:MaxMetaspaceSize=512m --add-opens=java.base/java.util=ALL-UNNAMED --add-opens=java.base/java.lang=ALL-UNNAMED --add-opens=java.base/java.lang.invoke=ALL-UNNAMED --add-opens=java.prefs/java.util.prefs=ALL-UNNAMED --add-exports=jdk.compiler/com.sun.tools.javac.api=ALL-UNNAMED --add-exports=jdk.compiler/com.sun.tools.javac.util=ALL-UNNAMED --add-opens=java.base/java.nio.charset=ALL-UNNAMED --add-opens=java.base/java.net=ALL-UNNAMED --add-opens=java.base/java.util.concurrent.atomic=ALL-UNNAMED -Xmx2048m -Dfile.encoding=windows-1252 -Duser.country=IN -Duser.language=en -Duser.variant -javaagent:C:\Users\DELL\.gradle\wrapper\dists\gradle-8.10.2-all\7iv73wktx1xtkvlq19urqw1wm\gradle-8.10.2\lib\agents\gradle-instrumentation-agent-8.10.2.jar 
java_command: org.gradle.launcher.daemon.bootstrap.GradleDaemon 8.10.2
java_class_path (initial): C:\Users\DELL\.gradle\wrapper\dists\gradle-8.10.2-all\7iv73wktx1xtkvlq19urqw1wm\gradle-8.10.2\lib\gradle-daemon-main-8.10.2.jar
Launcher Type: SUN_STANDARD

[Global flags]
     intx CICompilerCount                          = 4                                         {product} {ergonomic}
   size_t CompressedClassSpaceSize                 = 436207616                                 {product} {ergonomic}
     uint ConcGCThreads                            = 2                                         {product} {ergonomic}
     uint G1ConcRefinementThreads                  = 8                                         {product} {ergonomic}
   size_t G1HeapRegionSize                         = 1048576                                   {product} {ergonomic}
    uintx GCDrainStackTargetSize                   = 64                                        {product} {ergonomic}
   size_t InitialHeapSize                          = 130023424                                 {product} {ergonomic}
   size_t MarkStackSize                            = 4194304                                   {product} {ergonomic}
   size_t MaxHeapSize                              = 2147483648                                {product} {command line}
   size_t MaxMetaspaceSize                         = 536870912                                 {product} {command line}
   size_t MaxNewSize                               = 1287651328                                {product} {ergonomic}
   size_t MinHeapDeltaBytes                        = 1048576                                   {product} {ergonomic}
   size_t MinHeapSize                              = 8388608                                   {product} {ergonomic}
    uintx NonNMethodCodeHeapSize                   = 5839372                                {pd product} {ergonomic}
    uintx NonProfiledCodeHeapSize                  = 122909434                              {pd product} {ergonomic}
    uintx ProfiledCodeHeapSize                     = 122909434                              {pd product} {ergonomic}
    uintx ReservedCodeCacheSize                    = 251658240                              {pd product} {ergonomic}
     bool SegmentedCodeCache                       = true                                      {product} {ergonomic}
   size_t SoftMaxHeapSize                          = 2147483648                             {manageable} {ergonomic}
     bool UseCompressedClassPointers               = true                           {product lp64_product} {ergonomic}
     bool UseCompressedOops                        = true                           {product lp64_product} {ergonomic}
     bool UseG1GC                                  = true                                      {product} {ergonomic}
     bool UseLargePagesIndividualAllocation        = false                                  {pd product} {ergonomic}

Logging:
Log output configuration:
 #0: stdout all=warning uptime,level,tags
 #1: stderr all=off uptime,level,tags

Environment Variables:
JAVA_HOME=C:\Program Files\Java\jdk-17
CLASSPATH=C:\Users\DELL\mobile-App-v4\android\\gradle\wrapper\gradle-wrapper.jar
PATH=C:\Users\DELL\mobile-App-v4\node_modules\.bin;C:\Users\DELL\mobile-App-v4\node_modules\.bin;C:\Users\DELL\node_modules\.bin;C:\Users\node_modules\.bin;C:\node_modules\.bin;C:\Users\DELL\AppData\Roaming\npm\node_modules\npm\node_modules\@npmcli\run-script\lib\node-gyp-bin;C:\Program Files\FireDaemon OpenSSL 3\bin\;C:\Program Files\Microsoft\jdk-17.0.11.9-hotspot\bin;C:\Program Files\Microsoft\jdk-11.0.23.9-hotspot\bin;C:\Program Files\OpenLogic\jdk-11.0.23.9-hotspot\bin;C:\Program Files\Common Files\Oracle\Java\javapath;C:\Python312\Scripts\;C:\Python312\;C:\Windows\system32;C:\Windows;C:\Windows\System32\Wbem;C:\Windows\System32\WindowsPowerShell\v1.0\;C:\Windows\System32\OpenSSH\;C:\Program Files\NVIDIA Corporation\NVIDIA NvDLISR;C:\Program Files\dotnet\;C:\Program Files (x86)\NVIDIA Corporation\PhysX\Common;C:\WINDOWS\system32;C:\WINDOWS;C:\WINDOWS\System32\Wbem;C:\WINDOWS\System32\WindowsPowerShell\v1.0\;C:\WINDOWS\System32\OpenSSH\;C:\MinGW\bin;C:\ProgramData\chocolatey\bin;C:\Program Files\Git\cmd;C:\xampp\php;C:\ProgramData\ComposerSetup\bin;C:\Users\DELL\anaconda3;C:\Users\DELL\anaconda3\Scripts;C:\Users\DELL\AppData\Roaming\nvm;C:\Users\DELL\AppData\Local\Android\Sdk;C:\Users\DELL\AppData\Local\Android\Sdk\platform-tools;C:\Program Files\Docker\Docker\resources\bin;D:\Download Folder\sratoolkit.current-win64\sratoolkit.3.1.1-win64\bin;D:\Download Folder\v0.12.1 source code\s-andrews-FastQC-e7ef390;D:\Download Folder\fastqc_v0.12.1\FastQC;C:\Users\DELL\FastQC;C:\Users\DELL\AppData\Local\Android\Sdk\cmake\3.22.1\bin;C:\Users\DELL\AppData\Local\Android\Sdk\ndk\26.1.10909125;C:\Program Files\MongoDB\Server\8.0\bin;C:\Users\DELL\AppData\Local\Programs\mongosh;C:\Program Files\nodejs\;C:\Users\DELL\AppData\Local\Programs\Python\Python313\Scripts\;C:\Users\DELL\AppData\Local\Programs\Python\Python313\;C:\Users\DELL\AppData\Local\Programs\Python\Launcher\;C:\Users\DELL\AppData\Local\Microsoft\WindowsApps;C:\Users\DELL\AppData\Local\Programs\Microsoft VS Code\bin;C
USERNAME=DELL
OS=Windows_NT
PROCESSOR_IDENTIFIER=Intel64 Family 6 Model 140 Stepping 1, GenuineIntel



---------------  S Y S T E M  ---------------

OS:
 Windows 11 , 64 bit Build 22621 (10.0.22621.4830)
OS uptime: 0 days 4:28 hours
Hyper-V role detected

CPU: total 8 (initial active 8) (4 cores per cpu, 2 threads per core) family 6 model 140 stepping 1 microcode 0xba, cx8, cmov, fxsr, ht, mmx, 3dnowpref, sse, sse2, sse3, ssse3, sse4.1, sse4.2, popcnt, lzcnt, tsc, tscinvbit, avx, avx2, aes, erms, clmul, bmi1, bmi2, adx, avx512f, avx512dq, avx512cd, avx512bw, avx512vl, sha, fma, vzeroupper, avx512_vpopcntdq, avx512_vpclmulqdq, avx512_vaes, avx512_vnni, clflush, clflushopt, clwb, avx512_vbmi2, avx512_vbmi, hv

Memory: 4k page, system-wide physical 7926M (372M free)
TotalPageFile size 22257M (AvailPageFile size 35M)
current process WorkingSet (physical memory assigned to process): 610M, peak: 646M
current process commit charge ("private bytes"): 1023M, peak: 1024M

vm_info: Java HotSpot(TM) 64-Bit Server VM (17.0.11+7-LTS-207) for windows-amd64 JRE (17.0.11+7-LTS-207), built on Mar 11 2024 19:01:50 by "mach5one" with MS VC++ 17.6 (VS2022)

END.
