#
# There is insufficient memory for the Java Runtime Environment to continue.
# Native memory allocation (mmap) failed to map 283115520 bytes for G1 virtual space
# Possible reasons:
#   The system is out of physical RAM or swap space
#   The process is running with CompressedOops enabled, and the Java Heap may be blocking the growth of the native heap
# Possible solutions:
#   Reduce memory load on the system
#   Increase physical memory or swap space
#   Check if swap backing store is full
#   Decrease Java heap size (-Xmx/-Xms)
#   Decrease number of Java threads
#   Decrease Java thread stack sizes (-Xss)
#   Set larger code cache with -XX:ReservedCodeCacheSize=
#   JVM is running with Unscaled Compressed Oops mode in which the Java heap is
#     placed in the first 4GB address space. The Java Heap base address is the
#     maximum limit for the native heap growth. Please use -XX:HeapBaseMinAddress
#     to set the Java Heap base and to place the Java Heap above 4GB virtual address.
# This output file may be truncated or incomplete.
#
#  Out of Memory Error (os_windows.cpp:3548), pid=19288, tid=19308
#
# JRE version: Java(TM) SE Runtime Environment (17.0.11+7) (build 17.0.11+7-LTS-207)
# Java VM: Java HotSpot(TM) 64-Bit Server VM (17.0.11+7-LTS-207, mixed mode, sharing, tiered, compressed oops, compressed class ptrs, g1 gc, windows-amd64)
# No core dump will be written. Minidumps are not enabled by default on client versions of Windows
#

---------------  S U M M A R Y ------------

Command Line: -XX:MaxMetaspaceSize=512m --add-opens=java.base/java.util=ALL-UNNAMED --add-opens=java.base/java.lang=ALL-UNNAMED --add-opens=java.base/java.lang.invoke=ALL-UNNAMED --add-opens=java.prefs/java.util.prefs=ALL-UNNAMED --add-exports=jdk.compiler/com.sun.tools.javac.api=ALL-UNNAMED --add-exports=jdk.compiler/com.sun.tools.javac.util=ALL-UNNAMED --add-opens=java.base/java.nio.charset=ALL-UNNAMED --add-opens=java.base/java.net=ALL-UNNAMED --add-opens=java.base/java.util.concurrent.atomic=ALL-UNNAMED -Xmx2048m -Dfile.encoding=windows-1252 -Duser.country=IN -Duser.language=en -Duser.variant -javaagent:C:\Users\DELL\.gradle\wrapper\dists\gradle-8.10.2-all\7iv73wktx1xtkvlq19urqw1wm\gradle-8.10.2\lib\agents\gradle-instrumentation-agent-8.10.2.jar org.gradle.launcher.daemon.bootstrap.GradleDaemon 8.10.2

Host: 11th Gen Intel(R) Core(TM) i5-1135G7 @ 2.40GHz, 8 cores, 7G,  Windows 11 , 64 bit Build 22621 (10.0.22621.4391)
Time: Sun Dec  8 02:01:14 2024 India Standard Time elapsed time: 10104.567047 seconds (0d 2h 48m 24s)

---------------  T H R E A D  ---------------

Current thread (0x0000025678f85f90):  VMThread "VM Thread" [stack: 0x000000f0aed00000,0x000000f0aee00000] [id=19308]

Stack: [0x000000f0aed00000,0x000000f0aee00000]
Native frames: (J=compiled Java code, j=interpreted, Vv=VM code, C=native code)
V  [jvm.dll+0x679cca]
V  [jvm.dll+0x7da13d]
V  [jvm.dll+0x7dba83]
V  [jvm.dll+0x7dc0f3]
V  [jvm.dll+0x2449af]
V  [jvm.dll+0x676ce9]
V  [jvm.dll+0x66b852]
V  [jvm.dll+0x3018d6]
V  [jvm.dll+0x308e76]
V  [jvm.dll+0x3596ee]
V  [jvm.dll+0x35991f]
V  [jvm.dll+0x2d89a8]
V  [jvm.dll+0x2d6ddd]
V  [jvm.dll+0x2d642c]
V  [jvm.dll+0x319f8b]
V  [jvm.dll+0x7e09eb]
V  [jvm.dll+0x7e1724]
V  [jvm.dll+0x7e1c3d]
V  [jvm.dll+0x7e2014]
V  [jvm.dll+0x7e20e0]
V  [jvm.dll+0x78a85a]
V  [jvm.dll+0x678bb5]
C  [ucrtbase.dll+0x29333]
C  [KERNEL32.DLL+0x1259d]
C  [ntdll.dll+0x5af38]

VM_Operation (0x000000f0b1ffd810): G1CollectForAllocation, mode: safepoint, requested by thread 0x000002562be05430


---------------  P R O C E S S  ---------------

Threads class SMR info:
_java_thread_list=0x000002563f52aa10, length=147, elements={
0x0000025669e7a370, 0x0000025678f8ea70, 0x0000025678f8f630, 0x0000025678f9e370,
0x0000025678f9ef30, 0x0000025678fa1a00, 0x0000025678fa43d0, 0x0000025678fad180,
0x0000025678faf6b0, 0x0000025678fb00b0, 0x0000025678f77a00, 0x000002567936f7f0,
0x000002567ed5e470, 0x000002567f18c0b0, 0x000002567f44c390, 0x000002567f395370,
0x000002567f3962a0, 0x000002567f393f30, 0x000002562bb22a00, 0x000002562bb23e40,
0x000002562bb21ad0, 0x000002562bb266c0, 0x000002562bdffe20, 0x000002567f626220,
0x000002567f628aa0, 0x000002562d0b9690, 0x000002562d0bafe0, 0x000002562d0b7320,
0x000002562a45ef60, 0x000002562a461cf0, 0x000002562a4668e0, 0x000002562a464060,
0x000002567973a510, 0x0000025634f6a490, 0x0000025634cd34a0, 0x0000025634ce0e50,
0x0000025634cdeff0, 0x000002567973dcc0, 0x000002567973f100, 0x0000025679739af0,
0x000002567973a000, 0x000002567973b440, 0x000002567973b950, 0x000002567973e1d0,
0x00000256797386b0, 0x000002567973e6e0, 0x0000025679738bc0, 0x0000025679737c90,
0x000002567973f610, 0x000002562be04a10, 0x000002562bdff400, 0x000002562be01770,
0x000002562be03ff0, 0x000002562be03ae0, 0x000002562be04f20, 0x000002562be05430,
0x000002562bdfe4d0, 0x000002562be02bb0, 0x000002562bdfe9e0, 0x000002562be030c0,
0x000002562be01c80, 0x000002562be02190, 0x000002562bdff910, 0x000002562be00330,
0x000002562bdfeef0, 0x000002562be00840, 0x000002562be00d50, 0x000002562be01260,
0x000002562be04500, 0x000002562be035d0, 0x000002562be026a0, 0x0000025634cd7670,
0x0000025634cd85a0, 0x0000025634cd2a80, 0x0000025634cddbb0, 0x0000025634cdff20,
0x0000025634cdeae0, 0x0000025634cdf500, 0x0000025634ce0430, 0x0000025634cde5d0,
0x0000025634cdcc80, 0x0000025634cde0c0, 0x0000025634cdfa10, 0x0000025634cdae20,
0x0000025634cdb330, 0x0000025634ce1360, 0x0000025634cdd190, 0x0000025634cdb840,
0x0000025634ce0940, 0x0000025634cdd6a0, 0x0000025634cdbd50, 0x0000025634cdc260,
0x0000025634cdc770, 0x000002562d0b8250, 0x000002562d0b9180, 0x000002562d0b4fb0,
0x000002562d0b9ba0, 0x000002562d0bb4f0, 0x000002562d0b63f0, 0x000002562d0b6900,
0x000002562d0b6e10, 0x000002562d0b54c0, 0x000002562d0b8760, 0x000002562d0b4590,
0x000002562d0bba00, 0x000002562d0b5ee0, 0x000002562d0b4aa0, 0x000002562d0ba0b0,
0x000002562d0b59d0, 0x000002562d0b7830, 0x000002562d0b8c70, 0x000002562d0ba5c0,
0x0000025634f6c800, 0x0000025634f6bde0, 0x0000025634f6c2f0, 0x0000025634f68b40,
0x0000025634f6eb70, 0x0000025634f6aeb0, 0x0000025634f6cd10, 0x0000025634f6d220,
0x0000025634f6f080, 0x0000025634f6d730, 0x0000025634f68120, 0x0000025634f6dc40,
0x0000025634f6faa0, 0x0000025634f69f80, 0x0000025634f68630, 0x0000025634f69050,
0x0000025634f69560, 0x0000025634f69a70, 0x000002562bb25790, 0x000002562bb22f10,
0x000002562bb27b00, 0x000002562bb28010, 0x000002562bb25ca0, 0x000002562bb270e0,
0x000002562bb26bd0, 0x000002562bb261b0, 0x000002562bb20ba0, 0x000002562bb275f0,
0x000002562bb28520, 0x000002562bb215c0, 0x000002562bb224f0, 0x000002562bb24d70,
0x000002562bb23930, 0x000002562bb23420, 0x000002562bb24350
}

Java Threads: ( => current thread )
  0x0000025669e7a370 JavaThread "main" [_thread_blocked, id=16864, stack(0x000000f0ae700000,0x000000f0ae800000)]
  0x0000025678f8ea70 JavaThread "Reference Handler" daemon [_thread_blocked, id=15756, stack(0x000000f0aee00000,0x000000f0aef00000)]
  0x0000025678f8f630 JavaThread "Finalizer" daemon [_thread_blocked, id=15352, stack(0x000000f0aef00000,0x000000f0af000000)]
  0x0000025678f9e370 JavaThread "Signal Dispatcher" daemon [_thread_blocked, id=3164, stack(0x000000f0af000000,0x000000f0af100000)]
  0x0000025678f9ef30 JavaThread "Attach Listener" daemon [_thread_blocked, id=19296, stack(0x000000f0af100000,0x000000f0af200000)]
  0x0000025678fa1a00 JavaThread "Service Thread" daemon [_thread_blocked, id=19272, stack(0x000000f0af200000,0x000000f0af300000)]
  0x0000025678fa43d0 JavaThread "Monitor Deflation Thread" daemon [_thread_blocked, id=12620, stack(0x000000f0af300000,0x000000f0af400000)]
  0x0000025678fad180 JavaThread "C2 CompilerThread0" daemon [_thread_blocked, id=13964, stack(0x000000f0af400000,0x000000f0af500000)]
  0x0000025678faf6b0 JavaThread "C1 CompilerThread0" daemon [_thread_blocked, id=16076, stack(0x000000f0af500000,0x000000f0af600000)]
  0x0000025678fb00b0 JavaThread "Sweeper thread" daemon [_thread_blocked, id=16056, stack(0x000000f0af600000,0x000000f0af700000)]
  0x0000025678f77a00 JavaThread "Common-Cleaner" daemon [_thread_blocked, id=19000, stack(0x000000f0af700000,0x000000f0af800000)]
  0x000002567936f7f0 JavaThread "Notification Thread" daemon [_thread_blocked, id=12480, stack(0x000000f0af800000,0x000000f0af900000)]
  0x000002567ed5e470 JavaThread "Daemon health stats" [_thread_blocked, id=15356, stack(0x000000f0afb00000,0x000000f0afc00000)]
  0x000002567f18c0b0 JavaThread "Incoming local TCP Connector on port 49907" [_thread_in_native, id=13052, stack(0x000000f0b0000000,0x000000f0b0100000)]
  0x000002567f44c390 JavaThread "Daemon periodic checks" [_thread_blocked, id=5656, stack(0x000000f0b0100000,0x000000f0b0200000)]
  0x000002567f395370 JavaThread "Cache worker for journal cache (C:\Users\DELL\.gradle\caches\journal-1)" [_thread_blocked, id=4968, stack(0x000000f0b0900000,0x000000f0b0a00000)]
  0x000002567f3962a0 JavaThread "File lock request listener" [_thread_in_native, id=5040, stack(0x000000f0b0a00000,0x000000f0b0b00000)]
  0x000002567f393f30 JavaThread "Cache worker for file hash cache (C:\Users\DELL\.gradle\caches\8.10.2\fileHashes)" [_thread_blocked, id=15340, stack(0x000000f0b0b00000,0x000000f0b0c00000)]
  0x000002562bb22a00 JavaThread "File watcher server" daemon [_thread_blocked, id=16420, stack(0x000000f0b1200000,0x000000f0b1300000)]
  0x000002562bb23e40 JavaThread "File watcher consumer" daemon [_thread_blocked, id=1304, stack(0x000000f0b1300000,0x000000f0b1400000)]
  0x000002562bb21ad0 JavaThread "Cache worker for file content cache (C:\Users\DELL\.gradle\caches\8.10.2\fileContent)" [_thread_blocked, id=7732, stack(0x000000f0b1500000,0x000000f0b1600000)]
  0x000002562bb266c0 JavaThread "jar transforms" [_thread_blocked, id=18904, stack(0x000000f0b1800000,0x000000f0b1900000)]
  0x000002562bdffe20 JavaThread "Memory manager" [_thread_blocked, id=14620, stack(0x000000f0b3600000,0x000000f0b3700000)]
  0x000002567f626220 JavaThread "RMI Scheduler(0)" daemon [_thread_blocked, id=8456, stack(0x000000f0afa00000,0x000000f0afb00000)]
  0x000002567f628aa0 JavaThread "RMI TCP Accept-0" daemon [_thread_in_native, id=18912, stack(0x000000f0b5e00000,0x000000f0b5f00000)]
  0x000002562d0b9690 JavaThread "jar transforms Thread 2" [_thread_blocked, id=16788, stack(0x000000f0b6a00000,0x000000f0b6b00000)]
  0x000002562d0bafe0 JavaThread "jar transforms Thread 3" [_thread_blocked, id=13316, stack(0x000000f0b8200000,0x000000f0b8300000)]
  0x000002562d0b7320 JavaThread "jar transforms Thread 4" [_thread_blocked, id=2896, stack(0x000000f0b8c00000,0x000000f0b8d00000)]
  0x000002562a45ef60 JavaThread "jar transforms Thread 5" [_thread_blocked, id=18056, stack(0x000000f0b5c00000,0x000000f0b5d00000)]
  0x000002562a461cf0 JavaThread "jar transforms Thread 6" [_thread_blocked, id=13740, stack(0x000000f0b8f00000,0x000000f0b9000000)]
  0x000002562a4668e0 JavaThread "jar transforms Thread 7" [_thread_blocked, id=8488, stack(0x000000f0b9100000,0x000000f0b9200000)]
  0x000002562a464060 JavaThread "jar transforms Thread 8" [_thread_blocked, id=18328, stack(0x000000f0b9200000,0x000000f0b9300000)]
  0x000002567973a510 JavaThread "Cache worker for Java compile cache (C:\Users\DELL\.gradle\caches\8.10.2\javaCompile)" [_thread_blocked, id=12044, stack(0x000000f0b9b00000,0x000000f0b9c00000)]
  0x0000025634f6a490 JavaThread "RMI TCP Accept-0" daemon [_thread_in_native, id=8116, stack(0x000000f0b4000000,0x000000f0b4100000)]
  0x0000025634cd34a0 JavaThread "Monitor" [_thread_in_native, id=6284, stack(0x000000f0b3800000,0x000000f0b3900000)]
  0x0000025634ce0e50 JavaThread "Device List Monitor" [_thread_in_native, id=15968, stack(0x000000f0b3f00000,0x000000f0b4000000)]
  0x0000025634cdeff0 JavaThread "ForkJoinPool.commonPool-worker-13" daemon [_thread_blocked, id=21920, stack(0x000000f0b2f00000,0x000000f0b3000000)]
  0x000002567973dcc0 JavaThread "Daemon Thread 3" [_thread_blocked, id=5852, stack(0x000000f0ae500000,0x000000f0ae600000)]
  0x000002567973f100 JavaThread "Handler for socket connection from /127.0.0.1:49907 to /127.0.0.1:52144" [_thread_in_native, id=21856, stack(0x000000f0ae600000,0x000000f0ae700000)]
  0x0000025679739af0 JavaThread "Cancel handler" [_thread_blocked, id=21524, stack(0x000000f0b0200000,0x000000f0b0300000)]
  0x000002567973a000 JavaThread "Daemon worker Thread 3" [_thread_blocked, id=4640, stack(0x000000f0b0300000,0x000000f0b0400000)]
  0x000002567973b440 JavaThread "Asynchronous log dispatcher for DefaultDaemonConnection: socket connection from /127.0.0.1:49907 to /127.0.0.1:52144" [_thread_blocked, id=8784, stack(0x000000f0b0400000,0x000000f0b0500000)]
  0x000002567973b950 JavaThread "Stdin handler" [_thread_blocked, id=6712, stack(0x000000f0b0500000,0x000000f0b0600000)]
  0x000002567973e1d0 JavaThread "Daemon client event forwarder" [_thread_blocked, id=23548, stack(0x000000f0b0600000,0x000000f0b0700000)]
  0x00000256797386b0 JavaThread "Cache worker for file hash cache (C:\Users\DELL\mobile-App-v4\android\.gradle\8.10.2\fileHashes)" [_thread_blocked, id=21776, stack(0x000000f0b0700000,0x000000f0b0800000)]
  0x000002567973e6e0 JavaThread "Cache worker for Build Output Cleanup Cache (C:\Users\DELL\mobile-App-v4\android\.gradle\buildOutputCleanup)" [_thread_blocked, id=21908, stack(0x000000f0b0800000,0x000000f0b0900000)]
  0x0000025679738bc0 JavaThread "Cache worker for checksums cache (C:\Users\DELL\mobile-App-v4\android\.gradle\8.10.2\checksums)" [_thread_blocked, id=14012, stack(0x000000f0b0f00000,0x000000f0b1000000)]
  0x0000025679737c90 JavaThread "Cache worker for cache directory md-rule (C:\Users\DELL\.gradle\caches\8.10.2\md-rule)" [_thread_blocked, id=21812, stack(0x000000f0b1000000,0x000000f0b1100000)]
  0x000002567973f610 JavaThread "Cache worker for cache directory md-supplier (C:\Users\DELL\.gradle\caches\8.10.2\md-supplier)" [_thread_blocked, id=21756, stack(0x000000f0b1400000,0x000000f0b1500000)]
  0x000002562be04a10 JavaThread "Cache worker for Build Output Cleanup Cache (C:\Users\DELL\mobile-App-v4\node_modules\@react-native\gradle-plugin\.gradle\buildOutputCleanup)" [_thread_blocked, id=18988, stack(0x000000f0b1600000,0x000000f0b1700000)]
  0x000002562bdff400 JavaThread "Unconstrained build operations" [_thread_blocked, id=13136, stack(0x000000f0b1700000,0x000000f0b1800000)]
  0x000002562be01770 JavaThread "Unconstrained build operations Thread 2" [_thread_blocked, id=3212, stack(0x000000f0b1a00000,0x000000f0b1b00000)]
  0x000002562be03ff0 JavaThread "Unconstrained build operations Thread 3" [_thread_blocked, id=19648, stack(0x000000f0b1b00000,0x000000f0b1c00000)]
  0x000002562be03ae0 JavaThread "Unconstrained build operations Thread 4" [_thread_blocked, id=13016, stack(0x000000f0b1c00000,0x000000f0b1d00000)]
  0x000002562be04f20 JavaThread "Unconstrained build operations Thread 5" [_thread_blocked, id=7884, stack(0x000000f0b1e00000,0x000000f0b1f00000)]
  0x000002562be05430 JavaThread "Unconstrained build operations Thread 6" [_thread_blocked, id=19572, stack(0x000000f0b1f00000,0x000000f0b2000000)]
  0x000002562bdfe4d0 JavaThread "Unconstrained build operations Thread 7" [_thread_blocked, id=6036, stack(0x000000f0b2000000,0x000000f0b2100000)]
  0x000002562be02bb0 JavaThread "Unconstrained build operations Thread 8" [_thread_blocked, id=20332, stack(0x000000f0b2100000,0x000000f0b2200000)]
  0x000002562bdfe9e0 JavaThread "Unconstrained build operations Thread 9" [_thread_blocked, id=14880, stack(0x000000f0b2200000,0x000000f0b2300000)]
  0x000002562be030c0 JavaThread "Unconstrained build operations Thread 10" [_thread_blocked, id=5604, stack(0x000000f0b2300000,0x000000f0b2400000)]
  0x000002562be01c80 JavaThread "Unconstrained build operations Thread 11" [_thread_blocked, id=18332, stack(0x000000f0b2400000,0x000000f0b2500000)]
  0x000002562be02190 JavaThread "Unconstrained build operations Thread 12" [_thread_blocked, id=6692, stack(0x000000f0b2500000,0x000000f0b2600000)]
  0x000002562bdff910 JavaThread "Unconstrained build operations Thread 13" [_thread_blocked, id=12500, stack(0x000000f0b2600000,0x000000f0b2700000)]
  0x000002562be00330 JavaThread "Unconstrained build operations Thread 14" [_thread_blocked, id=11924, stack(0x000000f0b2700000,0x000000f0b2800000)]
  0x000002562bdfeef0 JavaThread "Unconstrained build operations Thread 15" [_thread_blocked, id=8164, stack(0x000000f0b2800000,0x000000f0b2900000)]
  0x000002562be00840 JavaThread "Unconstrained build operations Thread 16" [_thread_blocked, id=20988, stack(0x000000f0b2900000,0x000000f0b2a00000)]
  0x000002562be00d50 JavaThread "Unconstrained build operations Thread 17" [_thread_blocked, id=6324, stack(0x000000f0b2a00000,0x000000f0b2b00000)]
  0x000002562be01260 JavaThread "Unconstrained build operations Thread 18" [_thread_blocked, id=18884, stack(0x000000f0b2b00000,0x000000f0b2c00000)]
  0x000002562be04500 JavaThread "build event listener" [_thread_blocked, id=20492, stack(0x000000f0b2c00000,0x000000f0b2d00000)]
  0x000002562be035d0 JavaThread "ForkJoinPool.commonPool-worker-18" daemon [_thread_blocked, id=7404, stack(0x000000f0b1d00000,0x000000f0b1e00000)]
  0x000002562be026a0 JavaThread "ForkJoinPool.commonPool-worker-19" daemon [_thread_blocked, id=22052, stack(0x000000f0b2d00000,0x000000f0b2e00000)]
  0x0000025634cd7670 JavaThread "ForkJoinPool.commonPool-worker-20" daemon [_thread_blocked, id=11452, stack(0x000000f0b2e00000,0x000000f0b2f00000)]
  0x0000025634cd85a0 JavaThread "ForkJoinPool.commonPool-worker-21" daemon [_thread_blocked, id=20684, stack(0x000000f0b3000000,0x000000f0b3100000)]
  0x0000025634cd2a80 JavaThread "ForkJoinPool.commonPool-worker-22" daemon [_thread_blocked, id=19972, stack(0x000000f0b3100000,0x000000f0b3200000)]
  0x0000025634cddbb0 JavaThread "ForkJoinPool.commonPool-worker-23" daemon [_thread_blocked, id=1944, stack(0x000000f0b3200000,0x000000f0b3300000)]
  0x0000025634cdff20 JavaThread "included builds" [_thread_blocked, id=5644, stack(0x000000f0b3300000,0x000000f0b3400000)]
  0x0000025634cdeae0 JavaThread "Execution worker" [_thread_blocked, id=20936, stack(0x000000f0b3400000,0x000000f0b3500000)]
  0x0000025634cdf500 JavaThread "Execution worker Thread 2" [_thread_blocked, id=11196, stack(0x000000f0b3500000,0x000000f0b3600000)]
  0x0000025634ce0430 JavaThread "Execution worker Thread 3" [_thread_blocked, id=8324, stack(0x000000f0b3700000,0x000000f0b3800000)]
  0x0000025634cde5d0 JavaThread "Execution worker Thread 4" [_thread_blocked, id=8448, stack(0x000000f0b3900000,0x000000f0b3a00000)]
  0x0000025634cdcc80 JavaThread "Execution worker Thread 5" [_thread_blocked, id=21612, stack(0x000000f0b3a00000,0x000000f0b3b00000)]
  0x0000025634cde0c0 JavaThread "Execution worker Thread 6" [_thread_blocked, id=18456, stack(0x000000f0b3b00000,0x000000f0b3c00000)]
  0x0000025634cdfa10 JavaThread "Execution worker Thread 7" [_thread_blocked, id=19332, stack(0x000000f0b3c00000,0x000000f0b3d00000)]
  0x0000025634cdae20 JavaThread "Cache worker for execution history cache (C:\Users\DELL\mobile-App-v4\node_modules\@react-native\gradle-plugin\.gradle\8.10.2\executionHistory)" [_thread_blocked, id=22976, stack(0x000000f0b3d00000,0x000000f0b3e00000)]
  0x0000025634cdb330 JavaThread "Unconstrained build operations Thread 19" [_thread_blocked, id=13644, stack(0x000000f0b3e00000,0x000000f0b3f00000)]
  0x0000025634ce1360 JavaThread "Unconstrained build operations Thread 20" [_thread_blocked, id=6196, stack(0x000000f0b4100000,0x000000f0b4200000)]
  0x0000025634cdd190 JavaThread "Unconstrained build operations Thread 21" [_thread_blocked, id=20820, stack(0x000000f0b4200000,0x000000f0b4300000)]
  0x0000025634cdb840 JavaThread "Unconstrained build operations Thread 22" [_thread_blocked, id=20912, stack(0x000000f0b4300000,0x000000f0b4400000)]
  0x0000025634ce0940 JavaThread "Unconstrained build operations Thread 23" [_thread_blocked, id=20444, stack(0x000000f0b4400000,0x000000f0b4500000)]
  0x0000025634cdd6a0 JavaThread "Unconstrained build operations Thread 24" [_thread_blocked, id=5936, stack(0x000000f0b4500000,0x000000f0b4600000)]
  0x0000025634cdbd50 JavaThread "Unconstrained build operations Thread 25" [_thread_blocked, id=19868, stack(0x000000f0b4600000,0x000000f0b4700000)]
  0x0000025634cdc260 JavaThread "Unconstrained build operations Thread 26" [_thread_blocked, id=18812, stack(0x000000f0b4700000,0x000000f0b4800000)]
  0x0000025634cdc770 JavaThread "Unconstrained build operations Thread 27" [_thread_blocked, id=23220, stack(0x000000f0b4800000,0x000000f0b4900000)]
  0x000002562d0b8250 JavaThread "Unconstrained build operations Thread 28" [_thread_blocked, id=5484, stack(0x000000f0b4900000,0x000000f0b4a00000)]
  0x000002562d0b9180 JavaThread "Unconstrained build operations Thread 29" [_thread_blocked, id=12036, stack(0x000000f0b4a00000,0x000000f0b4b00000)]
  0x000002562d0b4fb0 JavaThread "Unconstrained build operations Thread 30" [_thread_blocked, id=21692, stack(0x000000f0b4b00000,0x000000f0b4c00000)]
  0x000002562d0b9ba0 JavaThread "Unconstrained build operations Thread 31" [_thread_blocked, id=2268, stack(0x000000f0b4c00000,0x000000f0b4d00000)]
  0x000002562d0bb4f0 JavaThread "Unconstrained build operations Thread 32" [_thread_blocked, id=20788, stack(0x000000f0b4d00000,0x000000f0b4e00000)]
  0x000002562d0b63f0 JavaThread "Unconstrained build operations Thread 33" [_thread_blocked, id=22092, stack(0x000000f0b4e00000,0x000000f0b4f00000)]
  0x000002562d0b6900 JavaThread "Unconstrained build operations Thread 34" [_thread_blocked, id=21880, stack(0x000000f0b4f00000,0x000000f0b5000000)]
  0x000002562d0b6e10 JavaThread "Unconstrained build operations Thread 35" [_thread_blocked, id=21012, stack(0x000000f0b5000000,0x000000f0b5100000)]
  0x000002562d0b54c0 JavaThread "Unconstrained build operations Thread 36" [_thread_blocked, id=20056, stack(0x000000f0b5100000,0x000000f0b5200000)]
  0x000002562d0b8760 JavaThread "Unconstrained build operations Thread 37" [_thread_blocked, id=3456, stack(0x000000f0b5200000,0x000000f0b5300000)]
  0x000002562d0b4590 JavaThread "Unconstrained build operations Thread 38" [_thread_blocked, id=16928, stack(0x000000f0b5300000,0x000000f0b5400000)]
  0x000002562d0bba00 JavaThread "Unconstrained build operations Thread 39" [_thread_blocked, id=21460, stack(0x000000f0b5400000,0x000000f0b5500000)]
  0x000002562d0b5ee0 JavaThread "Unconstrained build operations Thread 40" [_thread_blocked, id=6532, stack(0x000000f0b5500000,0x000000f0b5600000)]
  0x000002562d0b4aa0 JavaThread "Unconstrained build operations Thread 41" [_thread_blocked, id=20020, stack(0x000000f0b5600000,0x000000f0b5700000)]
  0x000002562d0ba0b0 JavaThread "Unconstrained build operations Thread 42" [_thread_blocked, id=16708, stack(0x000000f0b5700000,0x000000f0b5800000)]
  0x000002562d0b59d0 JavaThread "Unconstrained build operations Thread 43" [_thread_blocked, id=19440, stack(0x000000f0b5800000,0x000000f0b5900000)]
  0x000002562d0b7830 JavaThread "Unconstrained build operations Thread 44" [_thread_blocked, id=10100, stack(0x000000f0b5900000,0x000000f0b5a00000)]
  0x000002562d0b8c70 JavaThread "Unconstrained build operations Thread 45" [_thread_blocked, id=580, stack(0x000000f0b5a00000,0x000000f0b5b00000)]
  0x000002562d0ba5c0 JavaThread "Unconstrained build operations Thread 46" [_thread_blocked, id=21160, stack(0x000000f0b5b00000,0x000000f0b5c00000)]
  0x0000025634f6c800 JavaThread "Unconstrained build operations Thread 47" [_thread_blocked, id=1580, stack(0x000000f0b5d00000,0x000000f0b5e00000)]
  0x0000025634f6bde0 JavaThread "Unconstrained build operations Thread 48" [_thread_blocked, id=7924, stack(0x000000f0b5f00000,0x000000f0b6000000)]
  0x0000025634f6c2f0 JavaThread "Unconstrained build operations Thread 49" [_thread_blocked, id=20256, stack(0x000000f0b6000000,0x000000f0b6100000)]
  0x0000025634f68b40 JavaThread "Unconstrained build operations Thread 50" [_thread_blocked, id=4160, stack(0x000000f0b6100000,0x000000f0b6200000)]
  0x0000025634f6eb70 JavaThread "Unconstrained build operations Thread 51" [_thread_blocked, id=17552, stack(0x000000f0b6200000,0x000000f0b6300000)]
  0x0000025634f6aeb0 JavaThread "Unconstrained build operations Thread 52" [_thread_blocked, id=19812, stack(0x000000f0b6300000,0x000000f0b6400000)]
  0x0000025634f6cd10 JavaThread "Unconstrained build operations Thread 53" [_thread_blocked, id=5268, stack(0x000000f0b6400000,0x000000f0b6500000)]
  0x0000025634f6d220 JavaThread "Unconstrained build operations Thread 54" [_thread_blocked, id=14724, stack(0x000000f0b6500000,0x000000f0b6600000)]
  0x0000025634f6f080 JavaThread "Unconstrained build operations Thread 55" [_thread_blocked, id=23404, stack(0x000000f0b6600000,0x000000f0b6700000)]
  0x0000025634f6d730 JavaThread "Unconstrained build operations Thread 56" [_thread_blocked, id=23068, stack(0x000000f0b6700000,0x000000f0b6800000)]
  0x0000025634f68120 JavaThread "Unconstrained build operations Thread 57" [_thread_blocked, id=7208, stack(0x000000f0b6800000,0x000000f0b6900000)]
  0x0000025634f6dc40 JavaThread "Unconstrained build operations Thread 58" [_thread_blocked, id=12316, stack(0x000000f0b6900000,0x000000f0b6a00000)]
  0x0000025634f6faa0 JavaThread "Unconstrained build operations Thread 59" [_thread_blocked, id=14404, stack(0x000000f0b6b00000,0x000000f0b6c00000)]
  0x0000025634f69f80 JavaThread "Unconstrained build operations Thread 60" [_thread_blocked, id=23040, stack(0x000000f0b6c00000,0x000000f0b6d00000)]
  0x0000025634f68630 JavaThread "Unconstrained build operations Thread 61" [_thread_blocked, id=23392, stack(0x000000f0b6d00000,0x000000f0b6e00000)]
  0x0000025634f69050 JavaThread "Unconstrained build operations Thread 62" [_thread_blocked, id=7908, stack(0x000000f0b6e00000,0x000000f0b6f00000)]
  0x0000025634f69560 JavaThread "Unconstrained build operations Thread 63" [_thread_blocked, id=15280, stack(0x000000f0b6f00000,0x000000f0b7000000)]
  0x0000025634f69a70 JavaThread "build event listener" [_thread_blocked, id=19932, stack(0x000000f0b7000000,0x000000f0b7100000)]
  0x000002562bb25790 JavaThread "Unconstrained build operations Thread 64" [_thread_blocked, id=18868, stack(0x000000f0b7100000,0x000000f0b7200000)]
  0x000002562bb22f10 JavaThread "Unconstrained build operations Thread 65" [_thread_blocked, id=19500, stack(0x000000f0b7200000,0x000000f0b7300000)]
  0x000002562bb27b00 JavaThread "Unconstrained build operations Thread 66" [_thread_blocked, id=23128, stack(0x000000f0b7300000,0x000000f0b7400000)]
  0x000002562bb28010 JavaThread "Unconstrained build operations Thread 67" [_thread_blocked, id=12172, stack(0x000000f0b7400000,0x000000f0b7500000)]
  0x000002562bb25ca0 JavaThread "Unconstrained build operations Thread 68" [_thread_blocked, id=20624, stack(0x000000f0b7500000,0x000000f0b7600000)]
  0x000002562bb270e0 JavaThread "Unconstrained build operations Thread 69" [_thread_blocked, id=7260, stack(0x000000f0b7600000,0x000000f0b7700000)]
  0x000002562bb26bd0 JavaThread "Unconstrained build operations Thread 70" [_thread_blocked, id=21500, stack(0x000000f0b7700000,0x000000f0b7800000)]
  0x000002562bb261b0 JavaThread "Unconstrained build operations Thread 71" [_thread_blocked, id=2376, stack(0x000000f0b7800000,0x000000f0b7900000)]
  0x000002562bb20ba0 JavaThread "Unconstrained build operations Thread 72" [_thread_blocked, id=18616, stack(0x000000f0b7900000,0x000000f0b7a00000)]
  0x000002562bb275f0 JavaThread "Unconstrained build operations Thread 73" [_thread_blocked, id=18556, stack(0x000000f0b7a00000,0x000000f0b7b00000)]
  0x000002562bb28520 JavaThread "Unconstrained build operations Thread 74" [_thread_blocked, id=11648, stack(0x000000f0b7b00000,0x000000f0b7c00000)]
  0x000002562bb215c0 JavaThread "Unconstrained build operations Thread 75" [_thread_blocked, id=23372, stack(0x000000f0b7c00000,0x000000f0b7d00000)]
  0x000002562bb224f0 JavaThread "Unconstrained build operations Thread 76" [_thread_blocked, id=20396, stack(0x000000f0b7d00000,0x000000f0b7e00000)]
  0x000002562bb24d70 JavaThread "Unconstrained build operations Thread 77" [_thread_blocked, id=19928, stack(0x000000f0b7e00000,0x000000f0b7f00000)]
  0x000002562bb23930 JavaThread "Unconstrained build operations Thread 78" [_thread_blocked, id=10440, stack(0x000000f0b7f00000,0x000000f0b8000000)]
  0x000002562bb23420 JavaThread "Unconstrained build operations Thread 79" [_thread_blocked, id=20348, stack(0x000000f0b8000000,0x000000f0b8100000)]
  0x000002562bb24350 JavaThread "Unconstrained build operations Thread 80" [_thread_blocked, id=21124, stack(0x000000f0b8100000,0x000000f0b8200000)]

Other Threads:
=>0x0000025678f85f90 VMThread "VM Thread" [stack: 0x000000f0aed00000,0x000000f0aee00000] [id=19308]
  0x000002567941db40 WatcherThread [stack: 0x000000f0af900000,0x000000f0afa00000] [id=19060]
  0x0000025669ed49c0 GCTaskThread "GC Thread#0" [stack: 0x000000f0ae800000,0x000000f0ae900000] [id=14368]
  0x0000025679b850e0 GCTaskThread "GC Thread#1" [stack: 0x000000f0afc00000,0x000000f0afd00000] [id=9484]
  0x000002567969a5a0 GCTaskThread "GC Thread#2" [stack: 0x000000f0afd00000,0x000000f0afe00000] [id=12624]
  0x000002567e263360 GCTaskThread "GC Thread#3" [stack: 0x000000f0afe00000,0x000000f0aff00000] [id=11784]
  0x000002567e504c70 GCTaskThread "GC Thread#4" [stack: 0x000000f0aff00000,0x000000f0b0000000] [id=13292]
  0x000002567f366fa0 GCTaskThread "GC Thread#5" [stack: 0x000000f0b0c00000,0x000000f0b0d00000] [id=13172]
  0x000002567f367260 GCTaskThread "GC Thread#6" [stack: 0x000000f0b0d00000,0x000000f0b0e00000] [id=11424]
  0x000002567f367520 GCTaskThread "GC Thread#7" [stack: 0x000000f0b0e00000,0x000000f0b0f00000] [id=14788]
  0x0000025669ee6920 ConcurrentGCThread "G1 Main Marker" [stack: 0x000000f0ae900000,0x000000f0aea00000] [id=18224]
  0x0000025669ee7330 ConcurrentGCThread "G1 Conc#0" [stack: 0x000000f0aea00000,0x000000f0aeb00000] [id=19276]
  0x000002567f366ce0 ConcurrentGCThread "G1 Conc#1" [stack: 0x000000f0b1100000,0x000000f0b1200000] [id=4796]
  0x0000025678e45ce0 ConcurrentGCThread "G1 Refine#0" [stack: 0x000000f0aeb00000,0x000000f0aec00000] [id=16440]
  0x000002562a965e40 ConcurrentGCThread "G1 Refine#1" [stack: 0x000000f0b1900000,0x000000f0b1a00000] [id=7760]
  0x00000256352b71d0 ConcurrentGCThread "G1 Refine#2" [stack: 0x000000f0ae400000,0x000000f0ae500000] [id=10224]
  0x00000256361cc8e0 ConcurrentGCThread "G1 Refine#3" [stack: 0x000000f0bb400000,0x000000f0bb500000] [id=9164]
  0x0000025635464950 ConcurrentGCThread "G1 Refine#4" [stack: 0x000000f0bb500000,0x000000f0bb600000] [id=18920]
  0x00000256361ccbd0 ConcurrentGCThread "G1 Refine#5" [stack: 0x000000f0bb600000,0x000000f0bb700000] [id=2272]
  0x000002563374e470 ConcurrentGCThread "G1 Refine#6" [stack: 0x000000f0bb700000,0x000000f0bb800000] [id=13880]
  0x000002562d886440 ConcurrentGCThread "G1 Refine#7" [stack: 0x000000f0bb800000,0x000000f0bb900000] [id=5532]
  0x0000025678e46710 ConcurrentGCThread "G1 Service" [stack: 0x000000f0aec00000,0x000000f0aed00000] [id=16660]

Threads with active compile tasks:
C2 CompilerThread0  10104603 46734       4       org.gradle.api.internal.artifacts.ivyservice.resolveengine.graph.builder.ComponentState::getSelectionReason (122 bytes)
C1 CompilerThread0  10104603 46740       3       org.gradle.internal.fingerprint.impl.MissingRootAndDuplicateIgnoringFileSystemSnapshotVisitor::visitEntry (42 bytes)

VM state: at safepoint (normal execution)

VM Mutex/Monitor currently owned by a thread:  ([mutex/lock_event])
[0x0000025669e76620] Threads_lock - owner thread: 0x0000025678f85f90
[0x0000025669e755d0] Heap_lock - owner thread: 0x000002562be05430

Heap address: 0x0000000080000000, size: 2048 MB, Compressed Oops mode: 32-bit

CDS archive(s) mapped at: [0x000002560f000000-0x000002560fbd0000-0x000002560fbd0000), size 12386304, SharedBaseAddress: 0x000002560f000000, ArchiveRelocationMode: 1.
Compressed class space mapped at: 0x0000025610000000-0x000002562a000000, reserved size: 436207616
Narrow klass base: 0x000002560f000000, Narrow klass shift: 0, Narrow klass range: 0x100000000

GC Precious Log:
 CPUs: 8 total, 8 available
 Memory: 7926M
 Large Page Support: Disabled
 NUMA Support: Disabled
 Compressed Oops: Enabled (32-bit)
 Heap Region Size: 1M
 Heap Min Capacity: 8M
 Heap Initial Capacity: 124M
 Heap Max Capacity: 2G
 Pre-touch: Disabled
 Parallel Workers: 8
 Concurrent Workers: 2
 Concurrent Refinement Workers: 8
 Periodic GC: Disabled

Heap:
 garbage-first heap   total 907264K, used 281659K [0x0000000080000000, 0x0000000100000000)
  region size 1024K, 18 young (18432K), 18 survivors (18432K)
 Metaspace       used 182928K, committed 185088K, reserved 622592K
  class space    used 24081K, committed 25088K, reserved 425984K

Heap Regions: E=young(eden), S=young(survivor), O=old, HS=humongous(starts), HC=humongous(continues), CS=collection set, F=free, OA=open archive, CA=closed archive, TAMS=top-at-mark-start (previous, next)
|   0|0x0000000080000000, 0x0000000080100000, 0x0000000080100000|100%| O|  |TAMS 0x0000000080100000, 0x0000000080100000| Untracked 
|   1|0x0000000080100000, 0x00000000801fff90, 0x0000000080200000| 99%| O|  |TAMS 0x00000000801fff90, 0x00000000801fff90| Untracked 
|   2|0x0000000080200000, 0x0000000080300000, 0x0000000080300000|100%|HS|  |TAMS 0x0000000080300000, 0x0000000080300000| Complete 
|   3|0x0000000080300000, 0x0000000080400000, 0x0000000080400000|100%|HC|  |TAMS 0x0000000080400000, 0x0000000080400000| Complete 
|   4|0x0000000080400000, 0x0000000080500000, 0x0000000080500000|100%|HC|  |TAMS 0x0000000080500000, 0x0000000080500000| Complete 
|   5|0x0000000080500000, 0x0000000080600000, 0x0000000080600000|100%|HC|  |TAMS 0x0000000080600000, 0x0000000080600000| Complete 
|   6|0x0000000080600000, 0x00000000806fffb0, 0x0000000080700000| 99%| O|  |TAMS 0x00000000806fffb0, 0x00000000806fffb0| Untracked 
|   7|0x0000000080700000, 0x00000000807ffff0, 0x0000000080800000| 99%| O|  |TAMS 0x00000000807ffff0, 0x00000000807ffff0| Untracked 
|   8|0x0000000080800000, 0x0000000080900000, 0x0000000080900000|100%| O|  |TAMS 0x0000000080900000, 0x0000000080900000| Untracked 
|   9|0x0000000080900000, 0x0000000080a00000, 0x0000000080a00000|100%|HS|  |TAMS 0x0000000080a00000, 0x0000000080a00000| Complete 
|  10|0x0000000080a00000, 0x0000000080b00000, 0x0000000080b00000|100%| O|  |TAMS 0x0000000080b00000, 0x0000000080b00000| Untracked 
|  11|0x0000000080b00000, 0x0000000080c00000, 0x0000000080c00000|100%| O|  |TAMS 0x0000000080c00000, 0x0000000080c00000| Untracked 
|  12|0x0000000080c00000, 0x0000000080d00000, 0x0000000080d00000|100%| O|  |TAMS 0x0000000080d00000, 0x0000000080d00000| Untracked 
|  13|0x0000000080d00000, 0x0000000080dfffe8, 0x0000000080e00000| 99%| O|  |TAMS 0x0000000080dfffe8, 0x0000000080dfffe8| Untracked 
|  14|0x0000000080e00000, 0x0000000080f00000, 0x0000000080f00000|100%| O|  |TAMS 0x0000000080f00000, 0x0000000080f00000| Untracked 
|  15|0x0000000080f00000, 0x0000000081000000, 0x0000000081000000|100%| O|  |TAMS 0x0000000081000000, 0x0000000081000000| Untracked 
|  16|0x0000000081000000, 0x00000000810ffff0, 0x0000000081100000| 99%| O|  |TAMS 0x00000000810ffff0, 0x00000000810ffff0| Untracked 
|  17|0x0000000081100000, 0x0000000081200000, 0x0000000081200000|100%| O|  |TAMS 0x0000000081200000, 0x0000000081200000| Untracked 
|  18|0x0000000081200000, 0x0000000081300000, 0x0000000081300000|100%| O|  |TAMS 0x0000000081300000, 0x0000000081300000| Untracked 
|  19|0x0000000081300000, 0x00000000813fffa0, 0x0000000081400000| 99%| O|  |TAMS 0x00000000813fffa0, 0x00000000813fffa0| Untracked 
|  20|0x0000000081400000, 0x00000000814fffe8, 0x0000000081500000| 99%| O|  |TAMS 0x00000000814fffe8, 0x00000000814fffe8| Untracked 
|  21|0x0000000081500000, 0x0000000081600000, 0x0000000081600000|100%| O|  |TAMS 0x0000000081600000, 0x0000000081600000| Untracked 
|  22|0x0000000081600000, 0x00000000816fffd8, 0x0000000081700000| 99%| O|  |TAMS 0x00000000816fffd8, 0x00000000816fffd8| Untracked 
|  23|0x0000000081700000, 0x00000000817fffb8, 0x0000000081800000| 99%| O|  |TAMS 0x00000000817fffb8, 0x00000000817fffb8| Untracked 
|  24|0x0000000081800000, 0x00000000818ffff0, 0x0000000081900000| 99%| O|  |TAMS 0x00000000818ffff0, 0x00000000818ffff0| Untracked 
|  25|0x0000000081900000, 0x00000000819ffff0, 0x0000000081a00000| 99%| O|  |TAMS 0x00000000819ffff0, 0x00000000819ffff0| Untracked 
|  26|0x0000000081a00000, 0x0000000081affff8, 0x0000000081b00000| 99%| O|  |TAMS 0x0000000081affff8, 0x0000000081affff8| Untracked 
|  27|0x0000000081b00000, 0x0000000081bfffe0, 0x0000000081c00000| 99%| O|  |TAMS 0x0000000081bfffe0, 0x0000000081bfffe0| Untracked 
|  28|0x0000000081c00000, 0x0000000081cfffe0, 0x0000000081d00000| 99%| O|  |TAMS 0x0000000081cfffe0, 0x0000000081cfffe0| Untracked 
|  29|0x0000000081d00000, 0x0000000081dffff8, 0x0000000081e00000| 99%| O|  |TAMS 0x0000000081dffff8, 0x0000000081dffff8| Untracked 
|  30|0x0000000081e00000, 0x0000000081effff0, 0x0000000081f00000| 99%| O|  |TAMS 0x0000000081effff0, 0x0000000081effff0| Untracked 
|  31|0x0000000081f00000, 0x0000000081fffff0, 0x0000000082000000| 99%| O|  |TAMS 0x0000000081fffff0, 0x0000000081fffff0| Untracked 
|  32|0x0000000082000000, 0x00000000820ffff0, 0x0000000082100000| 99%| O|  |TAMS 0x00000000820ffff0, 0x00000000820ffff0| Untracked 
|  33|0x0000000082100000, 0x00000000821fffe8, 0x0000000082200000| 99%| O|  |TAMS 0x00000000821fffe8, 0x00000000821fffe8| Untracked 
|  34|0x0000000082200000, 0x00000000822fffd0, 0x0000000082300000| 99%| O|  |TAMS 0x00000000822fffd0, 0x00000000822fffd0| Untracked 
|  35|0x0000000082300000, 0x00000000823fffc8, 0x0000000082400000| 99%| O|  |TAMS 0x00000000823fffc8, 0x00000000823fffc8| Untracked 
|  36|0x0000000082400000, 0x00000000824ffea8, 0x0000000082500000| 99%| O|  |TAMS 0x00000000824ffea8, 0x00000000824ffea8| Untracked 
|  37|0x0000000082500000, 0x00000000825fffe8, 0x0000000082600000| 99%| O|  |TAMS 0x00000000825fffe8, 0x00000000825fffe8| Untracked 
|  38|0x0000000082600000, 0x0000000082700000, 0x0000000082700000|100%|HS|  |TAMS 0x0000000082700000, 0x0000000082700000| Complete 
|  39|0x0000000082700000, 0x0000000082800000, 0x0000000082800000|100%|HC|  |TAMS 0x0000000082800000, 0x0000000082800000| Complete 
|  40|0x0000000082800000, 0x0000000082900000, 0x0000000082900000|100%|HS|  |TAMS 0x0000000082900000, 0x0000000082900000| Complete 
|  41|0x0000000082900000, 0x0000000082a00000, 0x0000000082a00000|100%|HC|  |TAMS 0x0000000082a00000, 0x0000000082a00000| Complete 
|  42|0x0000000082a00000, 0x0000000082afffd8, 0x0000000082b00000| 99%| O|  |TAMS 0x0000000082afffd8, 0x0000000082afffd8| Untracked 
|  43|0x0000000082b00000, 0x0000000082bfffe8, 0x0000000082c00000| 99%| O|  |TAMS 0x0000000082bfffe8, 0x0000000082bfffe8| Untracked 
|  44|0x0000000082c00000, 0x0000000082cffff8, 0x0000000082d00000| 99%| O|  |TAMS 0x0000000082cffff8, 0x0000000082cffff8| Untracked 
|  45|0x0000000082d00000, 0x0000000082dfffa8, 0x0000000082e00000| 99%| O|  |TAMS 0x0000000082dfffa8, 0x0000000082dfffa8| Untracked 
|  46|0x0000000082e00000, 0x0000000082f00000, 0x0000000082f00000|100%|HS|  |TAMS 0x0000000082f00000, 0x0000000082f00000| Complete 
|  47|0x0000000082f00000, 0x0000000082fd76e8, 0x0000000083000000| 84%| O|  |TAMS 0x0000000082fd76e8, 0x0000000082fd76e8| Untracked 
|  48|0x0000000083000000, 0x00000000830fffe8, 0x0000000083100000| 99%| O|  |TAMS 0x00000000830fffe8, 0x00000000830fffe8| Untracked 
|  49|0x0000000083100000, 0x00000000831f8920, 0x0000000083200000| 97%| O|  |TAMS 0x00000000831f8920, 0x00000000831f8920| Untracked 
|  50|0x0000000083200000, 0x00000000832c5520, 0x0000000083300000| 77%| O|  |TAMS 0x00000000832c5520, 0x00000000832c5520| Untracked 
|  51|0x0000000083300000, 0x0000000083400000, 0x0000000083400000|100%|HS|  |TAMS 0x0000000083400000, 0x0000000083400000| Complete 
|  52|0x0000000083400000, 0x0000000083500000, 0x0000000083500000|100%|HC|  |TAMS 0x0000000083500000, 0x0000000083500000| Complete 
|  53|0x0000000083500000, 0x0000000083600000, 0x0000000083600000|100%|HC|  |TAMS 0x0000000083600000, 0x0000000083600000| Complete 
|  54|0x0000000083600000, 0x0000000083700000, 0x0000000083700000|100%|HC|  |TAMS 0x0000000083700000, 0x0000000083700000| Complete 
|  55|0x0000000083700000, 0x0000000083800000, 0x0000000083800000|100%|HS|  |TAMS 0x0000000083800000, 0x0000000083800000| Complete 
|  56|0x0000000083800000, 0x0000000083900000, 0x0000000083900000|100%|HC|  |TAMS 0x0000000083900000, 0x0000000083900000| Complete 
|  57|0x0000000083900000, 0x0000000083a00000, 0x0000000083a00000|100%|HC|  |TAMS 0x0000000083a00000, 0x0000000083a00000| Complete 
|  58|0x0000000083a00000, 0x0000000083b00000, 0x0000000083b00000|100%|HC|  |TAMS 0x0000000083b00000, 0x0000000083b00000| Complete 
|  59|0x0000000083b00000, 0x0000000083c00000, 0x0000000083c00000|100%| O|  |TAMS 0x0000000083c00000, 0x0000000083c00000| Untracked 
|  60|0x0000000083c00000, 0x0000000083d00000, 0x0000000083d00000|100%| O|  |TAMS 0x0000000083d00000, 0x0000000083d00000| Untracked 
|  61|0x0000000083d00000, 0x0000000083debcb0, 0x0000000083e00000| 92%| O|  |TAMS 0x0000000083debcb0, 0x0000000083debcb0| Untracked 
|  62|0x0000000083e00000, 0x0000000083ef1308, 0x0000000083f00000| 94%| O|  |TAMS 0x0000000083ef1308, 0x0000000083ef1308| Untracked 
|  63|0x0000000083f00000, 0x0000000083fffff0, 0x0000000084000000| 99%| O|  |TAMS 0x0000000083fffff0, 0x0000000083fffff0| Untracked 
|  64|0x0000000084000000, 0x0000000084100000, 0x0000000084100000|100%|HS|  |TAMS 0x0000000084100000, 0x0000000084100000| Complete 
|  65|0x0000000084100000, 0x0000000084200000, 0x0000000084200000|100%|HS|  |TAMS 0x0000000084200000, 0x0000000084200000| Complete 
|  66|0x0000000084200000, 0x00000000842eecf0, 0x0000000084300000| 93%| O|  |TAMS 0x00000000842eecf0, 0x00000000842eecf0| Untracked 
|  67|0x0000000084300000, 0x0000000084400000, 0x0000000084400000|100%| O|  |TAMS 0x0000000084400000, 0x0000000084400000| Untracked 
|  68|0x0000000084400000, 0x00000000844fef48, 0x0000000084500000| 99%| O|  |TAMS 0x00000000844fef48, 0x00000000844fef48| Untracked 
|  69|0x0000000084500000, 0x00000000845ffff8, 0x0000000084600000| 99%| O|  |TAMS 0x00000000845ffff8, 0x00000000845ffff8| Untracked 
|  70|0x0000000084600000, 0x00000000846f65c8, 0x0000000084700000| 96%| O|  |TAMS 0x00000000846f65c8, 0x00000000846f65c8| Untracked 
|  71|0x0000000084700000, 0x00000000847ffff0, 0x0000000084800000| 99%| O|  |TAMS 0x00000000847ffff0, 0x00000000847ffff0| Untracked 
|  72|0x0000000084800000, 0x00000000848ffff0, 0x0000000084900000| 99%| O|  |TAMS 0x00000000848ffff0, 0x00000000848ffff0| Untracked 
|  73|0x0000000084900000, 0x0000000084a00000, 0x0000000084a00000|100%|HS|  |TAMS 0x0000000084a00000, 0x0000000084a00000| Complete 
|  74|0x0000000084a00000, 0x0000000084affff8, 0x0000000084b00000| 99%| O|  |TAMS 0x0000000084affff8, 0x0000000084affff8| Untracked 
|  75|0x0000000084b00000, 0x0000000084bfffc0, 0x0000000084c00000| 99%| O|  |TAMS 0x0000000084bfffc0, 0x0000000084bfffc0| Untracked 
|  76|0x0000000084c00000, 0x0000000084c9a9d8, 0x0000000084d00000| 60%| O|  |TAMS 0x0000000084c9a9d8, 0x0000000084c9a9d8| Untracked 
|  77|0x0000000084d00000, 0x0000000084dffff0, 0x0000000084e00000| 99%| O|  |TAMS 0x0000000084dffff0, 0x0000000084dffff0| Untracked 
|  78|0x0000000084e00000, 0x0000000084f00000, 0x0000000084f00000|100%| O|  |TAMS 0x0000000084f00000, 0x0000000084f00000| Untracked 
|  79|0x0000000084f00000, 0x0000000084fffff0, 0x0000000085000000| 99%| O|  |TAMS 0x0000000084fffff0, 0x0000000084fffff0| Untracked 
|  80|0x0000000085000000, 0x00000000850fffe8, 0x0000000085100000| 99%| O|  |TAMS 0x00000000850fffe8, 0x00000000850fffe8| Untracked 
|  81|0x0000000085100000, 0x00000000851fdb28, 0x0000000085200000| 99%| O|  |TAMS 0x00000000851fdb28, 0x00000000851fdb28| Untracked 
|  82|0x0000000085200000, 0x0000000085300000, 0x0000000085300000|100%| O|  |TAMS 0x0000000085300000, 0x0000000085300000| Untracked 
|  83|0x0000000085300000, 0x00000000853fff90, 0x0000000085400000| 99%| O|  |TAMS 0x00000000853fff90, 0x00000000853fff90| Untracked 
|  84|0x0000000085400000, 0x00000000854ffff0, 0x0000000085500000| 99%| O|  |TAMS 0x00000000854ffff0, 0x00000000854ffff0| Untracked 
|  85|0x0000000085500000, 0x00000000855fffe0, 0x0000000085600000| 99%| O|  |TAMS 0x00000000855fffe0, 0x00000000855fffe0| Untracked 
|  86|0x0000000085600000, 0x00000000856b04e0, 0x0000000085700000| 68%| O|  |TAMS 0x00000000856b04e0, 0x00000000856b04e0| Untracked 
|  87|0x0000000085700000, 0x0000000085800000, 0x0000000085800000|100%|HS|  |TAMS 0x0000000085800000, 0x0000000085800000| Complete 
|  88|0x0000000085800000, 0x0000000085900000, 0x0000000085900000|100%|HS|  |TAMS 0x0000000085900000, 0x0000000085900000| Complete 
|  89|0x0000000085900000, 0x00000000859ffff8, 0x0000000085a00000| 99%| O|  |TAMS 0x00000000859ffff8, 0x00000000859ffff8| Untracked 
|  90|0x0000000085a00000, 0x0000000085affff0, 0x0000000085b00000| 99%| O|  |TAMS 0x0000000085affff0, 0x0000000085affff0| Untracked 
|  91|0x0000000085b00000, 0x0000000085bfc908, 0x0000000085c00000| 98%| O|  |TAMS 0x0000000085bfc908, 0x0000000085bfc908| Untracked 
|  92|0x0000000085c00000, 0x0000000085cffff8, 0x0000000085d00000| 99%| O|  |TAMS 0x0000000085cffff8, 0x0000000085cffff8| Untracked 
|  93|0x0000000085d00000, 0x0000000085dffff0, 0x0000000085e00000| 99%| O|  |TAMS 0x0000000085dffff0, 0x0000000085dffff0| Untracked 
|  94|0x0000000085e00000, 0x0000000085ede8e0, 0x0000000085f00000| 86%| O|  |TAMS 0x0000000085ede8e0, 0x0000000085ede8e0| Untracked 
|  95|0x0000000085f00000, 0x0000000085ffffe8, 0x0000000086000000| 99%| O|  |TAMS 0x0000000085ffffe8, 0x0000000085ffffe8| Untracked 
|  96|0x0000000086000000, 0x00000000860f9a30, 0x0000000086100000| 97%| O|  |TAMS 0x00000000860f9a30, 0x00000000860f9a30| Untracked 
|  97|0x0000000086100000, 0x00000000861ffff8, 0x0000000086200000| 99%| O|  |TAMS 0x00000000861ffff8, 0x00000000861ffff8| Untracked 
|  98|0x0000000086200000, 0x0000000086300000, 0x0000000086300000|100%| O|  |TAMS 0x0000000086300000, 0x0000000086300000| Untracked 
|  99|0x0000000086300000, 0x0000000086400000, 0x0000000086400000|100%| O|  |TAMS 0x0000000086400000, 0x0000000086400000| Untracked 
| 100|0x0000000086400000, 0x0000000086500000, 0x0000000086500000|100%|HS|  |TAMS 0x0000000086500000, 0x0000000086500000| Complete 
| 101|0x0000000086500000, 0x0000000086600000, 0x0000000086600000|100%|HS|  |TAMS 0x0000000086600000, 0x0000000086600000| Complete 
| 102|0x0000000086600000, 0x0000000086700000, 0x0000000086700000|100%|HC|  |TAMS 0x0000000086700000, 0x0000000086700000| Complete 
| 103|0x0000000086700000, 0x00000000867fefd0, 0x0000000086800000| 99%| O|  |TAMS 0x00000000867fefd0, 0x00000000867fefd0| Untracked 
| 104|0x0000000086800000, 0x00000000868ffff0, 0x0000000086900000| 99%| O|  |TAMS 0x00000000868ffff0, 0x00000000868ffff0| Untracked 
| 105|0x0000000086900000, 0x00000000869fff58, 0x0000000086a00000| 99%| O|  |TAMS 0x00000000869fff58, 0x00000000869fff58| Untracked 
| 106|0x0000000086a00000, 0x0000000086affff8, 0x0000000086b00000| 99%| O|  |TAMS 0x0000000086affff8, 0x0000000086affff8| Untracked 
| 107|0x0000000086b00000, 0x0000000086c00000, 0x0000000086c00000|100%| O|  |TAMS 0x0000000086c00000, 0x0000000086c00000| Untracked 
| 108|0x0000000086c00000, 0x0000000086cffff8, 0x0000000086d00000| 99%| O|  |TAMS 0x0000000086cffff8, 0x0000000086cffff8| Untracked 
| 109|0x0000000086d00000, 0x0000000086dfffc8, 0x0000000086e00000| 99%| O|  |TAMS 0x0000000086dfffc8, 0x0000000086dfffc8| Untracked 
| 110|0x0000000086e00000, 0x0000000086efffe8, 0x0000000086f00000| 99%| O|  |TAMS 0x0000000086efffe8, 0x0000000086efffe8| Untracked 
| 111|0x0000000086f00000, 0x0000000086ffffd8, 0x0000000087000000| 99%| O|  |TAMS 0x0000000086ffffd8, 0x0000000086ffffd8| Untracked 
| 112|0x0000000087000000, 0x00000000870ffff8, 0x0000000087100000| 99%| O|  |TAMS 0x00000000870ffff8, 0x00000000870ffff8| Untracked 
| 113|0x0000000087100000, 0x00000000871fa918, 0x0000000087200000| 97%| O|  |TAMS 0x00000000871fa918, 0x00000000871fa918| Untracked 
| 114|0x0000000087200000, 0x00000000872ffff0, 0x0000000087300000| 99%| O|  |TAMS 0x00000000872ffff0, 0x00000000872ffff0| Untracked 
| 115|0x0000000087300000, 0x00000000873fffe8, 0x0000000087400000| 99%| O|  |TAMS 0x00000000873fffe8, 0x00000000873fffe8| Untracked 
| 116|0x0000000087400000, 0x0000000087500000, 0x0000000087500000|100%| O|  |TAMS 0x0000000087500000, 0x0000000087500000| Untracked 
| 117|0x0000000087500000, 0x00000000875ef908, 0x0000000087600000| 93%| O|  |TAMS 0x00000000875ef908, 0x00000000875ef908| Untracked 
| 118|0x0000000087600000, 0x0000000087700000, 0x0000000087700000|100%|HS|  |TAMS 0x0000000087700000, 0x0000000087700000| Complete 
| 119|0x0000000087700000, 0x0000000087800000, 0x0000000087800000|100%|HS|  |TAMS 0x0000000087800000, 0x0000000087800000| Complete 
| 120|0x0000000087800000, 0x0000000087900000, 0x0000000087900000|100%|HS|  |TAMS 0x0000000087900000, 0x0000000087900000| Complete 
| 121|0x0000000087900000, 0x0000000087a00000, 0x0000000087a00000|100%|HC|  |TAMS 0x0000000087a00000, 0x0000000087a00000| Complete 
| 122|0x0000000087a00000, 0x0000000087affff8, 0x0000000087b00000| 99%| O|  |TAMS 0x0000000087affff8, 0x0000000087affff8| Untracked 
| 123|0x0000000087b00000, 0x0000000087c00000, 0x0000000087c00000|100%| O|  |TAMS 0x0000000087c00000, 0x0000000087c00000| Untracked 
| 124|0x0000000087c00000, 0x0000000087cfffb0, 0x0000000087d00000| 99%| O|  |TAMS 0x0000000087cfffb0, 0x0000000087cfffb0| Untracked 
| 125|0x0000000087d00000, 0x0000000087dfff10, 0x0000000087e00000| 99%| O|  |TAMS 0x0000000087dfff10, 0x0000000087dfff10| Untracked 
| 126|0x0000000087e00000, 0x0000000087effff0, 0x0000000087f00000| 99%| O|  |TAMS 0x0000000087effff0, 0x0000000087effff0| Untracked 
| 127|0x0000000087f00000, 0x0000000088000000, 0x0000000088000000|100%| O|  |TAMS 0x0000000088000000, 0x0000000088000000| Untracked 
| 128|0x0000000088000000, 0x00000000880fffd8, 0x0000000088100000| 99%| O|  |TAMS 0x00000000880fffd8, 0x00000000880fffd8| Untracked 
| 129|0x0000000088100000, 0x00000000881ffff0, 0x0000000088200000| 99%| O|  |TAMS 0x00000000881ffff0, 0x00000000881ffff0| Untracked 
| 130|0x0000000088200000, 0x00000000882ffff0, 0x0000000088300000| 99%| O|  |TAMS 0x00000000882ffff0, 0x00000000882ffff0| Untracked 
| 131|0x0000000088300000, 0x00000000883ffff8, 0x0000000088400000| 99%| O|  |TAMS 0x00000000883ffff8, 0x00000000883ffff8| Untracked 
| 132|0x0000000088400000, 0x00000000884ffff8, 0x0000000088500000| 99%| O|  |TAMS 0x00000000884ffff8, 0x00000000884ffff8| Untracked 
| 133|0x0000000088500000, 0x00000000885fffc8, 0x0000000088600000| 99%| O|  |TAMS 0x00000000885fffc8, 0x00000000885fffc8| Untracked 
| 134|0x0000000088600000, 0x00000000886ffb78, 0x0000000088700000| 99%| O|  |TAMS 0x00000000886ffb78, 0x00000000886ffb78| Untracked 
| 135|0x0000000088700000, 0x00000000887fffe8, 0x0000000088800000| 99%| O|  |TAMS 0x00000000887fffe8, 0x00000000887fffe8| Untracked 
| 136|0x0000000088800000, 0x00000000888fffc8, 0x0000000088900000| 99%| O|  |TAMS 0x00000000888fffc8, 0x00000000888fffc8| Untracked 
| 137|0x0000000088900000, 0x00000000889ffff0, 0x0000000088a00000| 99%| O|  |TAMS 0x00000000889ffff0, 0x00000000889ffff0| Untracked 
| 138|0x0000000088a00000, 0x0000000088afffe8, 0x0000000088b00000| 99%| O|  |TAMS 0x0000000088afffe8, 0x0000000088afffe8| Untracked 
| 139|0x0000000088b00000, 0x0000000088c00000, 0x0000000088c00000|100%|HS|  |TAMS 0x0000000088c00000, 0x0000000088c00000| Complete 
| 140|0x0000000088c00000, 0x0000000088d00000, 0x0000000088d00000|100%|HS|  |TAMS 0x0000000088d00000, 0x0000000088d00000| Complete 
| 141|0x0000000088d00000, 0x0000000088d1bdd0, 0x0000000088e00000| 10%| O|  |TAMS 0x0000000088d1bdd0, 0x0000000088d1bdd0| Untracked 
| 142|0x0000000088e00000, 0x0000000088effff8, 0x0000000088f00000| 99%| O|  |TAMS 0x0000000088effff8, 0x0000000088effff8| Untracked 
| 143|0x0000000088f00000, 0x0000000089000000, 0x0000000089000000|100%| O|  |TAMS 0x0000000089000000, 0x0000000089000000| Untracked 
| 144|0x0000000089000000, 0x0000000089100000, 0x0000000089100000|100%| O|  |TAMS 0x0000000089100000, 0x0000000089100000| Untracked 
| 145|0x0000000089100000, 0x0000000089200000, 0x0000000089200000|100%| O|  |TAMS 0x0000000089200000, 0x0000000089200000| Untracked 
| 146|0x0000000089200000, 0x0000000089300000, 0x0000000089300000|100%| O|  |TAMS 0x0000000089300000, 0x0000000089300000| Untracked 
| 147|0x0000000089300000, 0x0000000089400000, 0x0000000089400000|100%| O|  |TAMS 0x0000000089400000, 0x0000000089400000| Untracked 
| 148|0x0000000089400000, 0x00000000894f8328, 0x0000000089500000| 96%| O|  |TAMS 0x00000000894f8328, 0x00000000894f8328| Untracked 
| 149|0x0000000089500000, 0x00000000895fffe8, 0x0000000089600000| 99%| O|  |TAMS 0x00000000895fffe8, 0x00000000895fffe8| Untracked 
| 150|0x0000000089600000, 0x0000000089700000, 0x0000000089700000|100%| O|  |TAMS 0x0000000089700000, 0x0000000089700000| Untracked 
| 151|0x0000000089700000, 0x0000000089790798, 0x0000000089800000| 56%| O|  |TAMS 0x0000000089790798, 0x0000000089790798| Untracked 
| 152|0x0000000089800000, 0x00000000898fffe0, 0x0000000089900000| 99%| O|  |TAMS 0x00000000898fffe0, 0x00000000898fffe0| Untracked 
| 153|0x0000000089900000, 0x00000000899ffff8, 0x0000000089a00000| 99%| O|  |TAMS 0x00000000899ffff8, 0x00000000899ffff8| Untracked 
| 154|0x0000000089a00000, 0x0000000089a00000, 0x0000000089b00000|  0%| F|  |TAMS 0x0000000089a00000, 0x0000000089a00000| Untracked 
| 155|0x0000000089b00000, 0x0000000089bffff8, 0x0000000089c00000| 99%| O|  |TAMS 0x0000000089bffff8, 0x0000000089bffff8| Untracked 
| 156|0x0000000089c00000, 0x0000000089d00000, 0x0000000089d00000|100%| O|  |TAMS 0x0000000089d00000, 0x0000000089d00000| Untracked 
| 157|0x0000000089d00000, 0x0000000089dffff8, 0x0000000089e00000| 99%| O|  |TAMS 0x0000000089dffff8, 0x0000000089dffff8| Untracked 
| 158|0x0000000089e00000, 0x0000000089f00000, 0x0000000089f00000|100%| O|  |TAMS 0x0000000089f00000, 0x0000000089f00000| Untracked 
| 159|0x0000000089f00000, 0x000000008a000000, 0x000000008a000000|100%| O|  |TAMS 0x000000008a000000, 0x000000008a000000| Untracked 
| 160|0x000000008a000000, 0x000000008a100000, 0x000000008a100000|100%| O|  |TAMS 0x000000008a100000, 0x000000008a100000| Untracked 
| 161|0x000000008a100000, 0x000000008a17f428, 0x000000008a200000| 49%| O|  |TAMS 0x000000008a17f428, 0x000000008a17f428| Untracked 
| 162|0x000000008a200000, 0x000000008a300000, 0x000000008a300000|100%| O|  |TAMS 0x000000008a300000, 0x000000008a300000| Untracked 
| 163|0x000000008a300000, 0x000000008a35ae68, 0x000000008a400000| 35%| O|  |TAMS 0x000000008a35ae68, 0x000000008a35ae68| Untracked 
| 164|0x000000008a400000, 0x000000008a4932b8, 0x000000008a500000| 57%| O|  |TAMS 0x000000008a4932b8, 0x000000008a4932b8| Untracked 
| 165|0x000000008a500000, 0x000000008a600000, 0x000000008a600000|100%| O|  |TAMS 0x000000008a600000, 0x000000008a600000| Untracked 
| 166|0x000000008a600000, 0x000000008a6ffff8, 0x000000008a700000| 99%| O|  |TAMS 0x000000008a6ffff8, 0x000000008a6ffff8| Untracked 
| 167|0x000000008a700000, 0x000000008a800000, 0x000000008a800000|100%| O|  |TAMS 0x000000008a800000, 0x000000008a800000| Untracked 
| 168|0x000000008a800000, 0x000000008a900000, 0x000000008a900000|100%| O|  |TAMS 0x000000008a900000, 0x000000008a900000| Untracked 
| 169|0x000000008a900000, 0x000000008aa00000, 0x000000008aa00000|100%| O|  |TAMS 0x000000008aa00000, 0x000000008aa00000| Untracked 
| 170|0x000000008aa00000, 0x000000008ab00000, 0x000000008ab00000|100%| O|  |TAMS 0x000000008ab00000, 0x000000008ab00000| Untracked 
| 171|0x000000008ab00000, 0x000000008abc99f8, 0x000000008ac00000| 78%| O|  |TAMS 0x000000008abc99f8, 0x000000008abc99f8| Untracked 
| 172|0x000000008ac00000, 0x000000008ad00000, 0x000000008ad00000|100%| O|  |TAMS 0x000000008ad00000, 0x000000008ad00000| Untracked 
| 173|0x000000008ad00000, 0x000000008adfff90, 0x000000008ae00000| 99%| O|  |TAMS 0x000000008adfff90, 0x000000008adfff90| Untracked 
| 174|0x000000008ae00000, 0x000000008af00000, 0x000000008af00000|100%| O|  |TAMS 0x000000008af00000, 0x000000008af00000| Untracked 
| 175|0x000000008af00000, 0x000000008b000000, 0x000000008b000000|100%| O|  |TAMS 0x000000008b000000, 0x000000008b000000| Untracked 
| 176|0x000000008b000000, 0x000000008b100000, 0x000000008b100000|100%| O|  |TAMS 0x000000008b100000, 0x000000008b100000| Untracked 
| 177|0x000000008b100000, 0x000000008b1fdbf0, 0x000000008b200000| 99%| O|  |TAMS 0x000000008b1fdbf0, 0x000000008b1fdbf0| Untracked 
| 178|0x000000008b200000, 0x000000008b300000, 0x000000008b300000|100%| O|  |TAMS 0x000000008b300000, 0x000000008b300000| Untracked 
| 179|0x000000008b300000, 0x000000008b3ffff8, 0x000000008b400000| 99%| O|  |TAMS 0x000000008b3ffff8, 0x000000008b3ffff8| Untracked 
| 180|0x000000008b400000, 0x000000008b500000, 0x000000008b500000|100%| O|  |TAMS 0x000000008b500000, 0x000000008b500000| Untracked 
| 181|0x000000008b500000, 0x000000008b5ffff0, 0x000000008b600000| 99%| O|  |TAMS 0x000000008b5ffff0, 0x000000008b5ffff0| Untracked 
| 182|0x000000008b600000, 0x000000008b700000, 0x000000008b700000|100%| O|  |TAMS 0x000000008b700000, 0x000000008b700000| Untracked 
| 183|0x000000008b700000, 0x000000008b800000, 0x000000008b800000|100%| O|  |TAMS 0x000000008b800000, 0x000000008b800000| Untracked 
| 184|0x000000008b800000, 0x000000008b900000, 0x000000008b900000|100%| O|  |TAMS 0x000000008b900000, 0x000000008b900000| Untracked 
| 185|0x000000008b900000, 0x000000008b9ffff0, 0x000000008ba00000| 99%| O|  |TAMS 0x000000008b9ffff0, 0x000000008b9ffff0| Untracked 
| 186|0x000000008ba00000, 0x000000008bb00000, 0x000000008bb00000|100%| O|  |TAMS 0x000000008bb00000, 0x000000008bb00000| Untracked 
| 187|0x000000008bb00000, 0x000000008bc00000, 0x000000008bc00000|100%| O|  |TAMS 0x000000008bc00000, 0x000000008bc00000| Untracked 
| 188|0x000000008bc00000, 0x000000008bd00000, 0x000000008bd00000|100%| O|  |TAMS 0x000000008bd00000, 0x000000008bd00000| Untracked 
| 189|0x000000008bd00000, 0x000000008bdffff8, 0x000000008be00000| 99%| O|  |TAMS 0x000000008bdffff8, 0x000000008bdffff8| Untracked 
| 190|0x000000008be00000, 0x000000008bf00000, 0x000000008bf00000|100%| O|  |TAMS 0x000000008bf00000, 0x000000008bf00000| Untracked 
| 191|0x000000008bf00000, 0x000000008c000000, 0x000000008c000000|100%| O|  |TAMS 0x000000008bfdbc00, 0x000000008c000000| Untracked 
| 192|0x000000008c000000, 0x000000008c0ffff0, 0x000000008c100000| 99%| O|  |TAMS 0x000000008c0ffff0, 0x000000008c0ffff0| Untracked 
| 193|0x000000008c100000, 0x000000008c200000, 0x000000008c200000|100%| O|  |TAMS 0x000000008c100000, 0x000000008c200000| Untracked 
| 194|0x000000008c200000, 0x000000008c300000, 0x000000008c300000|100%| O|  |TAMS 0x000000008c200000, 0x000000008c300000| Untracked 
| 195|0x000000008c300000, 0x000000008c400000, 0x000000008c400000|100%| O|  |TAMS 0x000000008c300000, 0x000000008c400000| Untracked 
| 196|0x000000008c400000, 0x000000008c500000, 0x000000008c500000|100%| O|  |TAMS 0x000000008c400000, 0x000000008c500000| Untracked 
| 197|0x000000008c500000, 0x000000008c600000, 0x000000008c600000|100%| O|  |TAMS 0x000000008c500000, 0x000000008c600000| Untracked 
| 198|0x000000008c600000, 0x000000008c66cfd8, 0x000000008c700000| 42%| O|  |TAMS 0x000000008c66cfd8, 0x000000008c66cfd8| Untracked 
| 199|0x000000008c700000, 0x000000008c800000, 0x000000008c800000|100%| O|  |TAMS 0x000000008c800000, 0x000000008c800000| Untracked 
| 200|0x000000008c800000, 0x000000008c900000, 0x000000008c900000|100%| O|  |TAMS 0x000000008c800000, 0x000000008c900000| Untracked 
| 201|0x000000008c900000, 0x000000008c9d4d68, 0x000000008ca00000| 83%| O|  |TAMS 0x000000008c9d4d68, 0x000000008c9d4d68| Untracked 
| 202|0x000000008ca00000, 0x000000008cb00000, 0x000000008cb00000|100%| O|  |TAMS 0x000000008ca00000, 0x000000008cb00000| Untracked 
| 203|0x000000008cb00000, 0x000000008cc00000, 0x000000008cc00000|100%|HS|  |TAMS 0x000000008cc00000, 0x000000008cc00000| Complete 
| 204|0x000000008cc00000, 0x000000008cd00000, 0x000000008cd00000|100%| O|  |TAMS 0x000000008cc00000, 0x000000008cd00000| Untracked 
| 205|0x000000008cd00000, 0x000000008ce00000, 0x000000008ce00000|100%| O|  |TAMS 0x000000008cd00000, 0x000000008ce00000| Untracked 
| 206|0x000000008ce00000, 0x000000008cf00000, 0x000000008cf00000|100%| O|  |TAMS 0x000000008ce00000, 0x000000008cf00000| Untracked 
| 207|0x000000008cf00000, 0x000000008d000000, 0x000000008d000000|100%|HS|  |TAMS 0x000000008d000000, 0x000000008d000000| Complete 
| 208|0x000000008d000000, 0x000000008d100000, 0x000000008d100000|100%|HS|  |TAMS 0x000000008d100000, 0x000000008d100000| Complete 
| 209|0x000000008d100000, 0x000000008d200000, 0x000000008d200000|100%| O|  |TAMS 0x000000008d100000, 0x000000008d200000| Untracked 
| 210|0x000000008d200000, 0x000000008d300000, 0x000000008d300000|100%| O|  |TAMS 0x000000008d200000, 0x000000008d300000| Untracked 
| 211|0x000000008d300000, 0x000000008d400000, 0x000000008d400000|100%| O|  |TAMS 0x000000008d300000, 0x000000008d400000| Untracked 
| 212|0x000000008d400000, 0x000000008d500000, 0x000000008d500000|100%| O|  |TAMS 0x000000008d400000, 0x000000008d500000| Untracked 
| 213|0x000000008d500000, 0x000000008d600000, 0x000000008d600000|100%| O|  |TAMS 0x000000008d500000, 0x000000008d600000| Untracked 
| 214|0x000000008d600000, 0x000000008d700000, 0x000000008d700000|100%| O|  |TAMS 0x000000008d600000, 0x000000008d700000| Untracked 
| 215|0x000000008d700000, 0x000000008d800000, 0x000000008d800000|100%| O|  |TAMS 0x000000008d700000, 0x000000008d800000| Untracked 
| 216|0x000000008d800000, 0x000000008d900000, 0x000000008d900000|100%| O|  |TAMS 0x000000008d800000, 0x000000008d900000| Untracked 
| 217|0x000000008d900000, 0x000000008da00000, 0x000000008da00000|100%| O|  |TAMS 0x000000008d900000, 0x000000008da00000| Untracked 
| 218|0x000000008da00000, 0x000000008db00000, 0x000000008db00000|100%| O|  |TAMS 0x000000008db00000, 0x000000008db00000| Untracked 
| 219|0x000000008db00000, 0x000000008dc00000, 0x000000008dc00000|100%| O|  |TAMS 0x000000008db00000, 0x000000008dc00000| Untracked 
| 220|0x000000008dc00000, 0x000000008dd00000, 0x000000008dd00000|100%| O|  |TAMS 0x000000008dc00000, 0x000000008dd00000| Untracked 
| 221|0x000000008dd00000, 0x000000008de00000, 0x000000008de00000|100%| O|  |TAMS 0x000000008dd00000, 0x000000008de00000| Untracked 
| 222|0x000000008de00000, 0x000000008df00000, 0x000000008df00000|100%| O|  |TAMS 0x000000008de00000, 0x000000008df00000| Untracked 
| 223|0x000000008df00000, 0x000000008e000000, 0x000000008e000000|100%| O|  |TAMS 0x000000008df00000, 0x000000008e000000| Untracked 
| 224|0x000000008e000000, 0x000000008e100000, 0x000000008e100000|100%| O|  |TAMS 0x000000008e000000, 0x000000008e100000| Untracked 
| 225|0x000000008e100000, 0x000000008e200000, 0x000000008e200000|100%| O|  |TAMS 0x000000008e100000, 0x000000008e200000| Untracked 
| 226|0x000000008e200000, 0x000000008e300000, 0x000000008e300000|100%| O|  |TAMS 0x000000008e200000, 0x000000008e300000| Untracked 
| 227|0x000000008e300000, 0x000000008e400000, 0x000000008e400000|100%| O|  |TAMS 0x000000008e300000, 0x000000008e400000| Untracked 
| 228|0x000000008e400000, 0x000000008e500000, 0x000000008e500000|100%| O|  |TAMS 0x000000008e400000, 0x000000008e500000| Untracked 
| 229|0x000000008e500000, 0x000000008e600000, 0x000000008e600000|100%| O|  |TAMS 0x000000008e500000, 0x000000008e600000| Untracked 
| 230|0x000000008e600000, 0x000000008e700000, 0x000000008e700000|100%| O|  |TAMS 0x000000008e600000, 0x000000008e700000| Untracked 
| 231|0x000000008e700000, 0x000000008e800000, 0x000000008e800000|100%| O|  |TAMS 0x000000008e700000, 0x000000008e800000| Untracked 
| 232|0x000000008e800000, 0x000000008e900000, 0x000000008e900000|100%| O|  |TAMS 0x000000008e800000, 0x000000008e900000| Untracked 
| 233|0x000000008e900000, 0x000000008ea00000, 0x000000008ea00000|100%| O|  |TAMS 0x000000008e900000, 0x000000008ea00000| Untracked 
| 234|0x000000008ea00000, 0x000000008eb00000, 0x000000008eb00000|100%| O|  |TAMS 0x000000008ea00000, 0x000000008eb00000| Untracked 
| 235|0x000000008eb00000, 0x000000008ec00000, 0x000000008ec00000|100%| O|  |TAMS 0x000000008eb00000, 0x000000008ec00000| Untracked 
| 236|0x000000008ec00000, 0x000000008ed00000, 0x000000008ed00000|100%| O|  |TAMS 0x000000008ec00000, 0x000000008ed00000| Untracked 
| 237|0x000000008ed00000, 0x000000008ee00000, 0x000000008ee00000|100%| O|  |TAMS 0x000000008ed00000, 0x000000008ee00000| Untracked 
| 238|0x000000008ee00000, 0x000000008ef00000, 0x000000008ef00000|100%| O|  |TAMS 0x000000008ee00000, 0x000000008ef00000| Untracked 
| 239|0x000000008ef00000, 0x000000008f000000, 0x000000008f000000|100%| O|  |TAMS 0x000000008ef00000, 0x000000008f000000| Untracked 
| 240|0x000000008f000000, 0x000000008f100000, 0x000000008f100000|100%| O|  |TAMS 0x000000008f000000, 0x000000008f100000| Untracked 
| 241|0x000000008f100000, 0x000000008f200000, 0x000000008f200000|100%| O|  |TAMS 0x000000008f100000, 0x000000008f200000| Untracked 
| 242|0x000000008f200000, 0x000000008f300000, 0x000000008f300000|100%| O|  |TAMS 0x000000008f200000, 0x000000008f300000| Untracked 
| 243|0x000000008f300000, 0x000000008f400000, 0x000000008f400000|100%| O|  |TAMS 0x000000008f300000, 0x000000008f400000| Untracked 
| 244|0x000000008f400000, 0x000000008f500000, 0x000000008f500000|100%| O|  |TAMS 0x000000008f400000, 0x000000008f500000| Untracked 
| 245|0x000000008f500000, 0x000000008f600000, 0x000000008f600000|100%| O|  |TAMS 0x000000008f500000, 0x000000008f600000| Untracked 
| 246|0x000000008f600000, 0x000000008f700000, 0x000000008f700000|100%| O|  |TAMS 0x000000008f600000, 0x000000008f700000| Untracked 
| 247|0x000000008f700000, 0x000000008f800000, 0x000000008f800000|100%| O|  |TAMS 0x000000008f700000, 0x000000008f800000| Untracked 
| 248|0x000000008f800000, 0x000000008f900000, 0x000000008f900000|100%| O|  |TAMS 0x000000008f800000, 0x000000008f900000| Untracked 
| 249|0x000000008f900000, 0x000000008fa00000, 0x000000008fa00000|100%| O|  |TAMS 0x000000008f900000, 0x000000008fa00000| Untracked 
| 250|0x000000008fa00000, 0x000000008fb00000, 0x000000008fb00000|100%| O|  |TAMS 0x000000008fa00000, 0x000000008fb00000| Untracked 
| 251|0x000000008fb00000, 0x000000008fc00000, 0x000000008fc00000|100%| O|  |TAMS 0x000000008fb00000, 0x000000008fc00000| Untracked 
| 252|0x000000008fc00000, 0x000000008fd00000, 0x000000008fd00000|100%| O|  |TAMS 0x000000008fc00000, 0x000000008fd00000| Untracked 
| 253|0x000000008fd00000, 0x000000008fe00000, 0x000000008fe00000|100%| O|  |TAMS 0x000000008fd00000, 0x000000008fe00000| Untracked 
| 254|0x000000008fe00000, 0x000000008ff00000, 0x000000008ff00000|100%| O|  |TAMS 0x000000008fe00000, 0x000000008ff00000| Untracked 
| 255|0x000000008ff00000, 0x0000000090000000, 0x0000000090000000|100%| O|  |TAMS 0x000000008ff00000, 0x0000000090000000| Untracked 
| 256|0x0000000090000000, 0x0000000090100000, 0x0000000090100000|100%| O|  |TAMS 0x0000000090000000, 0x0000000090100000| Untracked 
| 257|0x0000000090100000, 0x0000000090200000, 0x0000000090200000|100%| O|  |TAMS 0x0000000090100000, 0x0000000090200000| Untracked 
| 258|0x0000000090200000, 0x0000000090300000, 0x0000000090300000|100%| O|  |TAMS 0x0000000090200000, 0x0000000090300000| Untracked 
| 259|0x0000000090300000, 0x0000000090400000, 0x0000000090400000|100%| O|  |TAMS 0x0000000090300000, 0x0000000090400000| Untracked 
| 260|0x0000000090400000, 0x0000000090500000, 0x0000000090500000|100%| O|  |TAMS 0x0000000090400000, 0x0000000090500000| Untracked 
| 261|0x0000000090500000, 0x0000000090600000, 0x0000000090600000|100%| O|  |TAMS 0x0000000090500000, 0x0000000090600000| Untracked 
| 262|0x0000000090600000, 0x000000009066e000, 0x0000000090700000| 42%| O|  |TAMS 0x0000000090600000, 0x000000009066e000| Untracked 
| 263|0x0000000090700000, 0x0000000090700000, 0x0000000090800000|  0%| F|  |TAMS 0x0000000090700000, 0x0000000090700000| Untracked 
| 264|0x0000000090800000, 0x0000000090800000, 0x0000000090900000|  0%| F|  |TAMS 0x0000000090800000, 0x0000000090800000| Untracked 
| 265|0x0000000090900000, 0x0000000090900000, 0x0000000090a00000|  0%| F|  |TAMS 0x0000000090900000, 0x0000000090900000| Untracked 
| 266|0x0000000090a00000, 0x0000000090a00000, 0x0000000090b00000|  0%| F|  |TAMS 0x0000000090a00000, 0x0000000090a00000| Untracked 
| 267|0x0000000090b00000, 0x0000000090b00000, 0x0000000090c00000|  0%| F|  |TAMS 0x0000000090b00000, 0x0000000090b00000| Untracked 
| 268|0x0000000090c00000, 0x0000000090c00000, 0x0000000090d00000|  0%| F|  |TAMS 0x0000000090c00000, 0x0000000090c00000| Untracked 
| 269|0x0000000090d00000, 0x0000000090d00000, 0x0000000090e00000|  0%| F|  |TAMS 0x0000000090d00000, 0x0000000090d00000| Untracked 
| 270|0x0000000090e00000, 0x0000000090f00000, 0x0000000090f00000|100%| O|  |TAMS 0x0000000090f00000, 0x0000000090f00000| Untracked 
| 271|0x0000000090f00000, 0x0000000090f00000, 0x0000000091000000|  0%| F|  |TAMS 0x0000000090f00000, 0x0000000090f00000| Untracked 
| 272|0x0000000091000000, 0x0000000091000000, 0x0000000091100000|  0%| F|  |TAMS 0x0000000091000000, 0x0000000091000000| Untracked 
| 273|0x0000000091100000, 0x0000000091100000, 0x0000000091200000|  0%| F|  |TAMS 0x0000000091100000, 0x0000000091100000| Untracked 
| 274|0x0000000091200000, 0x0000000091200000, 0x0000000091300000|  0%| F|  |TAMS 0x0000000091200000, 0x0000000091200000| Untracked 
| 275|0x0000000091300000, 0x0000000091300000, 0x0000000091400000|  0%| F|  |TAMS 0x0000000091300000, 0x0000000091300000| Untracked 
| 276|0x0000000091400000, 0x0000000091400000, 0x0000000091500000|  0%| F|  |TAMS 0x0000000091400000, 0x0000000091400000| Untracked 
| 277|0x0000000091500000, 0x0000000091500000, 0x0000000091600000|  0%| F|  |TAMS 0x0000000091500000, 0x0000000091500000| Untracked 
| 278|0x0000000091600000, 0x0000000091600000, 0x0000000091700000|  0%| F|  |TAMS 0x0000000091600000, 0x0000000091600000| Untracked 
| 279|0x0000000091700000, 0x0000000091700000, 0x0000000091800000|  0%| F|  |TAMS 0x0000000091700000, 0x0000000091700000| Untracked 
| 280|0x0000000091800000, 0x0000000091800000, 0x0000000091900000|  0%| F|  |TAMS 0x0000000091800000, 0x0000000091800000| Untracked 
| 281|0x0000000091900000, 0x0000000091900000, 0x0000000091a00000|  0%| F|  |TAMS 0x0000000091900000, 0x0000000091900000| Untracked 
| 282|0x0000000091a00000, 0x0000000091a00000, 0x0000000091b00000|  0%| F|  |TAMS 0x0000000091a00000, 0x0000000091a00000| Untracked 
| 283|0x0000000091b00000, 0x0000000091b00000, 0x0000000091c00000|  0%| F|  |TAMS 0x0000000091b00000, 0x0000000091b00000| Untracked 
| 284|0x0000000091c00000, 0x0000000091c00000, 0x0000000091d00000|  0%| F|  |TAMS 0x0000000091c00000, 0x0000000091c00000| Untracked 
| 285|0x0000000091d00000, 0x0000000091d00000, 0x0000000091e00000|  0%| F|  |TAMS 0x0000000091d00000, 0x0000000091d00000| Untracked 
| 286|0x0000000091e00000, 0x0000000091e00000, 0x0000000091f00000|  0%| F|  |TAMS 0x0000000091e00000, 0x0000000091e00000| Untracked 
| 287|0x0000000091f00000, 0x0000000091f00000, 0x0000000092000000|  0%| F|  |TAMS 0x0000000091f00000, 0x0000000091f00000| Untracked 
| 288|0x0000000092000000, 0x0000000092000000, 0x0000000092100000|  0%| F|  |TAMS 0x0000000092000000, 0x0000000092000000| Untracked 
| 289|0x0000000092100000, 0x0000000092100000, 0x0000000092200000|  0%| F|  |TAMS 0x0000000092100000, 0x0000000092100000| Untracked 
| 290|0x0000000092200000, 0x0000000092200000, 0x0000000092300000|  0%| F|  |TAMS 0x0000000092200000, 0x0000000092200000| Untracked 
| 291|0x0000000092300000, 0x0000000092300000, 0x0000000092400000|  0%| F|  |TAMS 0x0000000092300000, 0x0000000092300000| Untracked 
| 292|0x0000000092400000, 0x0000000092400000, 0x0000000092500000|  0%| F|  |TAMS 0x0000000092400000, 0x0000000092400000| Untracked 
| 293|0x0000000092500000, 0x0000000092500000, 0x0000000092600000|  0%| F|  |TAMS 0x0000000092500000, 0x0000000092500000| Untracked 
| 294|0x0000000092600000, 0x0000000092600000, 0x0000000092700000|  0%| F|  |TAMS 0x0000000092600000, 0x0000000092600000| Untracked 
| 295|0x0000000092700000, 0x0000000092700000, 0x0000000092800000|  0%| F|  |TAMS 0x0000000092700000, 0x0000000092700000| Untracked 
| 296|0x0000000092800000, 0x0000000092800000, 0x0000000092900000|  0%| F|  |TAMS 0x0000000092800000, 0x0000000092800000| Untracked 
| 297|0x0000000092900000, 0x0000000092900000, 0x0000000092a00000|  0%| F|  |TAMS 0x0000000092900000, 0x0000000092900000| Untracked 
| 298|0x0000000092a00000, 0x0000000092a00000, 0x0000000092b00000|  0%| F|  |TAMS 0x0000000092a00000, 0x0000000092a00000| Untracked 
| 299|0x0000000092b00000, 0x0000000092b00000, 0x0000000092c00000|  0%| F|  |TAMS 0x0000000092b00000, 0x0000000092b00000| Untracked 
| 300|0x0000000092c00000, 0x0000000092c00000, 0x0000000092d00000|  0%| F|  |TAMS 0x0000000092c00000, 0x0000000092c00000| Untracked 
| 301|0x0000000092d00000, 0x0000000092d00000, 0x0000000092e00000|  0%| F|  |TAMS 0x0000000092d00000, 0x0000000092d00000| Untracked 
| 302|0x0000000092e00000, 0x0000000092e00000, 0x0000000092f00000|  0%| F|  |TAMS 0x0000000092e00000, 0x0000000092e00000| Untracked 
| 303|0x0000000092f00000, 0x0000000092f00000, 0x0000000093000000|  0%| F|  |TAMS 0x0000000092f00000, 0x0000000092f00000| Untracked 
| 304|0x0000000093000000, 0x0000000093000000, 0x0000000093100000|  0%| F|  |TAMS 0x0000000093000000, 0x0000000093000000| Untracked 
| 305|0x0000000093100000, 0x0000000093100000, 0x0000000093200000|  0%| F|  |TAMS 0x0000000093100000, 0x0000000093100000| Untracked 
| 306|0x0000000093200000, 0x0000000093200000, 0x0000000093300000|  0%| F|  |TAMS 0x0000000093200000, 0x0000000093200000| Untracked 
| 307|0x0000000093300000, 0x0000000093300000, 0x0000000093400000|  0%| F|  |TAMS 0x0000000093300000, 0x0000000093300000| Untracked 
| 308|0x0000000093400000, 0x0000000093400000, 0x0000000093500000|  0%| F|  |TAMS 0x0000000093400000, 0x0000000093400000| Untracked 
| 309|0x0000000093500000, 0x0000000093500000, 0x0000000093600000|  0%| F|  |TAMS 0x0000000093500000, 0x0000000093500000| Untracked 
| 310|0x0000000093600000, 0x0000000093600000, 0x0000000093700000|  0%| F|  |TAMS 0x0000000093600000, 0x0000000093600000| Untracked 
| 311|0x0000000093700000, 0x0000000093700000, 0x0000000093800000|  0%| F|  |TAMS 0x0000000093700000, 0x0000000093700000| Untracked 
| 312|0x0000000093800000, 0x0000000093800000, 0x0000000093900000|  0%| F|  |TAMS 0x0000000093800000, 0x0000000093800000| Untracked 
| 313|0x0000000093900000, 0x0000000093900000, 0x0000000093a00000|  0%| F|  |TAMS 0x0000000093900000, 0x0000000093900000| Untracked 
| 314|0x0000000093a00000, 0x0000000093a00000, 0x0000000093b00000|  0%| F|  |TAMS 0x0000000093a00000, 0x0000000093a00000| Untracked 
| 315|0x0000000093b00000, 0x0000000093b00000, 0x0000000093c00000|  0%| F|  |TAMS 0x0000000093b00000, 0x0000000093b00000| Untracked 
| 316|0x0000000093c00000, 0x0000000093c00000, 0x0000000093d00000|  0%| F|  |TAMS 0x0000000093c00000, 0x0000000093c00000| Untracked 
| 317|0x0000000093d00000, 0x0000000093d00000, 0x0000000093e00000|  0%| F|  |TAMS 0x0000000093d00000, 0x0000000093d00000| Untracked 
| 318|0x0000000093e00000, 0x0000000093e00000, 0x0000000093f00000|  0%| F|  |TAMS 0x0000000093e00000, 0x0000000093e00000| Untracked 
| 319|0x0000000093f00000, 0x0000000093f00000, 0x0000000094000000|  0%| F|  |TAMS 0x0000000093f00000, 0x0000000093f00000| Untracked 
| 320|0x0000000094000000, 0x0000000094000000, 0x0000000094100000|  0%| F|  |TAMS 0x0000000094000000, 0x0000000094000000| Untracked 
| 321|0x0000000094100000, 0x0000000094100000, 0x0000000094200000|  0%| F|  |TAMS 0x0000000094100000, 0x0000000094100000| Untracked 
| 322|0x0000000094200000, 0x0000000094200000, 0x0000000094300000|  0%| F|  |TAMS 0x0000000094200000, 0x0000000094200000| Untracked 
| 323|0x0000000094300000, 0x0000000094300000, 0x0000000094400000|  0%| F|  |TAMS 0x0000000094300000, 0x0000000094300000| Untracked 
| 324|0x0000000094400000, 0x0000000094400000, 0x0000000094500000|  0%| F|  |TAMS 0x0000000094400000, 0x0000000094400000| Untracked 
| 325|0x0000000094500000, 0x0000000094500000, 0x0000000094600000|  0%| F|  |TAMS 0x0000000094500000, 0x0000000094500000| Untracked 
| 326|0x0000000094600000, 0x0000000094600000, 0x0000000094700000|  0%| F|  |TAMS 0x0000000094600000, 0x0000000094600000| Untracked 
| 327|0x0000000094700000, 0x0000000094700000, 0x0000000094800000|  0%| F|  |TAMS 0x0000000094700000, 0x0000000094700000| Untracked 
| 328|0x0000000094800000, 0x0000000094800000, 0x0000000094900000|  0%| F|  |TAMS 0x0000000094800000, 0x0000000094800000| Untracked 
| 329|0x0000000094900000, 0x0000000094900000, 0x0000000094a00000|  0%| F|  |TAMS 0x0000000094900000, 0x0000000094900000| Untracked 
| 330|0x0000000094a00000, 0x0000000094a00000, 0x0000000094b00000|  0%| F|  |TAMS 0x0000000094a00000, 0x0000000094a00000| Untracked 
| 331|0x0000000094b00000, 0x0000000094b00000, 0x0000000094c00000|  0%| F|  |TAMS 0x0000000094b00000, 0x0000000094b00000| Untracked 
| 332|0x0000000094c00000, 0x0000000094c00000, 0x0000000094d00000|  0%| F|  |TAMS 0x0000000094c00000, 0x0000000094c00000| Untracked 
| 333|0x0000000094d00000, 0x0000000094d00000, 0x0000000094e00000|  0%| F|  |TAMS 0x0000000094d00000, 0x0000000094d00000| Untracked 
| 334|0x0000000094e00000, 0x0000000094e00000, 0x0000000094f00000|  0%| F|  |TAMS 0x0000000094e00000, 0x0000000094e00000| Untracked 
| 335|0x0000000094f00000, 0x0000000094f00000, 0x0000000095000000|  0%| F|  |TAMS 0x0000000094f00000, 0x0000000094f00000| Untracked 
| 336|0x0000000095000000, 0x0000000095000000, 0x0000000095100000|  0%| F|  |TAMS 0x0000000095000000, 0x0000000095000000| Untracked 
| 337|0x0000000095100000, 0x0000000095100000, 0x0000000095200000|  0%| F|  |TAMS 0x0000000095100000, 0x0000000095100000| Untracked 
| 338|0x0000000095200000, 0x0000000095200000, 0x0000000095300000|  0%| F|  |TAMS 0x0000000095200000, 0x0000000095200000| Untracked 
| 339|0x0000000095300000, 0x0000000095300000, 0x0000000095400000|  0%| F|  |TAMS 0x0000000095300000, 0x0000000095300000| Untracked 
| 340|0x0000000095400000, 0x0000000095400000, 0x0000000095500000|  0%| F|  |TAMS 0x0000000095400000, 0x0000000095400000| Untracked 
| 341|0x0000000095500000, 0x0000000095500000, 0x0000000095600000|  0%| F|  |TAMS 0x0000000095500000, 0x0000000095500000| Untracked 
| 342|0x0000000095600000, 0x0000000095600000, 0x0000000095700000|  0%| F|  |TAMS 0x0000000095600000, 0x0000000095600000| Untracked 
| 343|0x0000000095700000, 0x0000000095700000, 0x0000000095800000|  0%| F|  |TAMS 0x0000000095700000, 0x0000000095700000| Untracked 
| 344|0x0000000095800000, 0x0000000095800000, 0x0000000095900000|  0%| F|  |TAMS 0x0000000095800000, 0x0000000095800000| Untracked 
| 345|0x0000000095900000, 0x0000000095900000, 0x0000000095a00000|  0%| F|  |TAMS 0x0000000095900000, 0x0000000095900000| Untracked 
| 346|0x0000000095a00000, 0x0000000095a00000, 0x0000000095b00000|  0%| F|  |TAMS 0x0000000095a00000, 0x0000000095a00000| Untracked 
| 347|0x0000000095b00000, 0x0000000095b00000, 0x0000000095c00000|  0%| F|  |TAMS 0x0000000095b00000, 0x0000000095b00000| Untracked 
| 348|0x0000000095c00000, 0x0000000095c00000, 0x0000000095d00000|  0%| F|  |TAMS 0x0000000095c00000, 0x0000000095c00000| Untracked 
| 349|0x0000000095d00000, 0x0000000095d00000, 0x0000000095e00000|  0%| F|  |TAMS 0x0000000095d00000, 0x0000000095d00000| Untracked 
| 350|0x0000000095e00000, 0x0000000095e00000, 0x0000000095f00000|  0%| F|  |TAMS 0x0000000095e00000, 0x0000000095e00000| Untracked 
| 351|0x0000000095f00000, 0x0000000095f00000, 0x0000000096000000|  0%| F|  |TAMS 0x0000000095f00000, 0x0000000095f00000| Untracked 
| 352|0x0000000096000000, 0x0000000096000000, 0x0000000096100000|  0%| F|  |TAMS 0x0000000096000000, 0x0000000096000000| Untracked 
| 353|0x0000000096100000, 0x0000000096100000, 0x0000000096200000|  0%| F|  |TAMS 0x0000000096100000, 0x0000000096100000| Untracked 
| 354|0x0000000096200000, 0x0000000096200000, 0x0000000096300000|  0%| F|  |TAMS 0x0000000096200000, 0x0000000096200000| Untracked 
| 355|0x0000000096300000, 0x0000000096329ea0, 0x0000000096400000| 16%| S|CS|TAMS 0x0000000096300000, 0x0000000096300000| Complete 
| 356|0x0000000096400000, 0x0000000096500000, 0x0000000096500000|100%| S|CS|TAMS 0x0000000096400000, 0x0000000096400000| Complete 
| 357|0x0000000096500000, 0x0000000096600000, 0x0000000096600000|100%| S|CS|TAMS 0x0000000096500000, 0x0000000096500000| Complete 
| 358|0x0000000096600000, 0x0000000096700000, 0x0000000096700000|100%| S|CS|TAMS 0x0000000096600000, 0x0000000096600000| Complete 
| 359|0x0000000096700000, 0x0000000096800000, 0x0000000096800000|100%| S|CS|TAMS 0x0000000096700000, 0x0000000096700000| Complete 
| 360|0x0000000096800000, 0x0000000096900000, 0x0000000096900000|100%| S|CS|TAMS 0x0000000096800000, 0x0000000096800000| Complete 
| 361|0x0000000096900000, 0x0000000096a00000, 0x0000000096a00000|100%| S|CS|TAMS 0x0000000096900000, 0x0000000096900000| Complete 
| 362|0x0000000096a00000, 0x0000000096b00000, 0x0000000096b00000|100%| S|CS|TAMS 0x0000000096a00000, 0x0000000096a00000| Complete 
| 363|0x0000000096b00000, 0x0000000096c00000, 0x0000000096c00000|100%| S|CS|TAMS 0x0000000096b00000, 0x0000000096b00000| Complete 
| 364|0x0000000096c00000, 0x0000000096d00000, 0x0000000096d00000|100%| S|CS|TAMS 0x0000000096c00000, 0x0000000096c00000| Complete 
| 365|0x0000000096d00000, 0x0000000096e00000, 0x0000000096e00000|100%| S|CS|TAMS 0x0000000096d00000, 0x0000000096d00000| Complete 
| 366|0x0000000096e00000, 0x0000000096f00000, 0x0000000096f00000|100%| S|CS|TAMS 0x0000000096e00000, 0x0000000096e00000| Complete 
| 367|0x0000000096f00000, 0x0000000097000000, 0x0000000097000000|100%| S|CS|TAMS 0x0000000096f00000, 0x0000000096f00000| Complete 
| 368|0x0000000097000000, 0x0000000097100000, 0x0000000097100000|100%| S|CS|TAMS 0x0000000097000000, 0x0000000097000000| Complete 
| 369|0x0000000097100000, 0x0000000097200000, 0x0000000097200000|100%| S|CS|TAMS 0x0000000097100000, 0x0000000097100000| Complete 
| 370|0x0000000097200000, 0x0000000097300000, 0x0000000097300000|100%| S|CS|TAMS 0x0000000097200000, 0x0000000097200000| Complete 
| 371|0x0000000097300000, 0x0000000097400000, 0x0000000097400000|100%| S|CS|TAMS 0x0000000097300000, 0x0000000097300000| Complete 
| 372|0x0000000097400000, 0x0000000097500000, 0x0000000097500000|100%| S|CS|TAMS 0x0000000097400000, 0x0000000097400000| Complete 
| 373|0x0000000097500000, 0x0000000097500000, 0x0000000097600000|  0%| F|  |TAMS 0x0000000097500000, 0x0000000097500000| Untracked 
| 374|0x0000000097600000, 0x0000000097600000, 0x0000000097700000|  0%| F|  |TAMS 0x0000000097600000, 0x0000000097600000| Untracked 
| 375|0x0000000097700000, 0x0000000097700000, 0x0000000097800000|  0%| F|  |TAMS 0x0000000097700000, 0x0000000097700000| Untracked 
| 376|0x0000000097800000, 0x0000000097800000, 0x0000000097900000|  0%| F|  |TAMS 0x0000000097800000, 0x0000000097800000| Untracked 
| 377|0x0000000097900000, 0x0000000097900000, 0x0000000097a00000|  0%| F|  |TAMS 0x0000000097900000, 0x0000000097900000| Untracked 
| 378|0x0000000097a00000, 0x0000000097a00000, 0x0000000097b00000|  0%| F|  |TAMS 0x0000000097a00000, 0x0000000097a00000| Untracked 
| 379|0x0000000097b00000, 0x0000000097b00000, 0x0000000097c00000|  0%| F|  |TAMS 0x0000000097b00000, 0x0000000097b00000| Untracked 
| 380|0x0000000097c00000, 0x0000000097c00000, 0x0000000097d00000|  0%| F|  |TAMS 0x0000000097c00000, 0x0000000097c00000| Untracked 
| 381|0x0000000097d00000, 0x0000000097d00000, 0x0000000097e00000|  0%| F|  |TAMS 0x0000000097d00000, 0x0000000097d00000| Untracked 
| 382|0x0000000097e00000, 0x0000000097e00000, 0x0000000097f00000|  0%| F|  |TAMS 0x0000000097e00000, 0x0000000097e00000| Untracked 
| 383|0x0000000097f00000, 0x0000000097f00000, 0x0000000098000000|  0%| F|  |TAMS 0x0000000097f00000, 0x0000000097f00000| Untracked 
| 384|0x0000000098000000, 0x0000000098000000, 0x0000000098100000|  0%| F|  |TAMS 0x0000000098000000, 0x0000000098000000| Untracked 
| 385|0x0000000098100000, 0x0000000098100000, 0x0000000098200000|  0%| F|  |TAMS 0x0000000098100000, 0x0000000098100000| Untracked 
| 386|0x0000000098200000, 0x0000000098200000, 0x0000000098300000|  0%| F|  |TAMS 0x0000000098200000, 0x0000000098200000| Untracked 
| 387|0x0000000098300000, 0x0000000098300000, 0x0000000098400000|  0%| F|  |TAMS 0x0000000098300000, 0x0000000098300000| Untracked 
| 388|0x0000000098400000, 0x0000000098400000, 0x0000000098500000|  0%| F|  |TAMS 0x0000000098400000, 0x0000000098400000| Untracked 
| 389|0x0000000098500000, 0x0000000098500000, 0x0000000098600000|  0%| F|  |TAMS 0x0000000098500000, 0x0000000098500000| Untracked 
| 390|0x0000000098600000, 0x0000000098600000, 0x0000000098700000|  0%| F|  |TAMS 0x0000000098600000, 0x0000000098600000| Untracked 
| 391|0x0000000098700000, 0x0000000098700000, 0x0000000098800000|  0%| F|  |TAMS 0x0000000098700000, 0x0000000098700000| Untracked 
| 392|0x0000000098800000, 0x0000000098800000, 0x0000000098900000|  0%| F|  |TAMS 0x0000000098800000, 0x0000000098800000| Untracked 
| 393|0x0000000098900000, 0x0000000098900000, 0x0000000098a00000|  0%| F|  |TAMS 0x0000000098900000, 0x0000000098900000| Untracked 
| 394|0x0000000098a00000, 0x0000000098a00000, 0x0000000098b00000|  0%| F|  |TAMS 0x0000000098a00000, 0x0000000098a00000| Untracked 
| 395|0x0000000098b00000, 0x0000000098b00000, 0x0000000098c00000|  0%| F|  |TAMS 0x0000000098b00000, 0x0000000098b00000| Untracked 
| 396|0x0000000098c00000, 0x0000000098c00000, 0x0000000098d00000|  0%| F|  |TAMS 0x0000000098c00000, 0x0000000098c00000| Untracked 
| 397|0x0000000098d00000, 0x0000000098d00000, 0x0000000098e00000|  0%| F|  |TAMS 0x0000000098d00000, 0x0000000098d00000| Untracked 
| 398|0x0000000098e00000, 0x0000000098e00000, 0x0000000098f00000|  0%| F|  |TAMS 0x0000000098e00000, 0x0000000098e00000| Untracked 
| 399|0x0000000098f00000, 0x0000000098f00000, 0x0000000099000000|  0%| F|  |TAMS 0x0000000098f00000, 0x0000000098f00000| Untracked 
| 400|0x0000000099000000, 0x0000000099000000, 0x0000000099100000|  0%| F|  |TAMS 0x0000000099000000, 0x0000000099000000| Untracked 
| 401|0x0000000099100000, 0x0000000099100000, 0x0000000099200000|  0%| F|  |TAMS 0x0000000099100000, 0x0000000099100000| Untracked 
| 402|0x0000000099200000, 0x0000000099200000, 0x0000000099300000|  0%| F|  |TAMS 0x0000000099200000, 0x0000000099200000| Untracked 
| 403|0x0000000099300000, 0x0000000099300000, 0x0000000099400000|  0%| F|  |TAMS 0x0000000099300000, 0x0000000099300000| Untracked 
| 404|0x0000000099400000, 0x0000000099400000, 0x0000000099500000|  0%| F|  |TAMS 0x0000000099400000, 0x0000000099400000| Untracked 
| 405|0x0000000099500000, 0x0000000099500000, 0x0000000099600000|  0%| F|  |TAMS 0x0000000099500000, 0x0000000099500000| Untracked 
| 406|0x0000000099600000, 0x0000000099600000, 0x0000000099700000|  0%| F|  |TAMS 0x0000000099600000, 0x0000000099600000| Untracked 
| 407|0x0000000099700000, 0x0000000099700000, 0x0000000099800000|  0%| F|  |TAMS 0x0000000099700000, 0x0000000099700000| Untracked 
| 408|0x0000000099800000, 0x0000000099800000, 0x0000000099900000|  0%| F|  |TAMS 0x0000000099800000, 0x0000000099800000| Untracked 
| 409|0x0000000099900000, 0x0000000099900000, 0x0000000099a00000|  0%| F|  |TAMS 0x0000000099900000, 0x0000000099900000| Untracked 
| 410|0x0000000099a00000, 0x0000000099a00000, 0x0000000099b00000|  0%| F|  |TAMS 0x0000000099a00000, 0x0000000099a00000| Untracked 
| 411|0x0000000099b00000, 0x0000000099b00000, 0x0000000099c00000|  0%| F|  |TAMS 0x0000000099b00000, 0x0000000099b00000| Untracked 
| 412|0x0000000099c00000, 0x0000000099c00000, 0x0000000099d00000|  0%| F|  |TAMS 0x0000000099c00000, 0x0000000099c00000| Untracked 
| 413|0x0000000099d00000, 0x0000000099d00000, 0x0000000099e00000|  0%| F|  |TAMS 0x0000000099d00000, 0x0000000099d00000| Untracked 
| 414|0x0000000099e00000, 0x0000000099e00000, 0x0000000099f00000|  0%| F|  |TAMS 0x0000000099e00000, 0x0000000099e00000| Untracked 
| 415|0x0000000099f00000, 0x0000000099f00000, 0x000000009a000000|  0%| F|  |TAMS 0x0000000099f00000, 0x0000000099f00000| Untracked 
| 416|0x000000009a000000, 0x000000009a000000, 0x000000009a100000|  0%| F|  |TAMS 0x000000009a000000, 0x000000009a000000| Untracked 
| 417|0x000000009a100000, 0x000000009a100000, 0x000000009a200000|  0%| F|  |TAMS 0x000000009a100000, 0x000000009a100000| Untracked 
| 418|0x000000009a200000, 0x000000009a200000, 0x000000009a300000|  0%| F|  |TAMS 0x000000009a200000, 0x000000009a200000| Untracked 
| 419|0x000000009a300000, 0x000000009a300000, 0x000000009a400000|  0%| F|  |TAMS 0x000000009a300000, 0x000000009a300000| Untracked 
| 420|0x000000009a400000, 0x000000009a400000, 0x000000009a500000|  0%| F|  |TAMS 0x000000009a400000, 0x000000009a400000| Untracked 
| 421|0x000000009a500000, 0x000000009a500000, 0x000000009a600000|  0%| F|  |TAMS 0x000000009a500000, 0x000000009a500000| Untracked 
| 422|0x000000009a600000, 0x000000009a600000, 0x000000009a700000|  0%| F|  |TAMS 0x000000009a600000, 0x000000009a600000| Untracked 
| 423|0x000000009a700000, 0x000000009a700000, 0x000000009a800000|  0%| F|  |TAMS 0x000000009a700000, 0x000000009a700000| Untracked 
| 424|0x000000009a800000, 0x000000009a800000, 0x000000009a900000|  0%| F|  |TAMS 0x000000009a800000, 0x000000009a800000| Untracked 
| 425|0x000000009a900000, 0x000000009a900000, 0x000000009aa00000|  0%| F|  |TAMS 0x000000009a900000, 0x000000009a900000| Untracked 
| 426|0x000000009aa00000, 0x000000009aa00000, 0x000000009ab00000|  0%| F|  |TAMS 0x000000009aa00000, 0x000000009aa00000| Untracked 
| 427|0x000000009ab00000, 0x000000009ab00000, 0x000000009ac00000|  0%| F|  |TAMS 0x000000009ab00000, 0x000000009ab00000| Untracked 
| 428|0x000000009ac00000, 0x000000009ac00000, 0x000000009ad00000|  0%| F|  |TAMS 0x000000009ac00000, 0x000000009ac00000| Untracked 
| 429|0x000000009ad00000, 0x000000009ad00000, 0x000000009ae00000|  0%| F|  |TAMS 0x000000009ad00000, 0x000000009ad00000| Untracked 
| 430|0x000000009ae00000, 0x000000009ae00000, 0x000000009af00000|  0%| F|  |TAMS 0x000000009ae00000, 0x000000009ae00000| Untracked 
| 431|0x000000009af00000, 0x000000009af00000, 0x000000009b000000|  0%| F|  |TAMS 0x000000009af00000, 0x000000009af00000| Untracked 
| 432|0x000000009b000000, 0x000000009b000000, 0x000000009b100000|  0%| F|  |TAMS 0x000000009b000000, 0x000000009b000000| Untracked 
| 433|0x000000009b100000, 0x000000009b100000, 0x000000009b200000|  0%| F|  |TAMS 0x000000009b100000, 0x000000009b100000| Untracked 
| 434|0x000000009b200000, 0x000000009b200000, 0x000000009b300000|  0%| F|  |TAMS 0x000000009b200000, 0x000000009b200000| Untracked 
| 435|0x000000009b300000, 0x000000009b300000, 0x000000009b400000|  0%| F|  |TAMS 0x000000009b300000, 0x000000009b300000| Untracked 
| 436|0x000000009b400000, 0x000000009b400000, 0x000000009b500000|  0%| F|  |TAMS 0x000000009b400000, 0x000000009b400000| Untracked 
| 437|0x000000009b500000, 0x000000009b500000, 0x000000009b600000|  0%| F|  |TAMS 0x000000009b500000, 0x000000009b500000| Untracked 
| 438|0x000000009b600000, 0x000000009b600000, 0x000000009b700000|  0%| F|  |TAMS 0x000000009b600000, 0x000000009b600000| Untracked 
| 439|0x000000009b700000, 0x000000009b700000, 0x000000009b800000|  0%| F|  |TAMS 0x000000009b700000, 0x000000009b700000| Untracked 
| 440|0x000000009b800000, 0x000000009b800000, 0x000000009b900000|  0%| F|  |TAMS 0x000000009b800000, 0x000000009b800000| Untracked 
| 441|0x000000009b900000, 0x000000009b900000, 0x000000009ba00000|  0%| F|  |TAMS 0x000000009b900000, 0x000000009b900000| Untracked 
| 442|0x000000009ba00000, 0x000000009ba00000, 0x000000009bb00000|  0%| F|  |TAMS 0x000000009ba00000, 0x000000009ba00000| Untracked 
| 443|0x000000009bb00000, 0x000000009bb00000, 0x000000009bc00000|  0%| F|  |TAMS 0x000000009bb00000, 0x000000009bb00000| Untracked 
| 444|0x000000009bc00000, 0x000000009bc00000, 0x000000009bd00000|  0%| F|  |TAMS 0x000000009bc00000, 0x000000009bc00000| Untracked 
| 445|0x000000009bd00000, 0x000000009bd00000, 0x000000009be00000|  0%| F|  |TAMS 0x000000009bd00000, 0x000000009bd00000| Untracked 
| 446|0x000000009be00000, 0x000000009be00000, 0x000000009bf00000|  0%| F|  |TAMS 0x000000009be00000, 0x000000009be00000| Untracked 
| 447|0x000000009bf00000, 0x000000009bf00000, 0x000000009c000000|  0%| F|  |TAMS 0x000000009bf00000, 0x000000009bf00000| Untracked 
| 448|0x000000009c000000, 0x000000009c000000, 0x000000009c100000|  0%| F|  |TAMS 0x000000009c000000, 0x000000009c000000| Untracked 
| 449|0x000000009c100000, 0x000000009c100000, 0x000000009c200000|  0%| F|  |TAMS 0x000000009c100000, 0x000000009c100000| Untracked 
| 450|0x000000009c200000, 0x000000009c200000, 0x000000009c300000|  0%| F|  |TAMS 0x000000009c200000, 0x000000009c200000| Untracked 
| 451|0x000000009c300000, 0x000000009c300000, 0x000000009c400000|  0%| F|  |TAMS 0x000000009c300000, 0x000000009c300000| Untracked 
| 452|0x000000009c400000, 0x000000009c400000, 0x000000009c500000|  0%| F|  |TAMS 0x000000009c400000, 0x000000009c400000| Untracked 
| 453|0x000000009c500000, 0x000000009c500000, 0x000000009c600000|  0%| F|  |TAMS 0x000000009c500000, 0x000000009c500000| Untracked 
| 454|0x000000009c600000, 0x000000009c600000, 0x000000009c700000|  0%| F|  |TAMS 0x000000009c600000, 0x000000009c600000| Untracked 
| 455|0x000000009c700000, 0x000000009c700000, 0x000000009c800000|  0%| F|  |TAMS 0x000000009c700000, 0x000000009c700000| Untracked 
| 456|0x000000009c800000, 0x000000009c800000, 0x000000009c900000|  0%| F|  |TAMS 0x000000009c800000, 0x000000009c800000| Untracked 
| 457|0x000000009c900000, 0x000000009c900000, 0x000000009ca00000|  0%| F|  |TAMS 0x000000009c900000, 0x000000009c900000| Untracked 
| 458|0x000000009ca00000, 0x000000009ca00000, 0x000000009cb00000|  0%| F|  |TAMS 0x000000009ca00000, 0x000000009ca00000| Untracked 
| 459|0x000000009cb00000, 0x000000009cb00000, 0x000000009cc00000|  0%| F|  |TAMS 0x000000009cb00000, 0x000000009cb00000| Untracked 
| 460|0x000000009cc00000, 0x000000009cc00000, 0x000000009cd00000|  0%| F|  |TAMS 0x000000009cc00000, 0x000000009cc00000| Untracked 
| 461|0x000000009cd00000, 0x000000009cd00000, 0x000000009ce00000|  0%| F|  |TAMS 0x000000009cd00000, 0x000000009cd00000| Untracked 
| 462|0x000000009ce00000, 0x000000009ce00000, 0x000000009cf00000|  0%| F|  |TAMS 0x000000009ce00000, 0x000000009ce00000| Untracked 
| 463|0x000000009cf00000, 0x000000009cf00000, 0x000000009d000000|  0%| F|  |TAMS 0x000000009cf00000, 0x000000009cf00000| Untracked 
| 464|0x000000009d000000, 0x000000009d000000, 0x000000009d100000|  0%| F|  |TAMS 0x000000009d000000, 0x000000009d000000| Untracked 
| 465|0x000000009d100000, 0x000000009d100000, 0x000000009d200000|  0%| F|  |TAMS 0x000000009d100000, 0x000000009d100000| Untracked 
| 466|0x000000009d200000, 0x000000009d200000, 0x000000009d300000|  0%| F|  |TAMS 0x000000009d200000, 0x000000009d200000| Untracked 
| 467|0x000000009d300000, 0x000000009d300000, 0x000000009d400000|  0%| F|  |TAMS 0x000000009d300000, 0x000000009d300000| Untracked 
| 468|0x000000009d400000, 0x000000009d400000, 0x000000009d500000|  0%| F|  |TAMS 0x000000009d400000, 0x000000009d400000| Untracked 
| 469|0x000000009d500000, 0x000000009d500000, 0x000000009d600000|  0%| F|  |TAMS 0x000000009d500000, 0x000000009d500000| Untracked 
| 470|0x000000009d600000, 0x000000009d600000, 0x000000009d700000|  0%| F|  |TAMS 0x000000009d600000, 0x000000009d600000| Untracked 
| 471|0x000000009d700000, 0x000000009d700000, 0x000000009d800000|  0%| F|  |TAMS 0x000000009d700000, 0x000000009d700000| Untracked 
| 472|0x000000009d800000, 0x000000009d800000, 0x000000009d900000|  0%| F|  |TAMS 0x000000009d800000, 0x000000009d800000| Untracked 
| 473|0x000000009d900000, 0x000000009d900000, 0x000000009da00000|  0%| F|  |TAMS 0x000000009d900000, 0x000000009d900000| Untracked 
| 474|0x000000009da00000, 0x000000009da00000, 0x000000009db00000|  0%| F|  |TAMS 0x000000009da00000, 0x000000009da00000| Untracked 
| 475|0x000000009db00000, 0x000000009db00000, 0x000000009dc00000|  0%| F|  |TAMS 0x000000009db00000, 0x000000009db00000| Untracked 
| 476|0x000000009dc00000, 0x000000009dc00000, 0x000000009dd00000|  0%| F|  |TAMS 0x000000009dc00000, 0x000000009dc00000| Untracked 
| 477|0x000000009dd00000, 0x000000009dd00000, 0x000000009de00000|  0%| F|  |TAMS 0x000000009dd00000, 0x000000009dd00000| Untracked 
| 478|0x000000009de00000, 0x000000009de00000, 0x000000009df00000|  0%| F|  |TAMS 0x000000009de00000, 0x000000009de00000| Untracked 
| 479|0x000000009df00000, 0x000000009df00000, 0x000000009e000000|  0%| F|  |TAMS 0x000000009df00000, 0x000000009df00000| Untracked 
| 480|0x000000009e000000, 0x000000009e000000, 0x000000009e100000|  0%| F|  |TAMS 0x000000009e000000, 0x000000009e000000| Untracked 
| 481|0x000000009e100000, 0x000000009e100000, 0x000000009e200000|  0%| F|  |TAMS 0x000000009e100000, 0x000000009e100000| Untracked 
| 482|0x000000009e200000, 0x000000009e200000, 0x000000009e300000|  0%| F|  |TAMS 0x000000009e200000, 0x000000009e200000| Untracked 
| 483|0x000000009e300000, 0x000000009e300000, 0x000000009e400000|  0%| F|  |TAMS 0x000000009e300000, 0x000000009e300000| Untracked 
| 484|0x000000009e400000, 0x000000009e400000, 0x000000009e500000|  0%| F|  |TAMS 0x000000009e400000, 0x000000009e400000| Untracked 
| 485|0x000000009e500000, 0x000000009e500000, 0x000000009e600000|  0%| F|  |TAMS 0x000000009e500000, 0x000000009e500000| Untracked 
| 486|0x000000009e600000, 0x000000009e600000, 0x000000009e700000|  0%| F|  |TAMS 0x000000009e600000, 0x000000009e600000| Untracked 
| 487|0x000000009e700000, 0x000000009e700000, 0x000000009e800000|  0%| F|  |TAMS 0x000000009e700000, 0x000000009e700000| Untracked 
| 488|0x000000009e800000, 0x000000009e800000, 0x000000009e900000|  0%| F|  |TAMS 0x000000009e800000, 0x000000009e800000| Untracked 
| 489|0x000000009e900000, 0x000000009e900000, 0x000000009ea00000|  0%| F|  |TAMS 0x000000009e900000, 0x000000009e900000| Untracked 
| 490|0x000000009ea00000, 0x000000009ea00000, 0x000000009eb00000|  0%| F|  |TAMS 0x000000009ea00000, 0x000000009ea00000| Untracked 
| 491|0x000000009eb00000, 0x000000009eb00000, 0x000000009ec00000|  0%| F|  |TAMS 0x000000009eb00000, 0x000000009eb00000| Untracked 
| 492|0x000000009ec00000, 0x000000009ec00000, 0x000000009ed00000|  0%| F|  |TAMS 0x000000009ec00000, 0x000000009ec00000| Untracked 
| 493|0x000000009ed00000, 0x000000009ed00000, 0x000000009ee00000|  0%| F|  |TAMS 0x000000009ed00000, 0x000000009ed00000| Untracked 
| 494|0x000000009ee00000, 0x000000009ee00000, 0x000000009ef00000|  0%| F|  |TAMS 0x000000009ee00000, 0x000000009ee00000| Untracked 
| 495|0x000000009ef00000, 0x000000009ef00000, 0x000000009f000000|  0%| F|  |TAMS 0x000000009ef00000, 0x000000009ef00000| Untracked 
| 496|0x000000009f000000, 0x000000009f000000, 0x000000009f100000|  0%| F|  |TAMS 0x000000009f000000, 0x000000009f000000| Untracked 
| 497|0x000000009f100000, 0x000000009f100000, 0x000000009f200000|  0%| F|  |TAMS 0x000000009f100000, 0x000000009f100000| Untracked 
| 498|0x000000009f200000, 0x000000009f200000, 0x000000009f300000|  0%| F|  |TAMS 0x000000009f200000, 0x000000009f200000| Untracked 
| 499|0x000000009f300000, 0x000000009f300000, 0x000000009f400000|  0%| F|  |TAMS 0x000000009f300000, 0x000000009f300000| Untracked 
| 500|0x000000009f400000, 0x000000009f400000, 0x000000009f500000|  0%| F|  |TAMS 0x000000009f400000, 0x000000009f400000| Untracked 
| 501|0x000000009f500000, 0x000000009f500000, 0x000000009f600000|  0%| F|  |TAMS 0x000000009f500000, 0x000000009f500000| Untracked 
| 502|0x000000009f600000, 0x000000009f600000, 0x000000009f700000|  0%| F|  |TAMS 0x000000009f600000, 0x000000009f600000| Untracked 
| 503|0x000000009f700000, 0x000000009f700000, 0x000000009f800000|  0%| F|  |TAMS 0x000000009f700000, 0x000000009f700000| Untracked 
| 504|0x000000009f800000, 0x000000009f800000, 0x000000009f900000|  0%| F|  |TAMS 0x000000009f800000, 0x000000009f800000| Untracked 
| 505|0x000000009f900000, 0x000000009f900000, 0x000000009fa00000|  0%| F|  |TAMS 0x000000009f900000, 0x000000009f900000| Untracked 
| 506|0x000000009fa00000, 0x000000009fa00000, 0x000000009fb00000|  0%| F|  |TAMS 0x000000009fa00000, 0x000000009fa00000| Untracked 
| 507|0x000000009fb00000, 0x000000009fb00000, 0x000000009fc00000|  0%| F|  |TAMS 0x000000009fb00000, 0x000000009fb00000| Untracked 
| 508|0x000000009fc00000, 0x000000009fc00000, 0x000000009fd00000|  0%| F|  |TAMS 0x000000009fc00000, 0x000000009fc00000| Untracked 
| 509|0x000000009fd00000, 0x000000009fd00000, 0x000000009fe00000|  0%| F|  |TAMS 0x000000009fd00000, 0x000000009fd00000| Untracked 
| 510|0x000000009fe00000, 0x000000009fe00000, 0x000000009ff00000|  0%| F|  |TAMS 0x000000009fe00000, 0x000000009fe00000| Untracked 
| 511|0x000000009ff00000, 0x000000009ff00000, 0x00000000a0000000|  0%| F|  |TAMS 0x000000009ff00000, 0x000000009ff00000| Untracked 
| 512|0x00000000a0000000, 0x00000000a0000000, 0x00000000a0100000|  0%| F|  |TAMS 0x00000000a0000000, 0x00000000a0000000| Untracked 
| 513|0x00000000a0100000, 0x00000000a0100000, 0x00000000a0200000|  0%| F|  |TAMS 0x00000000a0100000, 0x00000000a0100000| Untracked 
| 514|0x00000000a0200000, 0x00000000a0200000, 0x00000000a0300000|  0%| F|  |TAMS 0x00000000a0200000, 0x00000000a0200000| Untracked 
| 515|0x00000000a0300000, 0x00000000a0300000, 0x00000000a0400000|  0%| F|  |TAMS 0x00000000a0300000, 0x00000000a0300000| Untracked 
| 516|0x00000000a0400000, 0x00000000a0400000, 0x00000000a0500000|  0%| F|  |TAMS 0x00000000a0400000, 0x00000000a0400000| Untracked 
| 517|0x00000000a0500000, 0x00000000a0500000, 0x00000000a0600000|  0%| F|  |TAMS 0x00000000a0500000, 0x00000000a0500000| Untracked 
| 518|0x00000000a0600000, 0x00000000a0600000, 0x00000000a0700000|  0%| F|  |TAMS 0x00000000a0600000, 0x00000000a0600000| Untracked 
| 519|0x00000000a0700000, 0x00000000a0700000, 0x00000000a0800000|  0%| F|  |TAMS 0x00000000a0700000, 0x00000000a0700000| Untracked 
| 520|0x00000000a0800000, 0x00000000a0800000, 0x00000000a0900000|  0%| F|  |TAMS 0x00000000a0800000, 0x00000000a0800000| Untracked 
| 521|0x00000000a0900000, 0x00000000a0900000, 0x00000000a0a00000|  0%| F|  |TAMS 0x00000000a0900000, 0x00000000a0900000| Untracked 
| 522|0x00000000a0a00000, 0x00000000a0a00000, 0x00000000a0b00000|  0%| F|  |TAMS 0x00000000a0a00000, 0x00000000a0a00000| Untracked 
| 523|0x00000000a0b00000, 0x00000000a0b00000, 0x00000000a0c00000|  0%| F|  |TAMS 0x00000000a0b00000, 0x00000000a0b00000| Untracked 
| 524|0x00000000a0c00000, 0x00000000a0c00000, 0x00000000a0d00000|  0%| F|  |TAMS 0x00000000a0c00000, 0x00000000a0c00000| Untracked 
| 525|0x00000000a0d00000, 0x00000000a0d00000, 0x00000000a0e00000|  0%| F|  |TAMS 0x00000000a0d00000, 0x00000000a0d00000| Untracked 
| 526|0x00000000a0e00000, 0x00000000a0e00000, 0x00000000a0f00000|  0%| F|  |TAMS 0x00000000a0e00000, 0x00000000a0e00000| Untracked 
| 527|0x00000000a0f00000, 0x00000000a0f00000, 0x00000000a1000000|  0%| F|  |TAMS 0x00000000a0f00000, 0x00000000a0f00000| Untracked 
| 528|0x00000000a1000000, 0x00000000a1000000, 0x00000000a1100000|  0%| F|  |TAMS 0x00000000a1000000, 0x00000000a1000000| Untracked 
| 529|0x00000000a1100000, 0x00000000a1100000, 0x00000000a1200000|  0%| F|  |TAMS 0x00000000a1100000, 0x00000000a1100000| Untracked 
| 530|0x00000000a1200000, 0x00000000a1200000, 0x00000000a1300000|  0%| F|  |TAMS 0x00000000a1200000, 0x00000000a1200000| Untracked 
| 531|0x00000000a1300000, 0x00000000a1300000, 0x00000000a1400000|  0%| F|  |TAMS 0x00000000a1300000, 0x00000000a1300000| Untracked 
| 532|0x00000000a1400000, 0x00000000a1400000, 0x00000000a1500000|  0%| F|  |TAMS 0x00000000a1400000, 0x00000000a1400000| Untracked 
| 533|0x00000000a1500000, 0x00000000a1500000, 0x00000000a1600000|  0%| F|  |TAMS 0x00000000a1500000, 0x00000000a1500000| Untracked 
| 534|0x00000000a1600000, 0x00000000a1600000, 0x00000000a1700000|  0%| F|  |TAMS 0x00000000a1600000, 0x00000000a1600000| Untracked 
| 535|0x00000000a1700000, 0x00000000a1700000, 0x00000000a1800000|  0%| F|  |TAMS 0x00000000a1700000, 0x00000000a1700000| Untracked 
| 536|0x00000000a1800000, 0x00000000a1800000, 0x00000000a1900000|  0%| F|  |TAMS 0x00000000a1800000, 0x00000000a1800000| Untracked 
| 537|0x00000000a1900000, 0x00000000a1900000, 0x00000000a1a00000|  0%| F|  |TAMS 0x00000000a1900000, 0x00000000a1900000| Untracked 
| 538|0x00000000a1a00000, 0x00000000a1a00000, 0x00000000a1b00000|  0%| F|  |TAMS 0x00000000a1a00000, 0x00000000a1a00000| Untracked 
| 539|0x00000000a1b00000, 0x00000000a1b00000, 0x00000000a1c00000|  0%| F|  |TAMS 0x00000000a1b00000, 0x00000000a1b00000| Untracked 
| 540|0x00000000a1c00000, 0x00000000a1c00000, 0x00000000a1d00000|  0%| F|  |TAMS 0x00000000a1c00000, 0x00000000a1c00000| Untracked 
| 541|0x00000000a1d00000, 0x00000000a1d00000, 0x00000000a1e00000|  0%| F|  |TAMS 0x00000000a1d00000, 0x00000000a1d00000| Untracked 
| 542|0x00000000a1e00000, 0x00000000a1e00000, 0x00000000a1f00000|  0%| F|  |TAMS 0x00000000a1e00000, 0x00000000a1e00000| Untracked 
| 543|0x00000000a1f00000, 0x00000000a1f00000, 0x00000000a2000000|  0%| F|  |TAMS 0x00000000a1f00000, 0x00000000a1f00000| Untracked 
| 544|0x00000000a2000000, 0x00000000a2000000, 0x00000000a2100000|  0%| F|  |TAMS 0x00000000a2000000, 0x00000000a2000000| Untracked 
| 545|0x00000000a2100000, 0x00000000a2100000, 0x00000000a2200000|  0%| F|  |TAMS 0x00000000a2100000, 0x00000000a2100000| Untracked 
| 546|0x00000000a2200000, 0x00000000a2200000, 0x00000000a2300000|  0%| F|  |TAMS 0x00000000a2200000, 0x00000000a2200000| Untracked 
| 547|0x00000000a2300000, 0x00000000a2300000, 0x00000000a2400000|  0%| F|  |TAMS 0x00000000a2300000, 0x00000000a2300000| Untracked 
| 548|0x00000000a2400000, 0x00000000a2400000, 0x00000000a2500000|  0%| F|  |TAMS 0x00000000a2400000, 0x00000000a2400000| Untracked 
| 549|0x00000000a2500000, 0x00000000a2500000, 0x00000000a2600000|  0%| F|  |TAMS 0x00000000a2500000, 0x00000000a2500000| Untracked 
| 550|0x00000000a2600000, 0x00000000a2600000, 0x00000000a2700000|  0%| F|  |TAMS 0x00000000a2600000, 0x00000000a2600000| Untracked 
| 551|0x00000000a2700000, 0x00000000a2700000, 0x00000000a2800000|  0%| F|  |TAMS 0x00000000a2700000, 0x00000000a2700000| Untracked 
| 552|0x00000000a2800000, 0x00000000a2800000, 0x00000000a2900000|  0%| F|  |TAMS 0x00000000a2800000, 0x00000000a2800000| Untracked 
| 553|0x00000000a2900000, 0x00000000a2900000, 0x00000000a2a00000|  0%| F|  |TAMS 0x00000000a2900000, 0x00000000a2900000| Untracked 
| 554|0x00000000a2a00000, 0x00000000a2a00000, 0x00000000a2b00000|  0%| F|  |TAMS 0x00000000a2a00000, 0x00000000a2a00000| Untracked 
| 555|0x00000000a2b00000, 0x00000000a2b00000, 0x00000000a2c00000|  0%| F|  |TAMS 0x00000000a2b00000, 0x00000000a2b00000| Untracked 
| 556|0x00000000a2c00000, 0x00000000a2c00000, 0x00000000a2d00000|  0%| F|  |TAMS 0x00000000a2c00000, 0x00000000a2c00000| Untracked 
| 557|0x00000000a2d00000, 0x00000000a2d00000, 0x00000000a2e00000|  0%| F|  |TAMS 0x00000000a2d00000, 0x00000000a2d00000| Untracked 
| 558|0x00000000a2e00000, 0x00000000a2e00000, 0x00000000a2f00000|  0%| F|  |TAMS 0x00000000a2e00000, 0x00000000a2e00000| Untracked 
| 559|0x00000000a2f00000, 0x00000000a2f00000, 0x00000000a3000000|  0%| F|  |TAMS 0x00000000a2f00000, 0x00000000a2f00000| Untracked 
| 560|0x00000000a3000000, 0x00000000a3000000, 0x00000000a3100000|  0%| F|  |TAMS 0x00000000a3000000, 0x00000000a3000000| Untracked 
| 561|0x00000000a3100000, 0x00000000a3100000, 0x00000000a3200000|  0%| F|  |TAMS 0x00000000a3100000, 0x00000000a3100000| Untracked 
| 562|0x00000000a3200000, 0x00000000a3200000, 0x00000000a3300000|  0%| F|  |TAMS 0x00000000a3200000, 0x00000000a3200000| Untracked 
| 563|0x00000000a3300000, 0x00000000a3300000, 0x00000000a3400000|  0%| F|  |TAMS 0x00000000a3300000, 0x00000000a3300000| Untracked 
| 564|0x00000000a3400000, 0x00000000a3400000, 0x00000000a3500000|  0%| F|  |TAMS 0x00000000a3400000, 0x00000000a3400000| Untracked 
| 565|0x00000000a3500000, 0x00000000a3500000, 0x00000000a3600000|  0%| F|  |TAMS 0x00000000a3500000, 0x00000000a3500000| Untracked 
| 566|0x00000000a3600000, 0x00000000a3600000, 0x00000000a3700000|  0%| F|  |TAMS 0x00000000a3600000, 0x00000000a3600000| Untracked 
| 567|0x00000000a3700000, 0x00000000a3700000, 0x00000000a3800000|  0%| F|  |TAMS 0x00000000a3700000, 0x00000000a3700000| Untracked 
| 568|0x00000000a3800000, 0x00000000a3800000, 0x00000000a3900000|  0%| F|  |TAMS 0x00000000a3800000, 0x00000000a3800000| Untracked 
| 569|0x00000000a3900000, 0x00000000a3900000, 0x00000000a3a00000|  0%| F|  |TAMS 0x00000000a3900000, 0x00000000a3900000| Untracked 
| 570|0x00000000a3a00000, 0x00000000a3a00000, 0x00000000a3b00000|  0%| F|  |TAMS 0x00000000a3a00000, 0x00000000a3a00000| Untracked 
| 571|0x00000000a3b00000, 0x00000000a3b00000, 0x00000000a3c00000|  0%| F|  |TAMS 0x00000000a3b00000, 0x00000000a3b00000| Untracked 
| 572|0x00000000a3c00000, 0x00000000a3c00000, 0x00000000a3d00000|  0%| F|  |TAMS 0x00000000a3c00000, 0x00000000a3c00000| Untracked 
| 573|0x00000000a3d00000, 0x00000000a3d00000, 0x00000000a3e00000|  0%| F|  |TAMS 0x00000000a3d00000, 0x00000000a3d00000| Untracked 
| 574|0x00000000a3e00000, 0x00000000a3e00000, 0x00000000a3f00000|  0%| F|  |TAMS 0x00000000a3e00000, 0x00000000a3e00000| Untracked 
| 575|0x00000000a3f00000, 0x00000000a3f00000, 0x00000000a4000000|  0%| F|  |TAMS 0x00000000a3f00000, 0x00000000a3f00000| Untracked 
| 576|0x00000000a4000000, 0x00000000a4000000, 0x00000000a4100000|  0%| F|  |TAMS 0x00000000a4000000, 0x00000000a4000000| Untracked 
| 577|0x00000000a4100000, 0x00000000a4100000, 0x00000000a4200000|  0%| F|  |TAMS 0x00000000a4100000, 0x00000000a4100000| Untracked 
| 578|0x00000000a4200000, 0x00000000a4200000, 0x00000000a4300000|  0%| F|  |TAMS 0x00000000a4200000, 0x00000000a4200000| Untracked 
| 579|0x00000000a4300000, 0x00000000a4300000, 0x00000000a4400000|  0%| F|  |TAMS 0x00000000a4300000, 0x00000000a4300000| Untracked 
| 580|0x00000000a4400000, 0x00000000a4400000, 0x00000000a4500000|  0%| F|  |TAMS 0x00000000a4400000, 0x00000000a4400000| Untracked 
| 581|0x00000000a4500000, 0x00000000a4500000, 0x00000000a4600000|  0%| F|  |TAMS 0x00000000a4500000, 0x00000000a4500000| Untracked 
| 582|0x00000000a4600000, 0x00000000a4600000, 0x00000000a4700000|  0%| F|  |TAMS 0x00000000a4600000, 0x00000000a4600000| Untracked 
| 583|0x00000000a4700000, 0x00000000a4700000, 0x00000000a4800000|  0%| F|  |TAMS 0x00000000a4700000, 0x00000000a4700000| Untracked 
| 584|0x00000000a4800000, 0x00000000a4800000, 0x00000000a4900000|  0%| F|  |TAMS 0x00000000a4800000, 0x00000000a4800000| Untracked 
| 585|0x00000000a4900000, 0x00000000a4900000, 0x00000000a4a00000|  0%| F|  |TAMS 0x00000000a4900000, 0x00000000a4900000| Untracked 
| 586|0x00000000a4a00000, 0x00000000a4a00000, 0x00000000a4b00000|  0%| F|  |TAMS 0x00000000a4a00000, 0x00000000a4a00000| Untracked 
| 587|0x00000000a4b00000, 0x00000000a4b00000, 0x00000000a4c00000|  0%| F|  |TAMS 0x00000000a4b00000, 0x00000000a4b00000| Untracked 
| 588|0x00000000a4c00000, 0x00000000a4c00000, 0x00000000a4d00000|  0%| F|  |TAMS 0x00000000a4c00000, 0x00000000a4c00000| Untracked 
| 589|0x00000000a4d00000, 0x00000000a4d00000, 0x00000000a4e00000|  0%| F|  |TAMS 0x00000000a4d00000, 0x00000000a4d00000| Untracked 
| 590|0x00000000a4e00000, 0x00000000a4e00000, 0x00000000a4f00000|  0%| F|  |TAMS 0x00000000a4e00000, 0x00000000a4e00000| Untracked 
| 591|0x00000000a4f00000, 0x00000000a4f00000, 0x00000000a5000000|  0%| F|  |TAMS 0x00000000a4f00000, 0x00000000a4f00000| Untracked 
| 592|0x00000000a5000000, 0x00000000a5000000, 0x00000000a5100000|  0%| F|  |TAMS 0x00000000a5000000, 0x00000000a5000000| Untracked 
| 593|0x00000000a5100000, 0x00000000a5100000, 0x00000000a5200000|  0%| F|  |TAMS 0x00000000a5100000, 0x00000000a5100000| Untracked 
| 594|0x00000000a5200000, 0x00000000a5200000, 0x00000000a5300000|  0%| F|  |TAMS 0x00000000a5200000, 0x00000000a5200000| Untracked 
| 595|0x00000000a5300000, 0x00000000a5300000, 0x00000000a5400000|  0%| F|  |TAMS 0x00000000a5300000, 0x00000000a5300000| Untracked 
| 596|0x00000000a5400000, 0x00000000a5400000, 0x00000000a5500000|  0%| F|  |TAMS 0x00000000a5400000, 0x00000000a5400000| Untracked 
| 597|0x00000000a5500000, 0x00000000a5500000, 0x00000000a5600000|  0%| F|  |TAMS 0x00000000a5500000, 0x00000000a5500000| Untracked 
| 598|0x00000000a5600000, 0x00000000a5600000, 0x00000000a5700000|  0%| F|  |TAMS 0x00000000a5600000, 0x00000000a5600000| Untracked 
| 599|0x00000000a5700000, 0x00000000a5700000, 0x00000000a5800000|  0%| F|  |TAMS 0x00000000a5700000, 0x00000000a5700000| Untracked 
| 600|0x00000000a5800000, 0x00000000a5800000, 0x00000000a5900000|  0%| F|  |TAMS 0x00000000a5800000, 0x00000000a5800000| Untracked 
| 601|0x00000000a5900000, 0x00000000a5900000, 0x00000000a5a00000|  0%| F|  |TAMS 0x00000000a5900000, 0x00000000a5900000| Untracked 
| 602|0x00000000a5a00000, 0x00000000a5a00000, 0x00000000a5b00000|  0%| F|  |TAMS 0x00000000a5a00000, 0x00000000a5a00000| Untracked 
| 603|0x00000000a5b00000, 0x00000000a5b00000, 0x00000000a5c00000|  0%| F|  |TAMS 0x00000000a5b00000, 0x00000000a5b00000| Untracked 
| 604|0x00000000a5c00000, 0x00000000a5c00000, 0x00000000a5d00000|  0%| F|  |TAMS 0x00000000a5c00000, 0x00000000a5c00000| Untracked 
| 605|0x00000000a5d00000, 0x00000000a5d00000, 0x00000000a5e00000|  0%| F|  |TAMS 0x00000000a5d00000, 0x00000000a5d00000| Untracked 
| 606|0x00000000a5e00000, 0x00000000a5e00000, 0x00000000a5f00000|  0%| F|  |TAMS 0x00000000a5e00000, 0x00000000a5e00000| Untracked 
| 607|0x00000000a5f00000, 0x00000000a5f00000, 0x00000000a6000000|  0%| F|  |TAMS 0x00000000a5f00000, 0x00000000a5f00000| Untracked 
| 608|0x00000000a6000000, 0x00000000a6000000, 0x00000000a6100000|  0%| F|  |TAMS 0x00000000a6000000, 0x00000000a6000000| Untracked 
| 609|0x00000000a6100000, 0x00000000a6100000, 0x00000000a6200000|  0%| F|  |TAMS 0x00000000a6100000, 0x00000000a6100000| Untracked 
| 610|0x00000000a6200000, 0x00000000a6200000, 0x00000000a6300000|  0%| F|  |TAMS 0x00000000a6200000, 0x00000000a6200000| Untracked 
| 611|0x00000000a6300000, 0x00000000a6300000, 0x00000000a6400000|  0%| F|  |TAMS 0x00000000a6300000, 0x00000000a6300000| Untracked 
| 612|0x00000000a6400000, 0x00000000a6400000, 0x00000000a6500000|  0%| F|  |TAMS 0x00000000a6400000, 0x00000000a6400000| Untracked 
| 613|0x00000000a6500000, 0x00000000a6500000, 0x00000000a6600000|  0%| F|  |TAMS 0x00000000a6500000, 0x00000000a6500000| Untracked 
| 614|0x00000000a6600000, 0x00000000a6600000, 0x00000000a6700000|  0%| F|  |TAMS 0x00000000a6600000, 0x00000000a6600000| Untracked 
| 615|0x00000000a6700000, 0x00000000a6700000, 0x00000000a6800000|  0%| F|  |TAMS 0x00000000a6700000, 0x00000000a6700000| Untracked 
| 616|0x00000000a6800000, 0x00000000a6800000, 0x00000000a6900000|  0%| F|  |TAMS 0x00000000a6800000, 0x00000000a6800000| Untracked 
| 617|0x00000000a6900000, 0x00000000a6900000, 0x00000000a6a00000|  0%| F|  |TAMS 0x00000000a6900000, 0x00000000a6900000| Untracked 
| 618|0x00000000a6a00000, 0x00000000a6a00000, 0x00000000a6b00000|  0%| F|  |TAMS 0x00000000a6a00000, 0x00000000a6a00000| Untracked 
| 619|0x00000000a6b00000, 0x00000000a6b00000, 0x00000000a6c00000|  0%| F|  |TAMS 0x00000000a6b00000, 0x00000000a6b00000| Untracked 
| 620|0x00000000a6c00000, 0x00000000a6c00000, 0x00000000a6d00000|  0%| F|  |TAMS 0x00000000a6c00000, 0x00000000a6c00000| Untracked 
| 621|0x00000000a6d00000, 0x00000000a6d00000, 0x00000000a6e00000|  0%| F|  |TAMS 0x00000000a6d00000, 0x00000000a6d00000| Untracked 
| 622|0x00000000a6e00000, 0x00000000a6e00000, 0x00000000a6f00000|  0%| F|  |TAMS 0x00000000a6e00000, 0x00000000a6e00000| Untracked 
| 623|0x00000000a6f00000, 0x00000000a6f00000, 0x00000000a7000000|  0%| F|  |TAMS 0x00000000a6f00000, 0x00000000a6f00000| Untracked 
| 624|0x00000000a7000000, 0x00000000a7000000, 0x00000000a7100000|  0%| F|  |TAMS 0x00000000a7000000, 0x00000000a7000000| Untracked 
| 625|0x00000000a7100000, 0x00000000a7100000, 0x00000000a7200000|  0%| F|  |TAMS 0x00000000a7100000, 0x00000000a7100000| Untracked 
| 626|0x00000000a7200000, 0x00000000a7200000, 0x00000000a7300000|  0%| F|  |TAMS 0x00000000a7200000, 0x00000000a7200000| Untracked 
| 627|0x00000000a7300000, 0x00000000a7300000, 0x00000000a7400000|  0%| F|  |TAMS 0x00000000a7300000, 0x00000000a7300000| Untracked 
| 628|0x00000000a7400000, 0x00000000a7400000, 0x00000000a7500000|  0%| F|  |TAMS 0x00000000a7400000, 0x00000000a7400000| Untracked 
| 629|0x00000000a7500000, 0x00000000a7500000, 0x00000000a7600000|  0%| F|  |TAMS 0x00000000a7500000, 0x00000000a7500000| Untracked 
| 630|0x00000000a7600000, 0x00000000a7600000, 0x00000000a7700000|  0%| F|  |TAMS 0x00000000a7600000, 0x00000000a7600000| Untracked 
| 631|0x00000000a7700000, 0x00000000a7700000, 0x00000000a7800000|  0%| F|  |TAMS 0x00000000a7700000, 0x00000000a7700000| Untracked 
| 632|0x00000000a7800000, 0x00000000a7800000, 0x00000000a7900000|  0%| F|  |TAMS 0x00000000a7800000, 0x00000000a7800000| Untracked 
| 633|0x00000000a7900000, 0x00000000a7900000, 0x00000000a7a00000|  0%| F|  |TAMS 0x00000000a7900000, 0x00000000a7900000| Untracked 
| 634|0x00000000a7a00000, 0x00000000a7a00000, 0x00000000a7b00000|  0%| F|  |TAMS 0x00000000a7a00000, 0x00000000a7a00000| Untracked 
| 635|0x00000000a7b00000, 0x00000000a7b00000, 0x00000000a7c00000|  0%| F|  |TAMS 0x00000000a7b00000, 0x00000000a7b00000| Untracked 
| 636|0x00000000a7c00000, 0x00000000a7c00000, 0x00000000a7d00000|  0%| F|  |TAMS 0x00000000a7c00000, 0x00000000a7c00000| Untracked 
| 637|0x00000000a7d00000, 0x00000000a7d00000, 0x00000000a7e00000|  0%| F|  |TAMS 0x00000000a7d00000, 0x00000000a7d00000| Untracked 
| 638|0x00000000a7e00000, 0x00000000a7e00000, 0x00000000a7f00000|  0%| F|  |TAMS 0x00000000a7e00000, 0x00000000a7e00000| Untracked 
| 639|0x00000000a7f00000, 0x00000000a7f00000, 0x00000000a8000000|  0%| F|  |TAMS 0x00000000a7f00000, 0x00000000a7f00000| Untracked 
| 640|0x00000000a8000000, 0x00000000a8000000, 0x00000000a8100000|  0%| F|  |TAMS 0x00000000a8000000, 0x00000000a8000000| Untracked 
| 641|0x00000000a8100000, 0x00000000a8100000, 0x00000000a8200000|  0%| F|  |TAMS 0x00000000a8100000, 0x00000000a8100000| Untracked 
| 642|0x00000000a8200000, 0x00000000a8200000, 0x00000000a8300000|  0%| F|  |TAMS 0x00000000a8200000, 0x00000000a8200000| Untracked 
| 643|0x00000000a8300000, 0x00000000a8300000, 0x00000000a8400000|  0%| F|  |TAMS 0x00000000a8300000, 0x00000000a8300000| Untracked 
| 644|0x00000000a8400000, 0x00000000a8400000, 0x00000000a8500000|  0%| F|  |TAMS 0x00000000a8400000, 0x00000000a8400000| Untracked 
| 645|0x00000000a8500000, 0x00000000a8500000, 0x00000000a8600000|  0%| F|  |TAMS 0x00000000a8500000, 0x00000000a8500000| Untracked 
| 646|0x00000000a8600000, 0x00000000a8600000, 0x00000000a8700000|  0%| F|  |TAMS 0x00000000a8600000, 0x00000000a8600000| Untracked 
| 647|0x00000000a8700000, 0x00000000a8700000, 0x00000000a8800000|  0%| F|  |TAMS 0x00000000a8700000, 0x00000000a8700000| Untracked 
| 648|0x00000000a8800000, 0x00000000a8800000, 0x00000000a8900000|  0%| F|  |TAMS 0x00000000a8800000, 0x00000000a8800000| Untracked 
| 649|0x00000000a8900000, 0x00000000a8900000, 0x00000000a8a00000|  0%| F|  |TAMS 0x00000000a8900000, 0x00000000a8900000| Untracked 
| 650|0x00000000a8a00000, 0x00000000a8a00000, 0x00000000a8b00000|  0%| F|  |TAMS 0x00000000a8a00000, 0x00000000a8a00000| Untracked 
| 651|0x00000000a8b00000, 0x00000000a8b00000, 0x00000000a8c00000|  0%| F|  |TAMS 0x00000000a8b00000, 0x00000000a8b00000| Untracked 
| 652|0x00000000a8c00000, 0x00000000a8c00000, 0x00000000a8d00000|  0%| F|  |TAMS 0x00000000a8c00000, 0x00000000a8c00000| Untracked 
| 653|0x00000000a8d00000, 0x00000000a8d00000, 0x00000000a8e00000|  0%| F|  |TAMS 0x00000000a8d00000, 0x00000000a8d00000| Untracked 
| 654|0x00000000a8e00000, 0x00000000a8e00000, 0x00000000a8f00000|  0%| F|  |TAMS 0x00000000a8e00000, 0x00000000a8e00000| Untracked 
| 655|0x00000000a8f00000, 0x00000000a8f00000, 0x00000000a9000000|  0%| F|  |TAMS 0x00000000a8f00000, 0x00000000a8f00000| Untracked 
| 656|0x00000000a9000000, 0x00000000a9000000, 0x00000000a9100000|  0%| F|  |TAMS 0x00000000a9000000, 0x00000000a9000000| Untracked 
| 657|0x00000000a9100000, 0x00000000a9100000, 0x00000000a9200000|  0%| F|  |TAMS 0x00000000a9100000, 0x00000000a9100000| Untracked 
| 658|0x00000000a9200000, 0x00000000a9200000, 0x00000000a9300000|  0%| F|  |TAMS 0x00000000a9200000, 0x00000000a9200000| Untracked 
| 659|0x00000000a9300000, 0x00000000a9300000, 0x00000000a9400000|  0%| F|  |TAMS 0x00000000a9300000, 0x00000000a9300000| Untracked 
| 660|0x00000000a9400000, 0x00000000a9400000, 0x00000000a9500000|  0%| F|  |TAMS 0x00000000a9400000, 0x00000000a9400000| Untracked 
| 661|0x00000000a9500000, 0x00000000a9500000, 0x00000000a9600000|  0%| F|  |TAMS 0x00000000a9500000, 0x00000000a9500000| Untracked 
| 662|0x00000000a9600000, 0x00000000a9600000, 0x00000000a9700000|  0%| F|  |TAMS 0x00000000a9600000, 0x00000000a9600000| Untracked 
| 663|0x00000000a9700000, 0x00000000a9700000, 0x00000000a9800000|  0%| F|  |TAMS 0x00000000a9700000, 0x00000000a9700000| Untracked 
| 664|0x00000000a9800000, 0x00000000a9800000, 0x00000000a9900000|  0%| F|  |TAMS 0x00000000a9800000, 0x00000000a9800000| Untracked 
| 665|0x00000000a9900000, 0x00000000a9900000, 0x00000000a9a00000|  0%| F|  |TAMS 0x00000000a9900000, 0x00000000a9900000| Untracked 
| 666|0x00000000a9a00000, 0x00000000a9a00000, 0x00000000a9b00000|  0%| F|  |TAMS 0x00000000a9a00000, 0x00000000a9a00000| Untracked 
| 667|0x00000000a9b00000, 0x00000000a9b00000, 0x00000000a9c00000|  0%| F|  |TAMS 0x00000000a9b00000, 0x00000000a9b00000| Untracked 
| 668|0x00000000a9c00000, 0x00000000a9c00000, 0x00000000a9d00000|  0%| F|  |TAMS 0x00000000a9c00000, 0x00000000a9c00000| Untracked 
| 669|0x00000000a9d00000, 0x00000000a9d00000, 0x00000000a9e00000|  0%| F|  |TAMS 0x00000000a9d00000, 0x00000000a9d00000| Untracked 
| 670|0x00000000a9e00000, 0x00000000a9e00000, 0x00000000a9f00000|  0%| F|  |TAMS 0x00000000a9e00000, 0x00000000a9e00000| Untracked 
| 671|0x00000000a9f00000, 0x00000000a9f00000, 0x00000000aa000000|  0%| F|  |TAMS 0x00000000a9f00000, 0x00000000a9f00000| Untracked 
| 672|0x00000000aa000000, 0x00000000aa000000, 0x00000000aa100000|  0%| F|  |TAMS 0x00000000aa000000, 0x00000000aa000000| Untracked 
| 673|0x00000000aa100000, 0x00000000aa100000, 0x00000000aa200000|  0%| F|  |TAMS 0x00000000aa100000, 0x00000000aa100000| Untracked 
| 674|0x00000000aa200000, 0x00000000aa200000, 0x00000000aa300000|  0%| F|  |TAMS 0x00000000aa200000, 0x00000000aa200000| Untracked 
| 675|0x00000000aa300000, 0x00000000aa300000, 0x00000000aa400000|  0%| F|  |TAMS 0x00000000aa300000, 0x00000000aa300000| Untracked 
| 676|0x00000000aa400000, 0x00000000aa400000, 0x00000000aa500000|  0%| F|  |TAMS 0x00000000aa400000, 0x00000000aa400000| Untracked 
| 677|0x00000000aa500000, 0x00000000aa500000, 0x00000000aa600000|  0%| F|  |TAMS 0x00000000aa500000, 0x00000000aa500000| Untracked 
| 678|0x00000000aa600000, 0x00000000aa600000, 0x00000000aa700000|  0%| F|  |TAMS 0x00000000aa600000, 0x00000000aa600000| Untracked 
| 679|0x00000000aa700000, 0x00000000aa700000, 0x00000000aa800000|  0%| F|  |TAMS 0x00000000aa700000, 0x00000000aa700000| Untracked 
| 680|0x00000000aa800000, 0x00000000aa800000, 0x00000000aa900000|  0%| F|  |TAMS 0x00000000aa800000, 0x00000000aa800000| Untracked 
| 681|0x00000000aa900000, 0x00000000aa900000, 0x00000000aaa00000|  0%| F|  |TAMS 0x00000000aa900000, 0x00000000aa900000| Untracked 
| 682|0x00000000aaa00000, 0x00000000aaa00000, 0x00000000aab00000|  0%| F|  |TAMS 0x00000000aaa00000, 0x00000000aaa00000| Untracked 
| 683|0x00000000aab00000, 0x00000000aab00000, 0x00000000aac00000|  0%| F|  |TAMS 0x00000000aab00000, 0x00000000aab00000| Untracked 
| 684|0x00000000aac00000, 0x00000000aac00000, 0x00000000aad00000|  0%| F|  |TAMS 0x00000000aac00000, 0x00000000aac00000| Untracked 
| 685|0x00000000aad00000, 0x00000000aad00000, 0x00000000aae00000|  0%| F|  |TAMS 0x00000000aad00000, 0x00000000aad00000| Untracked 
| 686|0x00000000aae00000, 0x00000000aae00000, 0x00000000aaf00000|  0%| F|  |TAMS 0x00000000aae00000, 0x00000000aae00000| Untracked 
| 687|0x00000000aaf00000, 0x00000000aaf00000, 0x00000000ab000000|  0%| F|  |TAMS 0x00000000aaf00000, 0x00000000aaf00000| Untracked 
| 688|0x00000000ab000000, 0x00000000ab000000, 0x00000000ab100000|  0%| F|  |TAMS 0x00000000ab000000, 0x00000000ab000000| Untracked 
| 689|0x00000000ab100000, 0x00000000ab100000, 0x00000000ab200000|  0%| F|  |TAMS 0x00000000ab100000, 0x00000000ab100000| Untracked 
| 690|0x00000000ab200000, 0x00000000ab200000, 0x00000000ab300000|  0%| F|  |TAMS 0x00000000ab200000, 0x00000000ab200000| Untracked 
| 691|0x00000000ab300000, 0x00000000ab300000, 0x00000000ab400000|  0%| F|  |TAMS 0x00000000ab300000, 0x00000000ab300000| Untracked 
| 692|0x00000000ab400000, 0x00000000ab400000, 0x00000000ab500000|  0%| F|  |TAMS 0x00000000ab400000, 0x00000000ab400000| Untracked 
| 693|0x00000000ab500000, 0x00000000ab500000, 0x00000000ab600000|  0%| F|  |TAMS 0x00000000ab500000, 0x00000000ab500000| Untracked 
| 694|0x00000000ab600000, 0x00000000ab600000, 0x00000000ab700000|  0%| F|  |TAMS 0x00000000ab600000, 0x00000000ab600000| Untracked 
| 695|0x00000000ab700000, 0x00000000ab700000, 0x00000000ab800000|  0%| F|  |TAMS 0x00000000ab700000, 0x00000000ab700000| Untracked 
| 696|0x00000000ab800000, 0x00000000ab800000, 0x00000000ab900000|  0%| F|  |TAMS 0x00000000ab800000, 0x00000000ab800000| Untracked 
| 697|0x00000000ab900000, 0x00000000ab900000, 0x00000000aba00000|  0%| F|  |TAMS 0x00000000ab900000, 0x00000000ab900000| Untracked 
| 698|0x00000000aba00000, 0x00000000aba00000, 0x00000000abb00000|  0%| F|  |TAMS 0x00000000aba00000, 0x00000000aba00000| Untracked 
| 699|0x00000000abb00000, 0x00000000abb00000, 0x00000000abc00000|  0%| F|  |TAMS 0x00000000abb00000, 0x00000000abb00000| Untracked 
| 700|0x00000000abc00000, 0x00000000abc00000, 0x00000000abd00000|  0%| F|  |TAMS 0x00000000abc00000, 0x00000000abc00000| Untracked 
| 701|0x00000000abd00000, 0x00000000abd00000, 0x00000000abe00000|  0%| F|  |TAMS 0x00000000abd00000, 0x00000000abd00000| Untracked 
| 702|0x00000000abe00000, 0x00000000abe00000, 0x00000000abf00000|  0%| F|  |TAMS 0x00000000abe00000, 0x00000000abe00000| Untracked 
| 703|0x00000000abf00000, 0x00000000abf00000, 0x00000000ac000000|  0%| F|  |TAMS 0x00000000abf00000, 0x00000000abf00000| Untracked 
| 704|0x00000000ac000000, 0x00000000ac000000, 0x00000000ac100000|  0%| F|  |TAMS 0x00000000ac000000, 0x00000000ac000000| Untracked 
| 705|0x00000000ac100000, 0x00000000ac100000, 0x00000000ac200000|  0%| F|  |TAMS 0x00000000ac100000, 0x00000000ac100000| Untracked 
| 706|0x00000000ac200000, 0x00000000ac200000, 0x00000000ac300000|  0%| F|  |TAMS 0x00000000ac200000, 0x00000000ac200000| Untracked 
| 707|0x00000000ac300000, 0x00000000ac300000, 0x00000000ac400000|  0%| F|  |TAMS 0x00000000ac300000, 0x00000000ac300000| Untracked 
| 708|0x00000000ac400000, 0x00000000ac400000, 0x00000000ac500000|  0%| F|  |TAMS 0x00000000ac400000, 0x00000000ac400000| Untracked 
| 709|0x00000000ac500000, 0x00000000ac500000, 0x00000000ac600000|  0%| F|  |TAMS 0x00000000ac500000, 0x00000000ac500000| Untracked 
| 710|0x00000000ac600000, 0x00000000ac600000, 0x00000000ac700000|  0%| F|  |TAMS 0x00000000ac600000, 0x00000000ac600000| Untracked 
| 711|0x00000000ac700000, 0x00000000ac700000, 0x00000000ac800000|  0%| F|  |TAMS 0x00000000ac700000, 0x00000000ac700000| Untracked 
| 712|0x00000000ac800000, 0x00000000ac800000, 0x00000000ac900000|  0%| F|  |TAMS 0x00000000ac800000, 0x00000000ac800000| Untracked 
| 713|0x00000000ac900000, 0x00000000ac900000, 0x00000000aca00000|  0%| F|  |TAMS 0x00000000ac900000, 0x00000000ac900000| Untracked 
| 714|0x00000000aca00000, 0x00000000aca00000, 0x00000000acb00000|  0%| F|  |TAMS 0x00000000aca00000, 0x00000000aca00000| Untracked 
| 715|0x00000000acb00000, 0x00000000acb00000, 0x00000000acc00000|  0%| F|  |TAMS 0x00000000acb00000, 0x00000000acb00000| Untracked 
| 716|0x00000000acc00000, 0x00000000acc00000, 0x00000000acd00000|  0%| F|  |TAMS 0x00000000acc00000, 0x00000000acc00000| Untracked 
| 717|0x00000000acd00000, 0x00000000acd00000, 0x00000000ace00000|  0%| F|  |TAMS 0x00000000acd00000, 0x00000000acd00000| Untracked 
| 718|0x00000000ace00000, 0x00000000ace00000, 0x00000000acf00000|  0%| F|  |TAMS 0x00000000ace00000, 0x00000000ace00000| Untracked 
| 719|0x00000000acf00000, 0x00000000acf00000, 0x00000000ad000000|  0%| F|  |TAMS 0x00000000acf00000, 0x00000000acf00000| Untracked 
| 720|0x00000000ad000000, 0x00000000ad000000, 0x00000000ad100000|  0%| F|  |TAMS 0x00000000ad000000, 0x00000000ad000000| Untracked 
| 721|0x00000000ad100000, 0x00000000ad100000, 0x00000000ad200000|  0%| F|  |TAMS 0x00000000ad100000, 0x00000000ad100000| Untracked 
| 722|0x00000000ad200000, 0x00000000ad200000, 0x00000000ad300000|  0%| F|  |TAMS 0x00000000ad200000, 0x00000000ad200000| Untracked 
| 723|0x00000000ad300000, 0x00000000ad300000, 0x00000000ad400000|  0%| F|  |TAMS 0x00000000ad300000, 0x00000000ad300000| Untracked 
| 724|0x00000000ad400000, 0x00000000ad400000, 0x00000000ad500000|  0%| F|  |TAMS 0x00000000ad400000, 0x00000000ad400000| Untracked 
| 725|0x00000000ad500000, 0x00000000ad500000, 0x00000000ad600000|  0%| F|  |TAMS 0x00000000ad500000, 0x00000000ad500000| Untracked 
| 726|0x00000000ad600000, 0x00000000ad600000, 0x00000000ad700000|  0%| F|  |TAMS 0x00000000ad600000, 0x00000000ad600000| Untracked 
| 727|0x00000000ad700000, 0x00000000ad700000, 0x00000000ad800000|  0%| F|  |TAMS 0x00000000ad700000, 0x00000000ad700000| Untracked 
| 728|0x00000000ad800000, 0x00000000ad800000, 0x00000000ad900000|  0%| F|  |TAMS 0x00000000ad800000, 0x00000000ad800000| Untracked 
| 729|0x00000000ad900000, 0x00000000ad900000, 0x00000000ada00000|  0%| F|  |TAMS 0x00000000ad900000, 0x00000000ad900000| Untracked 
| 730|0x00000000ada00000, 0x00000000ada00000, 0x00000000adb00000|  0%| F|  |TAMS 0x00000000ada00000, 0x00000000ada00000| Untracked 
| 731|0x00000000adb00000, 0x00000000adb00000, 0x00000000adc00000|  0%| F|  |TAMS 0x00000000adb00000, 0x00000000adb00000| Untracked 
| 732|0x00000000adc00000, 0x00000000adc00000, 0x00000000add00000|  0%| F|  |TAMS 0x00000000adc00000, 0x00000000adc00000| Untracked 
| 733|0x00000000add00000, 0x00000000add00000, 0x00000000ade00000|  0%| F|  |TAMS 0x00000000add00000, 0x00000000add00000| Untracked 
| 734|0x00000000ade00000, 0x00000000ade00000, 0x00000000adf00000|  0%| F|  |TAMS 0x00000000ade00000, 0x00000000ade00000| Untracked 
| 735|0x00000000adf00000, 0x00000000adf00000, 0x00000000ae000000|  0%| F|  |TAMS 0x00000000adf00000, 0x00000000adf00000| Untracked 
| 736|0x00000000ae000000, 0x00000000ae000000, 0x00000000ae100000|  0%| F|  |TAMS 0x00000000ae000000, 0x00000000ae000000| Untracked 
| 737|0x00000000ae100000, 0x00000000ae100000, 0x00000000ae200000|  0%| F|  |TAMS 0x00000000ae100000, 0x00000000ae100000| Untracked 
| 738|0x00000000ae200000, 0x00000000ae200000, 0x00000000ae300000|  0%| F|  |TAMS 0x00000000ae200000, 0x00000000ae200000| Untracked 
| 739|0x00000000ae300000, 0x00000000ae300000, 0x00000000ae400000|  0%| F|  |TAMS 0x00000000ae300000, 0x00000000ae300000| Untracked 
| 740|0x00000000ae400000, 0x00000000ae400000, 0x00000000ae500000|  0%| F|  |TAMS 0x00000000ae400000, 0x00000000ae400000| Untracked 
| 741|0x00000000ae500000, 0x00000000ae500000, 0x00000000ae600000|  0%| F|  |TAMS 0x00000000ae500000, 0x00000000ae500000| Untracked 
| 742|0x00000000ae600000, 0x00000000ae600000, 0x00000000ae700000|  0%| F|  |TAMS 0x00000000ae600000, 0x00000000ae600000| Untracked 
| 743|0x00000000ae700000, 0x00000000ae700000, 0x00000000ae800000|  0%| F|  |TAMS 0x00000000ae700000, 0x00000000ae700000| Untracked 
| 744|0x00000000ae800000, 0x00000000ae800000, 0x00000000ae900000|  0%| F|  |TAMS 0x00000000ae800000, 0x00000000ae800000| Untracked 
| 745|0x00000000ae900000, 0x00000000ae900000, 0x00000000aea00000|  0%| F|  |TAMS 0x00000000ae900000, 0x00000000ae900000| Untracked 
| 746|0x00000000aea00000, 0x00000000aea00000, 0x00000000aeb00000|  0%| F|  |TAMS 0x00000000aea00000, 0x00000000aea00000| Untracked 
| 747|0x00000000aeb00000, 0x00000000aeb00000, 0x00000000aec00000|  0%| F|  |TAMS 0x00000000aeb00000, 0x00000000aeb00000| Untracked 
| 748|0x00000000aec00000, 0x00000000aec00000, 0x00000000aed00000|  0%| F|  |TAMS 0x00000000aec00000, 0x00000000aec00000| Untracked 
| 749|0x00000000aed00000, 0x00000000aed00000, 0x00000000aee00000|  0%| F|  |TAMS 0x00000000aed00000, 0x00000000aed00000| Untracked 
| 750|0x00000000aee00000, 0x00000000aee00000, 0x00000000aef00000|  0%| F|  |TAMS 0x00000000aee00000, 0x00000000aee00000| Untracked 
| 751|0x00000000aef00000, 0x00000000aef00000, 0x00000000af000000|  0%| F|  |TAMS 0x00000000aef00000, 0x00000000aef00000| Untracked 
| 752|0x00000000af000000, 0x00000000af000000, 0x00000000af100000|  0%| F|  |TAMS 0x00000000af000000, 0x00000000af000000| Untracked 
| 753|0x00000000af100000, 0x00000000af100000, 0x00000000af200000|  0%| F|  |TAMS 0x00000000af100000, 0x00000000af100000| Untracked 
| 754|0x00000000af200000, 0x00000000af200000, 0x00000000af300000|  0%| F|  |TAMS 0x00000000af200000, 0x00000000af200000| Untracked 
| 755|0x00000000af300000, 0x00000000af300000, 0x00000000af400000|  0%| F|  |TAMS 0x00000000af300000, 0x00000000af300000| Untracked 
| 756|0x00000000af400000, 0x00000000af400000, 0x00000000af500000|  0%| F|  |TAMS 0x00000000af400000, 0x00000000af400000| Untracked 
| 757|0x00000000af500000, 0x00000000af500000, 0x00000000af600000|  0%| F|  |TAMS 0x00000000af500000, 0x00000000af500000| Untracked 
| 758|0x00000000af600000, 0x00000000af600000, 0x00000000af700000|  0%| F|  |TAMS 0x00000000af600000, 0x00000000af600000| Untracked 
| 759|0x00000000af700000, 0x00000000af700000, 0x00000000af800000|  0%| F|  |TAMS 0x00000000af700000, 0x00000000af700000| Untracked 
| 760|0x00000000af800000, 0x00000000af800000, 0x00000000af900000|  0%| F|  |TAMS 0x00000000af800000, 0x00000000af800000| Untracked 
| 761|0x00000000af900000, 0x00000000af900000, 0x00000000afa00000|  0%| F|  |TAMS 0x00000000af900000, 0x00000000af900000| Untracked 
| 762|0x00000000afa00000, 0x00000000afa00000, 0x00000000afb00000|  0%| F|  |TAMS 0x00000000afa00000, 0x00000000afa00000| Untracked 
| 763|0x00000000afb00000, 0x00000000afb00000, 0x00000000afc00000|  0%| F|  |TAMS 0x00000000afb00000, 0x00000000afb00000| Untracked 
| 764|0x00000000afc00000, 0x00000000afc00000, 0x00000000afd00000|  0%| F|  |TAMS 0x00000000afc00000, 0x00000000afc00000| Untracked 
| 765|0x00000000afd00000, 0x00000000afd00000, 0x00000000afe00000|  0%| F|  |TAMS 0x00000000afd00000, 0x00000000afd00000| Untracked 
| 766|0x00000000afe00000, 0x00000000afe00000, 0x00000000aff00000|  0%| F|  |TAMS 0x00000000afe00000, 0x00000000afe00000| Untracked 
| 767|0x00000000aff00000, 0x00000000aff00000, 0x00000000b0000000|  0%| F|  |TAMS 0x00000000aff00000, 0x00000000aff00000| Untracked 
| 768|0x00000000b0000000, 0x00000000b0000000, 0x00000000b0100000|  0%| F|  |TAMS 0x00000000b0000000, 0x00000000b0000000| Untracked 
| 769|0x00000000b0100000, 0x00000000b0100000, 0x00000000b0200000|  0%| F|  |TAMS 0x00000000b0100000, 0x00000000b0100000| Untracked 
| 770|0x00000000b0200000, 0x00000000b0200000, 0x00000000b0300000|  0%| F|  |TAMS 0x00000000b0200000, 0x00000000b0200000| Untracked 
| 771|0x00000000b0300000, 0x00000000b0300000, 0x00000000b0400000|  0%| F|  |TAMS 0x00000000b0300000, 0x00000000b0300000| Untracked 
| 772|0x00000000b0400000, 0x00000000b0400000, 0x00000000b0500000|  0%| F|  |TAMS 0x00000000b0400000, 0x00000000b0400000| Untracked 
| 773|0x00000000b0500000, 0x00000000b0500000, 0x00000000b0600000|  0%| F|  |TAMS 0x00000000b0500000, 0x00000000b0500000| Untracked 
| 774|0x00000000b0600000, 0x00000000b0600000, 0x00000000b0700000|  0%| F|  |TAMS 0x00000000b0600000, 0x00000000b0600000| Untracked 
| 775|0x00000000b0700000, 0x00000000b0700000, 0x00000000b0800000|  0%| F|  |TAMS 0x00000000b0700000, 0x00000000b0700000| Untracked 
| 776|0x00000000b0800000, 0x00000000b0800000, 0x00000000b0900000|  0%| F|  |TAMS 0x00000000b0800000, 0x00000000b0800000| Untracked 
| 777|0x00000000b0900000, 0x00000000b0900000, 0x00000000b0a00000|  0%| F|  |TAMS 0x00000000b0900000, 0x00000000b0900000| Untracked 
| 778|0x00000000b0a00000, 0x00000000b0a00000, 0x00000000b0b00000|  0%| F|  |TAMS 0x00000000b0a00000, 0x00000000b0a00000| Untracked 
| 779|0x00000000b0b00000, 0x00000000b0b00000, 0x00000000b0c00000|  0%| F|  |TAMS 0x00000000b0b00000, 0x00000000b0b00000| Untracked 
| 780|0x00000000b0c00000, 0x00000000b0c00000, 0x00000000b0d00000|  0%| F|  |TAMS 0x00000000b0c00000, 0x00000000b0c00000| Untracked 
| 781|0x00000000b0d00000, 0x00000000b0d00000, 0x00000000b0e00000|  0%| F|  |TAMS 0x00000000b0d00000, 0x00000000b0d00000| Untracked 
| 782|0x00000000b0e00000, 0x00000000b0e00000, 0x00000000b0f00000|  0%| F|  |TAMS 0x00000000b0e00000, 0x00000000b0e00000| Untracked 
| 783|0x00000000b0f00000, 0x00000000b0f00000, 0x00000000b1000000|  0%| F|  |TAMS 0x00000000b0f00000, 0x00000000b0f00000| Untracked 
| 784|0x00000000b1000000, 0x00000000b1000000, 0x00000000b1100000|  0%| F|  |TAMS 0x00000000b1000000, 0x00000000b1000000| Untracked 
| 785|0x00000000b1100000, 0x00000000b1100000, 0x00000000b1200000|  0%| F|  |TAMS 0x00000000b1100000, 0x00000000b1100000| Untracked 
| 786|0x00000000b1200000, 0x00000000b1200000, 0x00000000b1300000|  0%| F|  |TAMS 0x00000000b1200000, 0x00000000b1200000| Untracked 
| 787|0x00000000b1300000, 0x00000000b1300000, 0x00000000b1400000|  0%| F|  |TAMS 0x00000000b1300000, 0x00000000b1300000| Untracked 
| 788|0x00000000b1400000, 0x00000000b1400000, 0x00000000b1500000|  0%| F|  |TAMS 0x00000000b1400000, 0x00000000b1400000| Untracked 
| 789|0x00000000b1500000, 0x00000000b1500000, 0x00000000b1600000|  0%| F|  |TAMS 0x00000000b1500000, 0x00000000b1500000| Untracked 
| 790|0x00000000b1600000, 0x00000000b1600000, 0x00000000b1700000|  0%| F|  |TAMS 0x00000000b1600000, 0x00000000b1600000| Untracked 
| 791|0x00000000b1700000, 0x00000000b1700000, 0x00000000b1800000|  0%| F|  |TAMS 0x00000000b1700000, 0x00000000b1700000| Untracked 
| 792|0x00000000b1800000, 0x00000000b1800000, 0x00000000b1900000|  0%| F|  |TAMS 0x00000000b1800000, 0x00000000b1800000| Untracked 
| 793|0x00000000b1900000, 0x00000000b1900000, 0x00000000b1a00000|  0%| F|  |TAMS 0x00000000b1900000, 0x00000000b1900000| Untracked 
| 794|0x00000000b1a00000, 0x00000000b1a00000, 0x00000000b1b00000|  0%| F|  |TAMS 0x00000000b1a00000, 0x00000000b1a00000| Untracked 
| 795|0x00000000b1b00000, 0x00000000b1b00000, 0x00000000b1c00000|  0%| F|  |TAMS 0x00000000b1b00000, 0x00000000b1b00000| Untracked 
| 796|0x00000000b1c00000, 0x00000000b1c00000, 0x00000000b1d00000|  0%| F|  |TAMS 0x00000000b1c00000, 0x00000000b1c00000| Untracked 
| 797|0x00000000b1d00000, 0x00000000b1d00000, 0x00000000b1e00000|  0%| F|  |TAMS 0x00000000b1d00000, 0x00000000b1d00000| Untracked 
| 798|0x00000000b1e00000, 0x00000000b1e00000, 0x00000000b1f00000|  0%| F|  |TAMS 0x00000000b1e00000, 0x00000000b1e00000| Untracked 
| 799|0x00000000b1f00000, 0x00000000b1f00000, 0x00000000b2000000|  0%| F|  |TAMS 0x00000000b1f00000, 0x00000000b1f00000| Untracked 
| 800|0x00000000b2000000, 0x00000000b2000000, 0x00000000b2100000|  0%| F|  |TAMS 0x00000000b2000000, 0x00000000b2000000| Untracked 
| 801|0x00000000b2100000, 0x00000000b2100000, 0x00000000b2200000|  0%| F|  |TAMS 0x00000000b2100000, 0x00000000b2100000| Untracked 
| 802|0x00000000b2200000, 0x00000000b2200000, 0x00000000b2300000|  0%| F|  |TAMS 0x00000000b2200000, 0x00000000b2200000| Untracked 
| 803|0x00000000b2300000, 0x00000000b2300000, 0x00000000b2400000|  0%| F|  |TAMS 0x00000000b2300000, 0x00000000b2300000| Untracked 
| 804|0x00000000b2400000, 0x00000000b2400000, 0x00000000b2500000|  0%| F|  |TAMS 0x00000000b2400000, 0x00000000b2400000| Untracked 
| 805|0x00000000b2500000, 0x00000000b2500000, 0x00000000b2600000|  0%| F|  |TAMS 0x00000000b2500000, 0x00000000b2500000| Untracked 
| 806|0x00000000b2600000, 0x00000000b2600000, 0x00000000b2700000|  0%| F|  |TAMS 0x00000000b2600000, 0x00000000b2600000| Untracked 
| 807|0x00000000b2700000, 0x00000000b2700000, 0x00000000b2800000|  0%| F|  |TAMS 0x00000000b2700000, 0x00000000b2700000| Untracked 
| 808|0x00000000b2800000, 0x00000000b2800000, 0x00000000b2900000|  0%| F|  |TAMS 0x00000000b2800000, 0x00000000b2800000| Untracked 
| 809|0x00000000b2900000, 0x00000000b2900000, 0x00000000b2a00000|  0%| F|  |TAMS 0x00000000b2900000, 0x00000000b2900000| Untracked 
| 810|0x00000000b2a00000, 0x00000000b2a00000, 0x00000000b2b00000|  0%| F|  |TAMS 0x00000000b2a00000, 0x00000000b2a00000| Untracked 
| 811|0x00000000b2b00000, 0x00000000b2b00000, 0x00000000b2c00000|  0%| F|  |TAMS 0x00000000b2b00000, 0x00000000b2b00000| Untracked 
| 812|0x00000000b2c00000, 0x00000000b2c00000, 0x00000000b2d00000|  0%| F|  |TAMS 0x00000000b2c00000, 0x00000000b2c00000| Untracked 
| 813|0x00000000b2d00000, 0x00000000b2d00000, 0x00000000b2e00000|  0%| F|  |TAMS 0x00000000b2d00000, 0x00000000b2d00000| Untracked 
| 814|0x00000000b2e00000, 0x00000000b2e00000, 0x00000000b2f00000|  0%| F|  |TAMS 0x00000000b2e00000, 0x00000000b2e00000| Untracked 
| 815|0x00000000b2f00000, 0x00000000b2f00000, 0x00000000b3000000|  0%| F|  |TAMS 0x00000000b2f00000, 0x00000000b2f00000| Untracked 
| 816|0x00000000b3000000, 0x00000000b3000000, 0x00000000b3100000|  0%| F|  |TAMS 0x00000000b3000000, 0x00000000b3000000| Untracked 
| 817|0x00000000b3100000, 0x00000000b3100000, 0x00000000b3200000|  0%| F|  |TAMS 0x00000000b3100000, 0x00000000b3100000| Untracked 
| 818|0x00000000b3200000, 0x00000000b3200000, 0x00000000b3300000|  0%| F|  |TAMS 0x00000000b3200000, 0x00000000b3200000| Untracked 
| 819|0x00000000b3300000, 0x00000000b3300000, 0x00000000b3400000|  0%| F|  |TAMS 0x00000000b3300000, 0x00000000b3300000| Untracked 
| 820|0x00000000b3400000, 0x00000000b3400000, 0x00000000b3500000|  0%| F|  |TAMS 0x00000000b3400000, 0x00000000b3400000| Untracked 
| 821|0x00000000b3500000, 0x00000000b3500000, 0x00000000b3600000|  0%| F|  |TAMS 0x00000000b3500000, 0x00000000b3500000| Untracked 
| 822|0x00000000b3600000, 0x00000000b3600000, 0x00000000b3700000|  0%| F|  |TAMS 0x00000000b3600000, 0x00000000b3600000| Untracked 
| 823|0x00000000b3700000, 0x00000000b3700000, 0x00000000b3800000|  0%| F|  |TAMS 0x00000000b3700000, 0x00000000b3700000| Untracked 
| 824|0x00000000b3800000, 0x00000000b3800000, 0x00000000b3900000|  0%| F|  |TAMS 0x00000000b3800000, 0x00000000b3800000| Untracked 
| 825|0x00000000b3900000, 0x00000000b3900000, 0x00000000b3a00000|  0%| F|  |TAMS 0x00000000b3900000, 0x00000000b3900000| Untracked 
| 826|0x00000000b3a00000, 0x00000000b3a00000, 0x00000000b3b00000|  0%| F|  |TAMS 0x00000000b3a00000, 0x00000000b3a00000| Untracked 
| 827|0x00000000b3b00000, 0x00000000b3b00000, 0x00000000b3c00000|  0%| F|  |TAMS 0x00000000b3b00000, 0x00000000b3b00000| Untracked 
| 828|0x00000000b3c00000, 0x00000000b3c00000, 0x00000000b3d00000|  0%| F|  |TAMS 0x00000000b3c00000, 0x00000000b3c00000| Untracked 
| 829|0x00000000b3d00000, 0x00000000b3d00000, 0x00000000b3e00000|  0%| F|  |TAMS 0x00000000b3d00000, 0x00000000b3d00000| Untracked 
| 830|0x00000000b3e00000, 0x00000000b3e00000, 0x00000000b3f00000|  0%| F|  |TAMS 0x00000000b3e00000, 0x00000000b3e00000| Untracked 
| 831|0x00000000b3f00000, 0x00000000b3f00000, 0x00000000b4000000|  0%| F|  |TAMS 0x00000000b3f00000, 0x00000000b3f00000| Untracked 
| 832|0x00000000b4000000, 0x00000000b4000000, 0x00000000b4100000|  0%| F|  |TAMS 0x00000000b4000000, 0x00000000b4000000| Untracked 
| 833|0x00000000b4100000, 0x00000000b4100000, 0x00000000b4200000|  0%| F|  |TAMS 0x00000000b4100000, 0x00000000b4100000| Untracked 
| 834|0x00000000b4200000, 0x00000000b4200000, 0x00000000b4300000|  0%| F|  |TAMS 0x00000000b4200000, 0x00000000b4200000| Untracked 
| 835|0x00000000b4300000, 0x00000000b4300000, 0x00000000b4400000|  0%| F|  |TAMS 0x00000000b4300000, 0x00000000b4300000| Untracked 
| 836|0x00000000b4400000, 0x00000000b4400000, 0x00000000b4500000|  0%| F|  |TAMS 0x00000000b4400000, 0x00000000b4400000| Untracked 
| 837|0x00000000b4500000, 0x00000000b4500000, 0x00000000b4600000|  0%| F|  |TAMS 0x00000000b4500000, 0x00000000b4500000| Untracked 
| 838|0x00000000b4600000, 0x00000000b4600000, 0x00000000b4700000|  0%| F|  |TAMS 0x00000000b4600000, 0x00000000b4600000| Untracked 
| 839|0x00000000b4700000, 0x00000000b4700000, 0x00000000b4800000|  0%| F|  |TAMS 0x00000000b4700000, 0x00000000b4700000| Untracked 
| 840|0x00000000b4800000, 0x00000000b4800000, 0x00000000b4900000|  0%| F|  |TAMS 0x00000000b4800000, 0x00000000b4800000| Untracked 
| 841|0x00000000b4900000, 0x00000000b4900000, 0x00000000b4a00000|  0%| F|  |TAMS 0x00000000b4900000, 0x00000000b4900000| Untracked 
| 842|0x00000000b4a00000, 0x00000000b4a00000, 0x00000000b4b00000|  0%| F|  |TAMS 0x00000000b4a00000, 0x00000000b4a00000| Untracked 
| 843|0x00000000b4b00000, 0x00000000b4b00000, 0x00000000b4c00000|  0%| F|  |TAMS 0x00000000b4b00000, 0x00000000b4b00000| Untracked 
| 844|0x00000000b4c00000, 0x00000000b4c00000, 0x00000000b4d00000|  0%| F|  |TAMS 0x00000000b4c00000, 0x00000000b4c00000| Untracked 
| 845|0x00000000b4d00000, 0x00000000b4d00000, 0x00000000b4e00000|  0%| F|  |TAMS 0x00000000b4d00000, 0x00000000b4d00000| Untracked 
| 846|0x00000000b4e00000, 0x00000000b4e00000, 0x00000000b4f00000|  0%| F|  |TAMS 0x00000000b4e00000, 0x00000000b4e00000| Untracked 
| 847|0x00000000b4f00000, 0x00000000b4f00000, 0x00000000b5000000|  0%| F|  |TAMS 0x00000000b4f00000, 0x00000000b4f00000| Untracked 
| 848|0x00000000b5000000, 0x00000000b5000000, 0x00000000b5100000|  0%| F|  |TAMS 0x00000000b5000000, 0x00000000b5000000| Untracked 
| 849|0x00000000b5100000, 0x00000000b5100000, 0x00000000b5200000|  0%| F|  |TAMS 0x00000000b5100000, 0x00000000b5100000| Untracked 
| 850|0x00000000b5200000, 0x00000000b5200000, 0x00000000b5300000|  0%| F|  |TAMS 0x00000000b5200000, 0x00000000b5200000| Untracked 
| 851|0x00000000b5300000, 0x00000000b5300000, 0x00000000b5400000|  0%| F|  |TAMS 0x00000000b5300000, 0x00000000b5300000| Untracked 
| 852|0x00000000b5400000, 0x00000000b5400000, 0x00000000b5500000|  0%| F|  |TAMS 0x00000000b5400000, 0x00000000b5400000| Untracked 
| 853|0x00000000b5500000, 0x00000000b5500000, 0x00000000b5600000|  0%| F|  |TAMS 0x00000000b5500000, 0x00000000b5500000| Untracked 
| 854|0x00000000b5600000, 0x00000000b5600000, 0x00000000b5700000|  0%| F|  |TAMS 0x00000000b5600000, 0x00000000b5600000| Untracked 
| 855|0x00000000b5700000, 0x00000000b5700000, 0x00000000b5800000|  0%| F|  |TAMS 0x00000000b5700000, 0x00000000b5700000| Untracked 
| 856|0x00000000b5800000, 0x00000000b5800000, 0x00000000b5900000|  0%| F|  |TAMS 0x00000000b5800000, 0x00000000b5800000| Untracked 
| 857|0x00000000b5900000, 0x00000000b5900000, 0x00000000b5a00000|  0%| F|  |TAMS 0x00000000b5900000, 0x00000000b5900000| Untracked 
| 858|0x00000000b5a00000, 0x00000000b5a00000, 0x00000000b5b00000|  0%| F|  |TAMS 0x00000000b5a00000, 0x00000000b5a00000| Untracked 
| 859|0x00000000b5b00000, 0x00000000b5b00000, 0x00000000b5c00000|  0%| F|  |TAMS 0x00000000b5b00000, 0x00000000b5b00000| Untracked 
| 860|0x00000000b5c00000, 0x00000000b5c00000, 0x00000000b5d00000|  0%| F|  |TAMS 0x00000000b5c00000, 0x00000000b5c00000| Untracked 
| 861|0x00000000b5d00000, 0x00000000b5d00000, 0x00000000b5e00000|  0%| F|  |TAMS 0x00000000b5d00000, 0x00000000b5d00000| Untracked 
| 862|0x00000000b5e00000, 0x00000000b5e00000, 0x00000000b5f00000|  0%| F|  |TAMS 0x00000000b5e00000, 0x00000000b5e00000| Untracked 
| 863|0x00000000b5f00000, 0x00000000b5f00000, 0x00000000b6000000|  0%| F|  |TAMS 0x00000000b5f00000, 0x00000000b5f00000| Untracked 
| 864|0x00000000b6000000, 0x00000000b6000000, 0x00000000b6100000|  0%| F|  |TAMS 0x00000000b6000000, 0x00000000b6000000| Untracked 
| 865|0x00000000b6100000, 0x00000000b6100000, 0x00000000b6200000|  0%| F|  |TAMS 0x00000000b6100000, 0x00000000b6100000| Untracked 
| 866|0x00000000b6200000, 0x00000000b6200000, 0x00000000b6300000|  0%| F|  |TAMS 0x00000000b6200000, 0x00000000b6200000| Untracked 
| 867|0x00000000b6300000, 0x00000000b6300000, 0x00000000b6400000|  0%| F|  |TAMS 0x00000000b6300000, 0x00000000b6300000| Untracked 
| 868|0x00000000b6400000, 0x00000000b6400000, 0x00000000b6500000|  0%| F|  |TAMS 0x00000000b6400000, 0x00000000b6400000| Untracked 
| 869|0x00000000b6500000, 0x00000000b6500000, 0x00000000b6600000|  0%| F|  |TAMS 0x00000000b6500000, 0x00000000b6500000| Untracked 
| 870|0x00000000b6600000, 0x00000000b6600000, 0x00000000b6700000|  0%| F|  |TAMS 0x00000000b6600000, 0x00000000b6600000| Untracked 
| 871|0x00000000b6700000, 0x00000000b6700000, 0x00000000b6800000|  0%| F|  |TAMS 0x00000000b6700000, 0x00000000b6700000| Untracked 
| 872|0x00000000b6800000, 0x00000000b6800000, 0x00000000b6900000|  0%| F|  |TAMS 0x00000000b6800000, 0x00000000b6800000| Untracked 
| 873|0x00000000b6900000, 0x00000000b6900000, 0x00000000b6a00000|  0%| F|  |TAMS 0x00000000b6900000, 0x00000000b6900000| Untracked 
| 874|0x00000000b6a00000, 0x00000000b6a00000, 0x00000000b6b00000|  0%| F|  |TAMS 0x00000000b6a00000, 0x00000000b6a00000| Untracked 
| 875|0x00000000b6b00000, 0x00000000b6b00000, 0x00000000b6c00000|  0%| F|  |TAMS 0x00000000b6b00000, 0x00000000b6b00000| Untracked 
| 876|0x00000000b6c00000, 0x00000000b6c00000, 0x00000000b6d00000|  0%| F|  |TAMS 0x00000000b6c00000, 0x00000000b6c00000| Untracked 
| 877|0x00000000b6d00000, 0x00000000b6d00000, 0x00000000b6e00000|  0%| F|  |TAMS 0x00000000b6d00000, 0x00000000b6d00000| Untracked 
| 878|0x00000000b6e00000, 0x00000000b6e00000, 0x00000000b6f00000|  0%| F|  |TAMS 0x00000000b6e00000, 0x00000000b6e00000| Untracked 
| 879|0x00000000b6f00000, 0x00000000b6f00000, 0x00000000b7000000|  0%| F|  |TAMS 0x00000000b6f00000, 0x00000000b6f00000| Untracked 
| 880|0x00000000b7000000, 0x00000000b7000000, 0x00000000b7100000|  0%| F|  |TAMS 0x00000000b7000000, 0x00000000b7000000| Untracked 
| 881|0x00000000b7100000, 0x00000000b7100000, 0x00000000b7200000|  0%| F|  |TAMS 0x00000000b7100000, 0x00000000b7100000| Untracked 
| 882|0x00000000b7200000, 0x00000000b7200000, 0x00000000b7300000|  0%| F|  |TAMS 0x00000000b7200000, 0x00000000b7200000| Untracked 
| 883|0x00000000b7300000, 0x00000000b7300000, 0x00000000b7400000|  0%| F|  |TAMS 0x00000000b7300000, 0x00000000b7300000| Untracked 
| 884|0x00000000b7400000, 0x00000000b7400000, 0x00000000b7500000|  0%| F|  |TAMS 0x00000000b7400000, 0x00000000b7400000| Untracked 
| 885|0x00000000b7500000, 0x00000000b7600000, 0x00000000b7600000|100%| O|  |TAMS 0x00000000b7600000, 0x00000000b7600000| Untracked 

Card table byte_map: [0x0000025671e60000,0x0000025672260000] _byte_map_base: 0x0000025671a60000

Marking Bits (Prev, Next): (CMBitMap*) 0x0000025669ed6030, (CMBitMap*) 0x0000025669ed5ff0
 Prev Bits: [0x0000025674660000, 0x0000025676660000)
 Next Bits: [0x0000025672660000, 0x0000025674660000)

Polling page: 0x0000025669640000

Metaspace:

Usage:
  Non-class:    155.12 MB used.
      Class:     23.52 MB used.
       Both:    178.64 MB used.

Virtual space:
  Non-class space:      192.00 MB reserved,     156.25 MB ( 81%) committed,  3 nodes.
      Class space:      416.00 MB reserved,      24.50 MB (  6%) committed,  1 nodes.
             Both:      608.00 MB reserved,     180.75 MB ( 30%) committed. 

Chunk freelists:
   Non-Class:  3.19 MB
       Class:  7.46 MB
        Both:  10.65 MB

MaxMetaspaceSize: 512.00 MB
CompressedClassSpaceSize: 416.00 MB
Initial GC threshold: 21.00 MB
Current GC threshold: 298.56 MB
CDS: on
MetaspaceReclaimPolicy: balanced
 - commit_granule_bytes: 65536.
 - commit_granule_words: 8192.
 - virtual_space_node_default_size: 8388608.
 - enlarge_chunks_in_place: 1.
 - new_chunks_are_fully_committed: 0.
 - uncommit_free_chunks: 1.
 - use_allocation_guard: 0.
 - handle_deallocations: 1.


Internal statistics:

num_allocs_failed_limit: 30.
num_arena_births: 4488.
num_arena_deaths: 1244.
num_vsnodes_births: 4.
num_vsnodes_deaths: 0.
num_space_committed: 2915.
num_space_uncommitted: 25.
num_chunks_returned_to_freelist: 1850.
num_chunks_taken_from_freelist: 13596.
num_chunk_merges: 643.
num_chunk_splits: 8081.
num_chunks_enlarged: 4478.
num_inconsistent_stats: 0.

CodeHeap 'non-profiled nmethods': size=120000Kb used=33227Kb max_used=33227Kb free=86772Kb
 bounds [0x0000025607ad0000, 0x0000025609b50000, 0x000002560f000000]
CodeHeap 'profiled nmethods': size=120000Kb used=70088Kb max_used=70088Kb free=49911Kb
 bounds [0x0000025600000000, 0x0000025604480000, 0x0000025607530000]
CodeHeap 'non-nmethods': size=5760Kb used=2632Kb max_used=2703Kb free=3127Kb
 bounds [0x0000025607530000, 0x00000256077f0000, 0x0000025607ad0000]
 total_blobs=35742 nmethods=34559 adapters=1092
 compilation: enabled
              stopped_count=0, restarted_count=0
 full_count=0

Compilation events (20 events):
Event: 10104.235 Thread 0x0000025678fad180 46726       4       org.gradle.api.internal.artifacts.ivyservice.resolveengine.graph.builder.ResolveState$$Lambda$775/0x00000256105d5c68::apply (20 bytes)
Event: 10104.254 Thread 0x0000025678fad180 nmethod 46726 0x0000025609b3a810 code [0x0000025609b3aa20, 0x0000025609b3c278]
Event: 10104.255 Thread 0x0000025678fad180 46727       4       org.gradle.api.internal.artifacts.ivyservice.resolveengine.graph.builder.ResolveState::lambda$getModule$0 (42 bytes)
Event: 10104.272 Thread 0x0000025678fad180 nmethod 46727 0x0000025609b3ca10 code [0x0000025609b3cc20, 0x0000025609b3e3d8]
Event: 10104.272 Thread 0x0000025678fad180 46730       4       org.gradle.api.internal.artifacts.ivyservice.resolveengine.graph.builder.ModuleResolveState::selectComponentAndEvictOthers (46 bytes)
Event: 10104.277 Thread 0x0000025678fad180 nmethod 46730 0x0000025609b3ea90 code [0x0000025609b3ec40, 0x0000025609b3f138]
Event: 10104.277 Thread 0x0000025678fad180 46731       4       org.gradle.internal.resolve.result.DefaultBuildableComponentResolveResult::resolved (11 bytes)
Event: 10104.278 Thread 0x0000025678fad180 nmethod 46731 0x0000025609b3f490 code [0x0000025609b3f600, 0x0000025609b3f838]
Event: 10104.278 Thread 0x0000025678fad180 46728       4       org.gradle.api.internal.artifacts.ivyservice.resolveengine.graph.builder.ModuleResolveState::<init> (123 bytes)
Event: 10104.296 Thread 0x0000025678fad180 nmethod 46728 0x0000025609b3f890 code [0x0000025609b3fa80, 0x0000025609b41318]
Event: 10104.297 Thread 0x0000025678fad180 46732       4       org.gradle.api.internal.artifacts.ivyservice.ivyresolve.strategy.VersionParser$DefaultVersion::equals (41 bytes)
Event: 10104.297 Thread 0x0000025678fad180 nmethod 46732 0x0000025609b41910 code [0x0000025609b41aa0, 0x0000025609b41cb8]
Event: 10104.297 Thread 0x0000025678fad180 46729       4       org.gradle.internal.component.external.model.ExternalModuleDependencyMetadata::isChanging (8 bytes)
Event: 10104.298 Thread 0x0000025678fad180 nmethod 46729 0x0000025609b41d90 code [0x0000025609b41f00, 0x0000025609b41f98]
Event: 10104.304 Thread 0x0000025678fad180 46733       4       org.gradle.api.internal.artifacts.ivyservice.resolveengine.result.ComponentSelectionReasons$DefaultComponentSelectionReason::<init> (6 bytes)
Event: 10104.306 Thread 0x0000025678faf6b0 46735       1       org.gradle.api.internal.artifacts.ivyservice.resolveengine.excludes.simple.DefaultModuleIdExclude::getModuleId (5 bytes)
Event: 10104.306 Thread 0x0000025678faf6b0 nmethod 46735 0x0000025609b42090 code [0x0000025609b42220, 0x0000025609b422f8]
Event: 10104.309 Thread 0x0000025678fad180 nmethod 46733 0x0000025609b42390 code [0x0000025609b42540, 0x0000025609b42b08]
Event: 10104.309 Thread 0x0000025678fad180 46734       4       org.gradle.api.internal.artifacts.ivyservice.resolveengine.graph.builder.ComponentState::getSelectionReason (122 bytes)
Event: 10104.365 Thread 0x0000025678faf6b0 46740       3       org.gradle.internal.fingerprint.impl.MissingRootAndDuplicateIgnoringFileSystemSnapshotVisitor::visitEntry (42 bytes)

GC Heap History (20 events):
Event: 279.619 GC heap after
{Heap after GC invocations=109 (full 0):
 garbage-first heap   total 956416K, used 635525K [0x0000000080000000, 0x0000000100000000)
  region size 1024K, 8 young (8192K), 8 survivors (8192K)
 Metaspace       used 180381K, committed 182592K, reserved 622592K
  class space    used 23876K, committed 24896K, reserved 425984K
}
Event: 279.659 GC heap before
{Heap before GC invocations=109 (full 0):
 garbage-first heap   total 956416K, used 685701K [0x0000000080000000, 0x0000000100000000)
  region size 1024K, 10 young (10240K), 8 survivors (8192K)
 Metaspace       used 180384K, committed 182592K, reserved 622592K
  class space    used 23876K, committed 24896K, reserved 425984K
}
Event: 279.664 GC heap after
{Heap after GC invocations=110 (full 0):
 garbage-first heap   total 956416K, used 653808K [0x0000000080000000, 0x0000000100000000)
  region size 1024K, 8 young (8192K), 8 survivors (8192K)
 Metaspace       used 180384K, committed 182592K, reserved 622592K
  class space    used 23876K, committed 24896K, reserved 425984K
}
Event: 279.669 GC heap before
{Heap before GC invocations=110 (full 0):
 garbage-first heap   total 956416K, used 659952K [0x0000000080000000, 0x0000000100000000)
  region size 1024K, 9 young (9216K), 8 survivors (8192K)
 Metaspace       used 180384K, committed 182592K, reserved 622592K
  class space    used 23876K, committed 24896K, reserved 425984K
}
Event: 279.674 GC heap after
{Heap after GC invocations=111 (full 0):
 garbage-first heap   total 956416K, used 655150K [0x0000000080000000, 0x0000000100000000)
  region size 1024K, 8 young (8192K), 8 survivors (8192K)
 Metaspace       used 180384K, committed 182592K, reserved 622592K
  class space    used 23876K, committed 24896K, reserved 425984K
}
Event: 9630.490 GC heap before
{Heap before GC invocations=112 (full 0):
 garbage-first heap   total 1089536K, used 815918K [0x0000000080000000, 0x0000000100000000)
  region size 1024K, 176 young (180224K), 8 survivors (8192K)
 Metaspace       used 181296K, committed 183424K, reserved 622592K
  class space    used 24047K, committed 25024K, reserved 425984K
}
Event: 9631.007 GC heap after
{Heap after GC invocations=113 (full 0):
 garbage-first heap   total 1089536K, used 393468K [0x0000000080000000, 0x0000000100000000)
  region size 1024K, 6 young (6144K), 6 survivors (6144K)
 Metaspace       used 181296K, committed 183424K, reserved 622592K
  class space    used 24047K, committed 25024K, reserved 425984K
}
Event: 9638.508 GC heap before
{Heap before GC invocations=113 (full 0):
 garbage-first heap   total 1089536K, used 433404K [0x0000000080000000, 0x0000000100000000)
  region size 1024K, 46 young (47104K), 6 survivors (6144K)
 Metaspace       used 181307K, committed 183424K, reserved 622592K
  class space    used 24047K, committed 25024K, reserved 425984K
}
Event: 9641.351 GC heap after
{Heap after GC invocations=114 (full 1):
 garbage-first heap   total 608256K, used 175628K [0x0000000080000000, 0x0000000100000000)
  region size 1024K, 0 young (0K), 0 survivors (0K)
 Metaspace       used 179611K, committed 183424K, reserved 622592K
  class space    used 23681K, committed 25024K, reserved 425984K
}
Event: 9687.150 GC heap before
{Heap before GC invocations=114 (full 1):
 garbage-first heap   total 608256K, used 517644K [0x0000000080000000, 0x0000000100000000)
  region size 1024K, 335 young (343040K), 0 survivors (0K)
 Metaspace       used 180785K, committed 183552K, reserved 622592K
  class space    used 23845K, committed 25024K, reserved 425984K
}
Event: 9687.218 GC heap after
{Heap after GC invocations=115 (full 1):
 garbage-first heap   total 608256K, used 200327K [0x0000000080000000, 0x0000000100000000)
  region size 1024K, 25 young (25600K), 25 survivors (25600K)
 Metaspace       used 180785K, committed 183552K, reserved 622592K
  class space    used 23845K, committed 25024K, reserved 425984K
}
Event: 9689.718 GC heap before
{Heap before GC invocations=115 (full 1):
 garbage-first heap   total 608256K, used 475783K [0x0000000080000000, 0x0000000100000000)
  region size 1024K, 294 young (301056K), 25 survivors (25600K)
 Metaspace       used 181243K, committed 183552K, reserved 622592K
  class space    used 23915K, committed 25024K, reserved 425984K
}
Event: 9689.942 GC heap after
{Heap after GC invocations=116 (full 1):
 garbage-first heap   total 608256K, used 225603K [0x0000000080000000, 0x0000000100000000)
  region size 1024K, 25 young (25600K), 25 survivors (25600K)
 Metaspace       used 181243K, committed 183552K, reserved 622592K
  class space    used 23915K, committed 25024K, reserved 425984K
}
Event: 9689.956 GC heap before
{Heap before GC invocations=116 (full 1):
 garbage-first heap   total 608256K, used 229699K [0x0000000080000000, 0x0000000100000000)
  region size 1024K, 29 young (29696K), 25 survivors (25600K)
 Metaspace       used 181243K, committed 183552K, reserved 622592K
  class space    used 23915K, committed 25024K, reserved 425984K
}
Event: 9690.039 GC heap after
{Heap after GC invocations=117 (full 1):
 garbage-first heap   total 608256K, used 229900K [0x0000000080000000, 0x0000000100000000)
  region size 1024K, 4 young (4096K), 4 survivors (4096K)
 Metaspace       used 181243K, committed 183552K, reserved 622592K
  class space    used 23915K, committed 25024K, reserved 425984K
}
Event: 9701.312 GC heap before
{Heap before GC invocations=118 (full 1):
 garbage-first heap   total 608256K, used 495116K [0x0000000080000000, 0x0000000100000000)
  region size 1024K, 263 young (269312K), 4 survivors (4096K)
 Metaspace       used 182209K, committed 184320K, reserved 622592K
  class space    used 24003K, committed 25024K, reserved 425984K
}
Event: 9701.523 GC heap after
{Heap after GC invocations=119 (full 1):
 garbage-first heap   total 608256K, used 263692K [0x0000000080000000, 0x0000000100000000)
  region size 1024K, 33 young (33792K), 33 survivors (33792K)
 Metaspace       used 182209K, committed 184320K, reserved 622592K
  class space    used 24003K, committed 25024K, reserved 425984K
}
Event: 9701.564 GC heap before
{Heap before GC invocations=119 (full 1):
 garbage-first heap   total 608256K, used 264716K [0x0000000080000000, 0x0000000100000000)
  region size 1024K, 34 young (34816K), 33 survivors (33792K)
 Metaspace       used 182209K, committed 184320K, reserved 622592K
  class space    used 24003K, committed 25024K, reserved 425984K
}
Event: 9701.692 GC heap after
{Heap after GC invocations=120 (full 1):
 garbage-first heap   total 608256K, used 267667K [0x0000000080000000, 0x0000000100000000)
  region size 1024K, 4 young (4096K), 4 survivors (4096K)
 Metaspace       used 182209K, committed 184320K, reserved 622592K
  class space    used 24003K, committed 25024K, reserved 425984K
}
Event: 10104.368 GC heap before
{Heap before GC invocations=120 (full 1):
 garbage-first heap   total 608256K, used 487827K [0x0000000080000000, 0x0000000100000000)
  region size 1024K, 220 young (225280K), 4 survivors (4096K)
 Metaspace       used 182928K, committed 185088K, reserved 622592K
  class space    used 24081K, committed 25088K, reserved 425984K
}

Deoptimization events (20 events):
Event: 10102.621 Thread 0x0000025634cdeae0 DEOPT PACKING pc=0x0000025609a88fcc sp=0x000000f0b34f9f00
Event: 10102.621 Thread 0x0000025634cdeae0 DEOPT UNPACKING pc=0x0000025607585ba3 sp=0x000000f0b34f9ed0 mode 2
Event: 10103.853 Thread 0x000002567973a000 DEOPT PACKING pc=0x0000025600d90929 sp=0x000000f0b03f5e80
Event: 10103.856 Thread 0x000002567973a000 DEOPT UNPACKING pc=0x00000256075866e3 sp=0x000000f0b03f5328 mode 0
Event: 10104.297 Thread 0x000002567973a000 Uncommon trap: trap_request=0xffffffbe fr.pc=0x0000025609b05658 relative=0x0000000000003c38
Event: 10104.297 Thread 0x000002567973a000 Uncommon trap: reason=profile_predicate action=maybe_recompile pc=0x0000025609b05658 method=java.util.AbstractSet.hashCode()I @ 13 c2
Event: 10104.297 Thread 0x000002567973a000 DEOPT PACKING pc=0x0000025609b05658 sp=0x000000f0b03f8990
Event: 10104.297 Thread 0x000002567973a000 DEOPT UNPACKING pc=0x0000025607585ba3 sp=0x000000f0b03f8820 mode 2
Event: 10104.297 Thread 0x000002567973a000 Uncommon trap: trap_request=0xffffffbe fr.pc=0x0000025609b05658 relative=0x0000000000003c38
Event: 10104.297 Thread 0x000002567973a000 Uncommon trap: reason=profile_predicate action=maybe_recompile pc=0x0000025609b05658 method=java.util.AbstractSet.hashCode()I @ 13 c2
Event: 10104.297 Thread 0x000002567973a000 DEOPT PACKING pc=0x0000025609b05658 sp=0x000000f0b03f8990
Event: 10104.298 Thread 0x000002567973a000 DEOPT UNPACKING pc=0x0000025607585ba3 sp=0x000000f0b03f8820 mode 2
Event: 10104.304 Thread 0x000002567973a000 Uncommon trap: trap_request=0xffffffbe fr.pc=0x0000025609b05658 relative=0x0000000000003c38
Event: 10104.304 Thread 0x000002567973a000 Uncommon trap: reason=profile_predicate action=maybe_recompile pc=0x0000025609b05658 method=java.util.AbstractSet.hashCode()I @ 13 c2
Event: 10104.304 Thread 0x000002567973a000 DEOPT PACKING pc=0x0000025609b05658 sp=0x000000f0b03f8990
Event: 10104.304 Thread 0x000002567973a000 DEOPT UNPACKING pc=0x0000025607585ba3 sp=0x000000f0b03f8820 mode 2
Event: 10104.304 Thread 0x000002567973a000 Uncommon trap: trap_request=0xffffffbe fr.pc=0x0000025609b05658 relative=0x0000000000003c38
Event: 10104.304 Thread 0x000002567973a000 Uncommon trap: reason=profile_predicate action=maybe_recompile pc=0x0000025609b05658 method=java.util.AbstractSet.hashCode()I @ 13 c2
Event: 10104.304 Thread 0x000002567973a000 DEOPT PACKING pc=0x0000025609b05658 sp=0x000000f0b03f8990
Event: 10104.304 Thread 0x000002567973a000 DEOPT UNPACKING pc=0x0000025607585ba3 sp=0x000000f0b03f8820 mode 2

Classes unloaded (20 events):
Event: 9639.533 Thread 0x0000025678f85f90 Unloading class 0x00000256101e2800 'java/lang/invoke/LambdaForm$MH+0x00000256101e2800'
Event: 9639.533 Thread 0x0000025678f85f90 Unloading class 0x00000256101e2400 'java/lang/invoke/LambdaForm$MH+0x00000256101e2400'
Event: 9639.533 Thread 0x0000025678f85f90 Unloading class 0x00000256101e2000 'java/lang/invoke/LambdaForm$MH+0x00000256101e2000'
Event: 9639.533 Thread 0x0000025678f85f90 Unloading class 0x00000256101e1c00 'java/lang/invoke/LambdaForm$MH+0x00000256101e1c00'
Event: 9639.533 Thread 0x0000025678f85f90 Unloading class 0x00000256101e1800 'java/lang/invoke/LambdaForm$MH+0x00000256101e1800'
Event: 9639.533 Thread 0x0000025678f85f90 Unloading class 0x00000256101e0800 'java/lang/invoke/LambdaForm$MH+0x00000256101e0800'
Event: 9639.533 Thread 0x0000025678f85f90 Unloading class 0x00000256101e0400 'java/lang/invoke/LambdaForm$BMH+0x00000256101e0400'
Event: 9639.533 Thread 0x0000025678f85f90 Unloading class 0x0000025610110800 'java/lang/invoke/LambdaForm$DMH+0x0000025610110800'
Event: 9639.533 Thread 0x0000025678f85f90 Unloading class 0x0000025610110000 'java/lang/invoke/LambdaForm$DMH+0x0000025610110000'
Event: 9639.533 Thread 0x0000025678f85f90 Unloading class 0x00000256100e6000 'java/lang/invoke/LambdaForm$MH+0x00000256100e6000'
Event: 9639.533 Thread 0x0000025678f85f90 Unloading class 0x00000256100e5800 'java/lang/invoke/LambdaForm$MH+0x00000256100e5800'
Event: 9639.533 Thread 0x0000025678f85f90 Unloading class 0x00000256100e5400 'java/lang/invoke/LambdaForm$MH+0x00000256100e5400'
Event: 9639.533 Thread 0x0000025678f85f90 Unloading class 0x00000256100e5000 'java/lang/invoke/LambdaForm$MH+0x00000256100e5000'
Event: 9639.533 Thread 0x0000025678f85f90 Unloading class 0x00000256100e4c00 'java/lang/invoke/LambdaForm$MH+0x00000256100e4c00'
Event: 9639.533 Thread 0x0000025678f85f90 Unloading class 0x00000256100e4400 'java/lang/invoke/LambdaForm$MH+0x00000256100e4400'
Event: 9639.533 Thread 0x0000025678f85f90 Unloading class 0x0000025610038400 'java/lang/invoke/LambdaForm$DMH+0x0000025610038400'
Event: 9639.533 Thread 0x0000025678f85f90 Unloading class 0x000002561002e800 'java/lang/invoke/LambdaForm$MH+0x000002561002e800'
Event: 9639.533 Thread 0x0000025678f85f90 Unloading class 0x000002561002e400 'java/lang/invoke/LambdaForm$MH+0x000002561002e400'
Event: 9639.533 Thread 0x0000025678f85f90 Unloading class 0x000002561002dc00 'java/lang/invoke/LambdaForm$MH+0x000002561002dc00'
Event: 9639.533 Thread 0x0000025678f85f90 Unloading class 0x000002561002c000 'java/lang/invoke/LambdaForm$MH+0x000002561002c000'

Classes redefined (0 events):
No events

Internal exceptions (20 events):
Event: 10100.977 Thread 0x000002567973a000 Exception <a 'sun/nio/fs/WindowsException'{0x000000009d6603e0}> (0x000000009d6603e0) 
thrown [s\open\src\hotspot\share\prims\jni.cpp, line 516]
Event: 10100.978 Thread 0x000002567973a000 Exception <a 'sun/nio/fs/WindowsException'{0x000000009d660568}> (0x000000009d660568) 
thrown [s\open\src\hotspot\share\prims\jni.cpp, line 516]
Event: 10100.978 Thread 0x000002567973a000 Exception <a 'sun/nio/fs/WindowsException'{0x000000009d6635a8}> (0x000000009d6635a8) 
thrown [s\open\src\hotspot\share\prims\jni.cpp, line 516]
Event: 10100.978 Thread 0x000002567973a000 Exception <a 'sun/nio/fs/WindowsException'{0x000000009d6637a8}> (0x000000009d6637a8) 
thrown [s\open\src\hotspot\share\prims\jni.cpp, line 516]
Event: 10100.979 Thread 0x000002567973a000 Exception <a 'sun/nio/fs/WindowsException'{0x000000009d6687d0}> (0x000000009d6687d0) 
thrown [s\open\src\hotspot\share\prims\jni.cpp, line 516]
Event: 10100.979 Thread 0x000002567973a000 Exception <a 'sun/nio/fs/WindowsException'{0x000000009d6689d0}> (0x000000009d6689d0) 
thrown [s\open\src\hotspot\share\prims\jni.cpp, line 516]
Event: 10102.682 Thread 0x0000025634cdeae0 Exception <a 'sun/nio/fs/WindowsException'{0x000000009bb969e8}> (0x000000009bb969e8) 
thrown [s\open\src\hotspot\share\prims\jni.cpp, line 516]
Event: 10102.683 Thread 0x0000025634cdeae0 Exception <a 'sun/nio/fs/WindowsException'{0x000000009bb98a00}> (0x000000009bb98a00) 
thrown [s\open\src\hotspot\share\prims\jni.cpp, line 516]
Event: 10102.684 Thread 0x0000025634cdeae0 Exception <a 'sun/nio/fs/WindowsException'{0x000000009bb9a958}> (0x000000009bb9a958) 
thrown [s\open\src\hotspot\share\prims\jni.cpp, line 516]
Event: 10102.684 Thread 0x0000025634cdeae0 Exception <a 'sun/nio/fs/WindowsException'{0x000000009bb9c588}> (0x000000009bb9c588) 
thrown [s\open\src\hotspot\share\prims\jni.cpp, line 516]
Event: 10102.691 Thread 0x0000025634cdeae0 Exception <a 'sun/nio/fs/WindowsException'{0x000000009bba5c18}> (0x000000009bba5c18) 
thrown [s\open\src\hotspot\share\prims\jni.cpp, line 516]
Event: 10102.781 Thread 0x0000025634cdeae0 Exception <a 'sun/nio/fs/WindowsException'{0x000000009b9ddb50}> (0x000000009b9ddb50) 
thrown [s\open\src\hotspot\share\prims\jni.cpp, line 516]
Event: 10102.781 Thread 0x0000025634cdeae0 Exception <a 'sun/nio/fs/WindowsException'{0x000000009b9dfbe0}> (0x000000009b9dfbe0) 
thrown [s\open\src\hotspot\share\prims\jni.cpp, line 516]
Event: 10102.781 Thread 0x0000025634cdeae0 Exception <a 'sun/nio/fs/WindowsException'{0x000000009b9e1be0}> (0x000000009b9e1be0) 
thrown [s\open\src\hotspot\share\prims\jni.cpp, line 516]
Event: 10102.782 Thread 0x0000025634cdeae0 Exception <a 'sun/nio/fs/WindowsException'{0x000000009b9e3888}> (0x000000009b9e3888) 
thrown [s\open\src\hotspot\share\prims\jni.cpp, line 516]
Event: 10103.244 Thread 0x0000025634cde5d0 Exception <a 'sun/nio/fs/WindowsException'{0x000000009a683250}> (0x000000009a683250) 
thrown [s\open\src\hotspot\share\prims\jni.cpp, line 516]
Event: 10103.245 Thread 0x0000025634cde5d0 Exception <a 'sun/nio/fs/WindowsException'{0x000000009a6853b8}> (0x000000009a6853b8) 
thrown [s\open\src\hotspot\share\prims\jni.cpp, line 516]
Event: 10103.245 Thread 0x0000025634cde5d0 Exception <a 'sun/nio/fs/WindowsException'{0x000000009a687480}> (0x000000009a687480) 
thrown [s\open\src\hotspot\share\prims\jni.cpp, line 516]
Event: 10103.245 Thread 0x0000025634cde5d0 Exception <a 'sun/nio/fs/WindowsException'{0x000000009a6891e0}> (0x000000009a6891e0) 
thrown [s\open\src\hotspot\share\prims\jni.cpp, line 516]
Event: 10103.487 Thread 0x000002567973a000 Exception <a 'sun/nio/fs/WindowsException'{0x00000000997f0380}> (0x00000000997f0380) 
thrown [s\open\src\hotspot\share\prims\jni.cpp, line 516]

VM Operations (20 events):
Event: 9719.288 Executing VM operation: Cleanup done
Event: 9734.410 Executing VM operation: Cleanup
Event: 9734.410 Executing VM operation: Cleanup done
Event: 9750.301 Executing VM operation: HandshakeAllThreads
Event: 9750.301 Executing VM operation: HandshakeAllThreads done
Event: 9845.221 Executing VM operation: Cleanup
Event: 9845.222 Executing VM operation: Cleanup done
Event: 9870.449 Executing VM operation: HandshakeAllThreads
Event: 9870.451 Executing VM operation: HandshakeAllThreads done
Event: 10099.416 Executing VM operation: Cleanup
Event: 10099.433 Executing VM operation: Cleanup done
Event: 10100.438 Executing VM operation: Cleanup
Event: 10100.439 Executing VM operation: Cleanup done
Event: 10101.445 Executing VM operation: Cleanup
Event: 10101.462 Executing VM operation: Cleanup done
Event: 10102.464 Executing VM operation: Cleanup
Event: 10102.464 Executing VM operation: Cleanup done
Event: 10103.475 Executing VM operation: Cleanup
Event: 10103.475 Executing VM operation: Cleanup done
Event: 10104.367 Executing VM operation: G1CollectForAllocation

Events (20 events):
Event: 10103.329 Thread 0x0000025634f69050 Thread added: 0x0000025634f69050
Event: 10103.329 Thread 0x0000025634f69560 Thread added: 0x0000025634f69560
Event: 10103.556 Thread 0x0000025634f69a70 Thread added: 0x0000025634f69a70
Event: 10104.002 Thread 0x000002562bb25790 Thread added: 0x000002562bb25790
Event: 10104.002 Thread 0x000002562bb22f10 Thread added: 0x000002562bb22f10
Event: 10104.002 Thread 0x000002562bb27b00 Thread added: 0x000002562bb27b00
Event: 10104.003 Thread 0x000002562bb28010 Thread added: 0x000002562bb28010
Event: 10104.003 Thread 0x000002562bb25ca0 Thread added: 0x000002562bb25ca0
Event: 10104.003 Thread 0x000002562bb270e0 Thread added: 0x000002562bb270e0
Event: 10104.003 Thread 0x000002562bb26bd0 Thread added: 0x000002562bb26bd0
Event: 10104.017 Thread 0x000002562bb261b0 Thread added: 0x000002562bb261b0
Event: 10104.017 Thread 0x000002562bb20ba0 Thread added: 0x000002562bb20ba0
Event: 10104.017 Thread 0x000002562bb275f0 Thread added: 0x000002562bb275f0
Event: 10104.017 Thread 0x000002562bb28520 Thread added: 0x000002562bb28520
Event: 10104.017 Thread 0x000002562bb215c0 Thread added: 0x000002562bb215c0
Event: 10104.018 Thread 0x000002562bb224f0 Thread added: 0x000002562bb224f0
Event: 10104.018 Thread 0x000002562bb24d70 Thread added: 0x000002562bb24d70
Event: 10104.313 Thread 0x000002562bb23930 Thread added: 0x000002562bb23930
Event: 10104.313 Thread 0x000002562bb23420 Thread added: 0x000002562bb23420
Event: 10104.313 Thread 0x000002562bb24350 Thread added: 0x000002562bb24350


Dynamic libraries:
0x00007ff60fa60000 - 0x00007ff60fa70000 	C:\Program Files\Java\jdk-17\bin\java.exe
0x00007ffb3b7d0000 - 0x00007ffb3b9e7000 	C:\WINDOWS\SYSTEM32\ntdll.dll
0x00007ffb39cc0000 - 0x00007ffb39d84000 	C:\WINDOWS\System32\KERNEL32.DLL
0x00007ffb38b30000 - 0x00007ffb38eea000 	C:\WINDOWS\System32\KERNELBASE.dll
0x00007ffb393c0000 - 0x00007ffb394d1000 	C:\WINDOWS\System32\ucrtbase.dll
0x00007ffb32310000 - 0x00007ffb3232b000 	C:\Program Files\Java\jdk-17\bin\VCRUNTIME140.dll
0x00007ffb32330000 - 0x00007ffb32349000 	C:\Program Files\Java\jdk-17\bin\jli.dll
0x00007ffb39ab0000 - 0x00007ffb39b62000 	C:\WINDOWS\System32\ADVAPI32.dll
0x00007ffb39500000 - 0x00007ffb395a7000 	C:\WINDOWS\System32\msvcrt.dll
0x00007ffb3b340000 - 0x00007ffb3b3e7000 	C:\WINDOWS\System32\sechost.dll
0x00007ffb38fc0000 - 0x00007ffb38fe8000 	C:\WINDOWS\System32\bcrypt.dll
0x00007ffb3b3f0000 - 0x00007ffb3b504000 	C:\WINDOWS\System32\RPCRT4.dll
0x00007ffb3ac00000 - 0x00007ffb3adae000 	C:\WINDOWS\System32\USER32.dll
0x00007ffb16f60000 - 0x00007ffb171f2000 	C:\WINDOWS\WinSxS\amd64_microsoft.windows.common-controls_6595b64144ccf1df_6.0.22621.4541_none_2710d1c57384c085\COMCTL32.dll
0x00007ffb38ef0000 - 0x00007ffb38f16000 	C:\WINDOWS\System32\win32u.dll
0x00007ffb3a960000 - 0x00007ffb3a989000 	C:\WINDOWS\System32\GDI32.dll
0x00007ffb39130000 - 0x00007ffb3924b000 	C:\WINDOWS\System32\gdi32full.dll
0x00007ffb38f20000 - 0x00007ffb38fba000 	C:\WINDOWS\System32\msvcp_win.dll
0x00007ffb36580000 - 0x00007ffb3658a000 	C:\WINDOWS\SYSTEM32\VERSION.dll
0x00007ffb3ab40000 - 0x00007ffb3ab71000 	C:\WINDOWS\System32\IMM32.DLL
0x00007ffb33380000 - 0x00007ffb3338c000 	C:\Program Files\Java\jdk-17\bin\vcruntime140_1.dll
0x00007ffaf0030000 - 0x00007ffaf00be000 	C:\Program Files\Java\jdk-17\bin\msvcp140.dll
0x00007ffac8cb0000 - 0x00007ffac9890000 	C:\Program Files\Java\jdk-17\bin\server\jvm.dll
0x00007ffb39a40000 - 0x00007ffb39a48000 	C:\WINDOWS\System32\PSAPI.DLL
0x00007ffad2580000 - 0x00007ffad2589000 	C:\WINDOWS\SYSTEM32\WSOCK32.dll
0x00007ffb32260000 - 0x00007ffb32294000 	C:\WINDOWS\SYSTEM32\WINMM.dll
0x00007ffb3af20000 - 0x00007ffb3af91000 	C:\WINDOWS\System32\WS2_32.dll
0x00007ffb37bb0000 - 0x00007ffb37bc8000 	C:\WINDOWS\SYSTEM32\kernel.appcore.dll
0x00007ffb32300000 - 0x00007ffb3230a000 	C:\Program Files\Java\jdk-17\bin\jimage.dll
0x00007ffb35ee0000 - 0x00007ffb36112000 	C:\WINDOWS\SYSTEM32\DBGHELP.DLL
0x00007ffb3afa0000 - 0x00007ffb3b32f000 	C:\WINDOWS\System32\combase.dll
0x00007ffb39fa0000 - 0x00007ffb3a077000 	C:\WINDOWS\System32\OLEAUT32.dll
0x00007ffb30620000 - 0x00007ffb30652000 	C:\WINDOWS\SYSTEM32\dbgcore.DLL
0x00007ffb38ab0000 - 0x00007ffb38b2b000 	C:\WINDOWS\System32\bcryptPrimitives.dll
0x00007ffade310000 - 0x00007ffade31e000 	C:\Program Files\Java\jdk-17\bin\instrument.dll
0x00007ffb206c0000 - 0x00007ffb206e5000 	C:\Program Files\Java\jdk-17\bin\java.dll
0x00007ffaeeed0000 - 0x00007ffaeefa7000 	C:\Program Files\Java\jdk-17\bin\jsvml.dll
0x00007ffb3a080000 - 0x00007ffb3a8f8000 	C:\WINDOWS\System32\SHELL32.dll
0x00007ffb369b0000 - 0x00007ffb372b8000 	C:\WINDOWS\SYSTEM32\windows.storage.dll
0x00007ffb36870000 - 0x00007ffb369af000 	C:\WINDOWS\SYSTEM32\wintypes.dll
0x00007ffb39e20000 - 0x00007ffb39f1a000 	C:\WINDOWS\System32\SHCORE.dll
0x00007ffb39a50000 - 0x00007ffb39aae000 	C:\WINDOWS\System32\shlwapi.dll
0x00007ffb389e0000 - 0x00007ffb38a0b000 	C:\WINDOWS\SYSTEM32\profapi.dll
0x00007ffaefff0000 - 0x00007ffaf0008000 	C:\Program Files\Java\jdk-17\bin\zip.dll
0x00007ffb206a0000 - 0x00007ffb206b9000 	C:\Program Files\Java\jdk-17\bin\net.dll
0x00007ffb33600000 - 0x00007ffb33736000 	C:\WINDOWS\SYSTEM32\WINHTTP.dll
0x00007ffb38060000 - 0x00007ffb380c9000 	C:\WINDOWS\system32\mswsock.dll
0x00007ffaf0010000 - 0x00007ffaf0026000 	C:\Program Files\Java\jdk-17\bin\nio.dll
0x00007ffade360000 - 0x00007ffade370000 	C:\Program Files\Java\jdk-17\bin\verify.dll
0x00007ffade330000 - 0x00007ffade357000 	C:\Users\DELL\.gradle\native\c067742578af261105cb4f569cf0c3c89f3d7b1fecec35dd04571415982c5e48\windows-amd64\native-platform.dll
0x00007ffaabdc0000 - 0x00007ffaabf04000 	C:\Users\DELL\.gradle\native\100fb08df4bc3b14c8652ba06237920a3bd2aa13389f12d3474272988ae205f9\windows-amd64\native-platform-file-events.dll
0x00007ffb20690000 - 0x00007ffb2069a000 	C:\Program Files\Java\jdk-17\bin\management.dll
0x00007ffaeffe0000 - 0x00007ffaeffeb000 	C:\Program Files\Java\jdk-17\bin\management_ext.dll
0x00007ffb382b0000 - 0x00007ffb382cb000 	C:\WINDOWS\SYSTEM32\CRYPTSP.dll
0x00007ffb37b10000 - 0x00007ffb37b45000 	C:\WINDOWS\system32\rsaenh.dll
0x00007ffb38150000 - 0x00007ffb38178000 	C:\WINDOWS\SYSTEM32\USERENV.dll
0x00007ffb382d0000 - 0x00007ffb382dc000 	C:\WINDOWS\SYSTEM32\CRYPTBASE.dll
0x00007ffb37590000 - 0x00007ffb375bd000 	C:\WINDOWS\SYSTEM32\IPHLPAPI.DLL
0x00007ffb39a30000 - 0x00007ffb39a39000 	C:\WINDOWS\System32\NSI.dll
0x00007ffb333f0000 - 0x00007ffb33409000 	C:\WINDOWS\SYSTEM32\dhcpcsvc6.DLL
0x00007ffb333d0000 - 0x00007ffb333ef000 	C:\WINDOWS\SYSTEM32\dhcpcsvc.DLL
0x00007ffb375c0000 - 0x00007ffb376c2000 	C:\WINDOWS\SYSTEM32\DNSAPI.dll
0x00007ffacc020000 - 0x00007ffacc02e000 	C:\Program Files\Java\jdk-17\bin\sunmscapi.dll
0x00007ffb39250000 - 0x00007ffb393b6000 	C:\WINDOWS\System32\CRYPT32.dll
0x00007ffb38470000 - 0x00007ffb3849d000 	C:\WINDOWS\SYSTEM32\ncrypt.dll
0x00007ffb38430000 - 0x00007ffb38467000 	C:\WINDOWS\SYSTEM32\NTASN1.dll
0x00007ffacbf20000 - 0x00007ffacbf28000 	C:\WINDOWS\system32\wshunix.dll
0x00007ffb15870000 - 0x00007ffb15887000 	C:\WINDOWS\system32\napinsp.dll
0x00007ffb15850000 - 0x00007ffb1586b000 	C:\WINDOWS\system32\pnrpnsp.dll
0x00007ffb15830000 - 0x00007ffb15841000 	C:\WINDOWS\System32\winrnr.dll
0x00007ffb09520000 - 0x00007ffb09535000 	C:\WINDOWS\system32\wshbth.dll
0x00007ffb07a40000 - 0x00007ffb07a67000 	C:\WINDOWS\system32\nlansp_c.dll
0x00007ffb32490000 - 0x00007ffb3249a000 	C:\Windows\System32\rasadhlp.dll
0x00007ffb32850000 - 0x00007ffb328d3000 	C:\WINDOWS\System32\fwpuclnt.dll
0x00007ffb307b0000 - 0x00007ffb307ce000 	C:\Users\DELL\AppData\Local\Temp\native-platform15574454312664371439dir\native-platform.dll
0x00007ffb307a0000 - 0x00007ffb307a7000 	C:\Program Files\Java\jdk-17\bin\rmi.dll
0x00007ffb37cf0000 - 0x00007ffb37d24000 	C:\WINDOWS\SYSTEM32\ntmarta.dll

dbghelp: loaded successfully - version: 4.0.5 - missing functions: none
symbol engine: initialized successfully - sym options: 0x614 - pdb path: .;C:\Program Files\Java\jdk-17\bin;C:\WINDOWS\SYSTEM32;C:\WINDOWS\WinSxS\amd64_microsoft.windows.common-controls_6595b64144ccf1df_6.0.22621.4541_none_2710d1c57384c085;C:\Program Files\Java\jdk-17\bin\server;C:\Users\DELL\.gradle\native\c067742578af261105cb4f569cf0c3c89f3d7b1fecec35dd04571415982c5e48\windows-amd64;C:\Users\DELL\.gradle\native\100fb08df4bc3b14c8652ba06237920a3bd2aa13389f12d3474272988ae205f9\windows-amd64;C:\Users\DELL\AppData\Local\Temp\native-platform15574454312664371439dir

VM Arguments:
jvm_args: -XX:MaxMetaspaceSize=512m --add-opens=java.base/java.util=ALL-UNNAMED --add-opens=java.base/java.lang=ALL-UNNAMED --add-opens=java.base/java.lang.invoke=ALL-UNNAMED --add-opens=java.prefs/java.util.prefs=ALL-UNNAMED --add-exports=jdk.compiler/com.sun.tools.javac.api=ALL-UNNAMED --add-exports=jdk.compiler/com.sun.tools.javac.util=ALL-UNNAMED --add-opens=java.base/java.nio.charset=ALL-UNNAMED --add-opens=java.base/java.net=ALL-UNNAMED --add-opens=java.base/java.util.concurrent.atomic=ALL-UNNAMED -Xmx2048m -Dfile.encoding=windows-1252 -Duser.country=IN -Duser.language=en -Duser.variant -javaagent:C:\Users\DELL\.gradle\wrapper\dists\gradle-8.10.2-all\7iv73wktx1xtkvlq19urqw1wm\gradle-8.10.2\lib\agents\gradle-instrumentation-agent-8.10.2.jar 
java_command: org.gradle.launcher.daemon.bootstrap.GradleDaemon 8.10.2
java_class_path (initial): C:\Users\DELL\.gradle\wrapper\dists\gradle-8.10.2-all\7iv73wktx1xtkvlq19urqw1wm\gradle-8.10.2\lib\gradle-daemon-main-8.10.2.jar
Launcher Type: SUN_STANDARD

[Global flags]
     intx CICompilerCount                          = 4                                         {product} {ergonomic}
   size_t CompressedClassSpaceSize                 = 436207616                                 {product} {ergonomic}
     uint ConcGCThreads                            = 2                                         {product} {ergonomic}
     uint G1ConcRefinementThreads                  = 8                                         {product} {ergonomic}
   size_t G1HeapRegionSize                         = 1048576                                   {product} {ergonomic}
    uintx GCDrainStackTargetSize                   = 64                                        {product} {ergonomic}
   size_t InitialHeapSize                          = 130023424                                 {product} {ergonomic}
   size_t MarkStackSize                            = 4194304                                   {product} {ergonomic}
   size_t MaxHeapSize                              = 2147483648                                {product} {command line}
   size_t MaxMetaspaceSize                         = 536870912                                 {product} {command line}
   size_t MaxNewSize                               = 1287651328                                {product} {ergonomic}
   size_t MinHeapDeltaBytes                        = 1048576                                   {product} {ergonomic}
   size_t MinHeapSize                              = 8388608                                   {product} {ergonomic}
    uintx NonNMethodCodeHeapSize                   = 5839372                                {pd product} {ergonomic}
    uintx NonProfiledCodeHeapSize                  = 122909434                              {pd product} {ergonomic}
    uintx ProfiledCodeHeapSize                     = 122909434                              {pd product} {ergonomic}
    uintx ReservedCodeCacheSize                    = 251658240                              {pd product} {ergonomic}
     bool SegmentedCodeCache                       = true                                      {product} {ergonomic}
   size_t SoftMaxHeapSize                          = 2147483648                             {manageable} {ergonomic}
     bool UseCompressedClassPointers               = true                           {product lp64_product} {ergonomic}
     bool UseCompressedOops                        = true                           {product lp64_product} {ergonomic}
     bool UseG1GC                                  = true                                      {product} {ergonomic}
     bool UseLargePagesIndividualAllocation        = false                                  {pd product} {ergonomic}

Logging:
Log output configuration:
 #0: stdout all=warning uptime,level,tags
 #1: stderr all=off uptime,level,tags

Environment Variables:
JAVA_HOME=C:\Program Files\Java\jdk-17
CLASSPATH=C:\Users\DELL\mobile-App-v4\android\\gradle\wrapper\gradle-wrapper.jar
PATH=C:\Users\DELL\mobile-App-v4\node_modules\.bin;C:\Users\DELL\mobile-App-v4\node_modules\.bin;C:\Users\DELL\node_modules\.bin;C:\Users\node_modules\.bin;C:\node_modules\.bin;C:\Users\DELL\AppData\Roaming\npm\node_modules\npm\node_modules\@npmcli\run-script\lib\node-gyp-bin;C:\Program Files\FireDaemon OpenSSL 3\bin\;C:\Program Files\Microsoft\jdk-17.0.11.9-hotspot\bin;C:\Program Files\Microsoft\jdk-11.0.23.9-hotspot\bin;C:\Program Files\OpenLogic\jdk-11.0.23.9-hotspot\bin;C:\Program Files\Common Files\Oracle\Java\javapath;C:\Python312\Scripts\;C:\Python312\;C:\Program Files\Python311\Scripts\;C:\Program Files\Python311\;C:\Windows\system32;C:\Windows;C:\Windows\System32\Wbem;C:\Windows\System32\WindowsPowerShell\v1.0\;C:\Windows\System32\OpenSSH\;C:\Program Files\NVIDIA Corporation\NVIDIA NvDLISR;C:\Program Files\dotnet\;C:\Program Files (x86)\NVIDIA Corporation\PhysX\Common;C:\WINDOWS\system32;C:\WINDOWS;C:\WINDOWS\System32\Wbem;C:\WINDOWS\System32\WindowsPowerShell\v1.0\;C:\WINDOWS\System32\OpenSSH\;C:\MinGW\bin;C:\ProgramData\chocolatey\bin;C:\Program Files\Git\cmd;C:\xampp\php;C:\ProgramData\ComposerSetup\bin;C:\Users\DELL\anaconda3;C:\Users\DELL\anaconda3\Scripts;C:\Users\DELL\AppData\Roaming\nvm;C:\Users\DELL\AppData\Local\Android\Sdk;C:\Users\DELL\AppData\Local\Android\Sdk\platform-tools;C:\Program Files\Docker\Docker\resources\bin;D:\Download Folder\sratoolkit.current-win64\sratoolkit.3.1.1-win64\bin;D:\Download Folder\v0.12.1 source code\s-andrews-FastQC-e7ef390;D:\Download Folder\fastqc_v0.12.1\FastQC;C:\Users\DELL\FastQC;C:\Users\DELL\AppData\Local\Android\Sdk\cmake\3.22.1\bin;C:\Users\DELL\AppData\Local\Android\Sdk\ndk\26.1.10909125;C:\Program Files\MongoDB\Server\8.0\bin;C:\Users\DELL\AppData\Local\Programs\mongosh;C:\Program Files\nodejs\;C:\Users\DELL\AppData\Local\Microsoft\WindowsApps;C:\Users\DELL\AppData\Local\Programs\Microsoft VS Code\bin;C:\Users\DELL\AppData\Roaming\Composer\vendor\bin;C:\Users\DELL\AppData\Local\Programs\MiKTeX\miktex\bin\x64\
USERNAME=DELL
OS=Windows_NT
PROCESSOR_IDENTIFIER=Intel64 Family 6 Model 140 Stepping 1, GenuineIntel



---------------  S Y S T E M  ---------------

OS:
 Windows 11 , 64 bit Build 22621 (10.0.22621.4391)
OS uptime: 0 days 2:53 hours
Hyper-V role detected

CPU: total 8 (initial active 8) (4 cores per cpu, 2 threads per core) family 6 model 140 stepping 1 microcode 0xb8, cx8, cmov, fxsr, ht, mmx, 3dnowpref, sse, sse2, sse3, ssse3, sse4.1, sse4.2, popcnt, lzcnt, tsc, tscinvbit, avx, avx2, aes, erms, clmul, bmi1, bmi2, adx, avx512f, avx512dq, avx512cd, avx512bw, avx512vl, sha, fma, vzeroupper, avx512_vpopcntdq, avx512_vpclmulqdq, avx512_vaes, avx512_vnni, clflush, clflushopt, clwb, avx512_vbmi2, avx512_vbmi, hv

Memory: 4k page, system-wide physical 7926M (207M free)
TotalPageFile size 17899M (AvailPageFile size 164M)
current process WorkingSet (physical memory assigned to process): 478M, peak: 1249M
current process commit charge ("private bytes"): 1485M, peak: 1755M

vm_info: Java HotSpot(TM) 64-Bit Server VM (17.0.11+7-LTS-207) for windows-amd64 JRE (17.0.11+7-LTS-207), built on Mar 11 2024 19:01:50 by "mach5one" with MS VC++ 17.6 (VS2022)

END.
